SET SQL_MODE="NO_AUTO_VALUE_ON_ZERO";

CREATE TABLE IF NOT EXISTS `Conteudo` (
  `Cod_Conteudo` int(10) unsigned NOT NULL AUTO_INCREMENT,
  `Desc_Conteudo` varchar(80) DEFAULT NULL,
  PRIMARY KEY (`Cod_Conteudo`)
) ENGINE=MyISAM  DEFAULT CHARSET=latin1 AUTO_INCREMENT=112 ;

CREATE TABLE IF NOT EXISTS `Determinador` (
  `Cod_Determinador` int(10) unsigned NOT NULL AUTO_INCREMENT,
  `Nome_Determinador` varchar(100) DEFAULT NULL,
  PRIMARY KEY (`Cod_Determinador`)
) ENGINE=MyISAM  DEFAULT CHARSET=latin1 AUTO_INCREMENT=51 ;

CREATE TABLE IF NOT EXISTS `Especie` (
  `Cod_Especie` int(10) unsigned NOT NULL AUTO_INCREMENT,
  `Nome_Especie` varchar(100) DEFAULT NULL,
  PRIMARY KEY (`Cod_Especie`)
) ENGINE=MyISAM  DEFAULT CHARSET=latin1 AUTO_INCREMENT=68 ;

CREATE TABLE IF NOT EXISTS `Familia` (
  `Cod_Familia` int(10) unsigned NOT NULL AUTO_INCREMENT,
  `Nome_Familia` varchar(100) DEFAULT NULL,
  PRIMARY KEY (`Cod_Familia`)
) ENGINE=MyISAM  DEFAULT CHARSET=latin1 AUTO_INCREMENT=28 ;

CREATE TABLE IF NOT EXISTS `Referencia` (
  `Cod_Referencia` int(10) unsigned NOT NULL AUTO_INCREMENT,
  `Nome_Referencia` varchar(50) DEFAULT NULL,
  `Nome_Completo_Referencia` varchar(150) DEFAULT NULL,
  `Desc_Endereco_Site` varchar(200) DEFAULT NULL,
  PRIMARY KEY (`Cod_Referencia`)
) ENGINE=MyISAM  DEFAULT CHARSET=latin1 AUTO_INCREMENT=28 ;

CREATE TABLE IF NOT EXISTS `Fonte` (
  `Cod_Fonte` int(10) unsigned NOT NULL DEFAULT '0',
  `Cod_Referencia` int(10) unsigned NOT NULL DEFAULT '0',
  `Desc_Num_Fonte` varchar(50) DEFAULT NULL,
  `Desc_Obs_Fonte` text,
  PRIMARY KEY (`Cod_Fonte`),
  FOREIGN KEY (`Cod_Referencia`) REFERENCES `Referencia`(`Cod_Referencia`)
) ENGINE=MyISAM DEFAULT CHARSET=latin1;

CREATE TABLE IF NOT EXISTS `Genero` (
  `Cod_Genero` int(10) unsigned NOT NULL AUTO_INCREMENT,
  `Nome_Genero` varchar(100) DEFAULT NULL,
  PRIMARY KEY (`Cod_Genero`)
) ENGINE=MyISAM  DEFAULT CHARSET=latin1 AUTO_INCREMENT=78 ;

CREATE TABLE IF NOT EXISTS `Item` (
  `Cod_Item` int(10) unsigned NOT NULL DEFAULT '0',
  `Nome_Item` varchar(200) DEFAULT NULL,
  `Cod_Item_Pai` int(10) unsigned DEFAULT NULL,
  `Cod_Nivel_Item` int(10) unsigned DEFAULT NULL,
  `Cod_Tipo_Item` char(3) DEFAULT NULL,
  `Num_Parte_Inteira` decimal(8,0) DEFAULT NULL,
  `Num_Parte_Decimal` decimal(2,0) DEFAULT NULL,
  `Desc_Unidade_Medida` varchar(50) DEFAULT NULL,
  `Ind_Exibir_Ficha` tinyint(1) unsigned DEFAULT NULL,
  `Cod_Tipo_Pesquisa` char(3) DEFAULT NULL,
  `Num_Ordem_Item` int(10) unsigned DEFAULT NULL,
  `Desc_Obs_Item` text,
  `Cod_Status_Item` char(1) DEFAULT NULL,
  `Ind_Exibir_Pesquisa` tinyint(1) unsigned DEFAULT NULL,
  `Cod_Tipo_Parametro` char(3) DEFAULT NULL,
  PRIMARY KEY (`Cod_Item`)
) ENGINE=MyISAM DEFAULT CHARSET=latin1;

CREATE TABLE IF NOT EXISTS `Tipo_Foto` (
  `Cod_Tipo_Foto` int(10) unsigned NOT NULL AUTO_INCREMENT,
  `Desc_Tipo_Foto` varchar(100) DEFAULT NULL,
  `Num_Ordem_Tipo_Foto` int(10) unsigned DEFAULT NULL,
  PRIMARY KEY (`Cod_Tipo_Foto`)
) ENGINE=MyISAM  DEFAULT CHARSET=latin1 AUTO_INCREMENT=5 ;

CREATE TABLE IF NOT EXISTS `Tipo_Ocorrencia` (
  `Cod_Tipo_Ocorrencia` int(10) unsigned NOT NULL AUTO_INCREMENT,
  `Desc_Tipo_Ocorrencia` varchar(80) DEFAULT NULL,
  PRIMARY KEY (`Cod_Tipo_Ocorrencia`)
) ENGINE=MyISAM  DEFAULT CHARSET=latin1 AUTO_INCREMENT=6 ;

CREATE TABLE IF NOT EXISTS `Madeira` (
  `Cod_Madeira` int(10) unsigned NOT NULL DEFAULT '0',
  `Data_Cadastro` date DEFAULT NULL,
  `Desc_Obs_Madeira` text,
  `Desc_Obs_Ocorrencia` text,
  `Desc_Obs_Nome_Cientifico` text,
  `Cod_Status_Madeira` char(1) DEFAULT NULL,
  PRIMARY KEY (`Cod_Madeira`)
) ENGINE=MyISAM DEFAULT CHARSET=latin1;

CREATE TABLE IF NOT EXISTS `Item_Conteudo` (
  `Cod_Item` int(10) unsigned NOT NULL DEFAULT '0',
  `Cod_Conteudo` int(10) unsigned NOT NULL DEFAULT '0',
  PRIMARY KEY (`Cod_Item`,`Cod_Conteudo`),
  FOREIGN KEY (`Cod_Item`) REFERENCES `Item`(`Cod_Item`),
  FOREIGN KEY (`Cod_Conteudo`) REFERENCES `Conteudo`(`Cod_Conteudo`)
) ENGINE=MyISAM DEFAULT CHARSET=latin1;

CREATE TABLE IF NOT EXISTS `Madeira_Foto` (
  `Cod_Madeira` int(10) unsigned NOT NULL DEFAULT '0',
  `Cod_Foto` int(10) unsigned NOT NULL DEFAULT '0',
  `Nome_Arquivo_Foto` varchar(100) DEFAULT NULL,
  `Cod_Tipo_Foto` int(10) unsigned DEFAULT NULL,
  `Desc_Obs_Foto` varchar(200) DEFAULT NULL,
  `Nome_Arquivo_Zoom` varchar(100) DEFAULT NULL,
  PRIMARY KEY (`Cod_Madeira`,`Cod_Foto`),
  FOREIGN KEY (`Cod_Madeira`) REFERENCES `Madeira`(`Cod_Madeira`),
  FOREIGN KEY (`Cod_Tipo_Foto`) REFERENCES `Tipo_Foto`(`Cod_Tipo_Foto`)
) ENGINE=MyISAM DEFAULT CHARSET=latin1;

CREATE TABLE IF NOT EXISTS `Madeira_Item` (
  `Cod_Madeira` int(10) unsigned NOT NULL DEFAULT '0',
  `Cod_Item` int(10) unsigned NOT NULL DEFAULT '0',
  `Num_Linha` int(10) unsigned NOT NULL DEFAULT '0',
  `Desc_Item` text,
  `Valor_Inteiro` decimal(8,0) DEFAULT NULL,
  `Valor_Decimal` decimal(2,0) DEFAULT NULL,
  `Cod_Conteudo` int(10) unsigned DEFAULT NULL,
  PRIMARY KEY (`Cod_Madeira`,`Cod_Item`,`Num_Linha`),
  FOREIGN KEY (`Cod_Madeira`) REFERENCES `Madeira`(`Cod_Madeira`),
  FOREIGN KEY (`Cod_Item`) REFERENCES `Item`(`Cod_Item`)
) ENGINE=MyISAM DEFAULT CHARSET=latin1;

CREATE TABLE IF NOT EXISTS `Madeira_Item_Fonte` (
  `Cod_Madeira` int(10) unsigned NOT NULL DEFAULT '0',
  `Cod_Item` int(10) unsigned NOT NULL DEFAULT '0',
  `Num_Linha` int(10) unsigned NOT NULL DEFAULT '0',
  `Num_Ordem_Fonte` int(10) unsigned NOT NULL DEFAULT '0',
  `Cod_Fonte` int(10) unsigned DEFAULT NULL,
  PRIMARY KEY (`Cod_Madeira`,`Cod_Item`,`Num_Linha`,`Num_Ordem_Fonte`),
  FOREIGN KEY (`Cod_Madeira`) REFERENCES `Madeira`(`Cod_Madeira`),
  FOREIGN KEY (`Cod_Item`) REFERENCES `Item`(`Cod_Item`),
  FOREIGN KEY (`Cod_Fonte`) REFERENCES `Fonte`(`Cod_Fonte`)
) ENGINE=MyISAM DEFAULT CHARSET=latin1;

CREATE TABLE IF NOT EXISTS `Madeira_Item_Observacao` (
  `Cod_Madeira` int(10) unsigned NOT NULL DEFAULT '0',
  `Cod_Item` int(10) unsigned NOT NULL DEFAULT '0',
  `Num_Linha` int(10) unsigned NOT NULL DEFAULT '0',
  `Num_Obs` int(10) unsigned NOT NULL DEFAULT '0',
  `Desc_Obs` text,
  PRIMARY KEY (`Cod_Madeira`,`Cod_Item`,`Num_Linha`,`Num_Obs`),
  FOREIGN KEY (`Cod_Madeira`) REFERENCES `Madeira`(`Cod_Madeira`),
  FOREIGN KEY (`Cod_Item`) REFERENCES `Item`(`Cod_Item`)
) ENGINE=MyISAM DEFAULT CHARSET=latin1;

CREATE TABLE IF NOT EXISTS `Madeira_Item_Obs_Fonte` (
  `Cod_Madeira` int(10) unsigned NOT NULL DEFAULT '0',
  `Cod_Item` int(10) unsigned NOT NULL DEFAULT '0',
  `Num_Linha` int(10) unsigned NOT NULL DEFAULT '0',
  `Num_Obs` int(10) unsigned NOT NULL DEFAULT '0',
  `Num_Ordem_Fonte` int(10) unsigned NOT NULL DEFAULT '0',
  `Cod_Fonte` int(10) unsigned DEFAULT NULL,
  PRIMARY KEY (`Cod_Madeira`,`Cod_Item`,`Num_Linha`,`Num_Obs`,`Num_Ordem_Fonte`),
  FOREIGN KEY (`Cod_Madeira`) REFERENCES `Madeira`(`Cod_Madeira`),
  FOREIGN KEY (`Cod_Item`) REFERENCES `Item`(`Cod_Item`),
  FOREIGN KEY (`Cod_Fonte`) REFERENCES `Fonte`(`Cod_Fonte`)
) ENGINE=MyISAM DEFAULT CHARSET=latin1;

CREATE TABLE IF NOT EXISTS `Madeira_Nome_Cientifico` (
  `Cod_Madeira` int(10) unsigned NOT NULL DEFAULT '0',
  `Cod_Nome_Cientifico` int(10) unsigned NOT NULL DEFAULT '0',
  `Cod_Familia` int(10) unsigned DEFAULT NULL,
  `Cod_Genero` int(10) unsigned DEFAULT NULL,
  `Cod_Especie` int(10) unsigned DEFAULT NULL,
  `Cod_Determinador` int(10) unsigned DEFAULT NULL,
  PRIMARY KEY (`Cod_Madeira`,`Cod_Nome_Cientifico`),
  FOREIGN KEY (`Cod_Madeira`) REFERENCES `Madeira`(`Cod_Madeira`),
  FOREIGN KEY (`Cod_Familia`) REFERENCES `Familia`(`Cod_Familia`),
  FOREIGN KEY (`Cod_Genero`) REFERENCES `Genero`(`Cod_Genero`),
  FOREIGN KEY (`Cod_Especie`) REFERENCES `Especie`(`Cod_Especie`),
  FOREIGN KEY (`Cod_Determinador`) REFERENCES `Determinador`(`Cod_Determinador`)
) ENGINE=MyISAM DEFAULT CHARSET=latin1;

CREATE TABLE IF NOT EXISTS `Madeira_Nome_Internacional` (
  `Cod_Madeira` int(10) unsigned NOT NULL DEFAULT '0',
  `Cod_Nome_Internacional` int(10) unsigned NOT NULL DEFAULT '0',
  `Nome_Internacional` varchar(80) DEFAULT NULL,
  PRIMARY KEY (`Cod_Madeira`, `Cod_Nome_Internacional`),
  FOREIGN KEY (`Cod_Madeira`) REFERENCES `Madeira`(`Cod_Madeira`)
) ENGINE=MyISAM DEFAULT CHARSET=latin1;

CREATE TABLE IF NOT EXISTS `Madeira_Nome_Intern_Fonte` (
  `Cod_Madeira` int(10) unsigned NOT NULL DEFAULT '0',
  `Cod_Nome_Internacional` int(10) unsigned NOT NULL DEFAULT '0',
  `Num_Ordem_Fonte` int(10) unsigned NOT NULL DEFAULT '0',
  `Cod_Fonte` int(10) unsigned DEFAULT NULL,
  PRIMARY KEY (`Cod_Madeira`,`Cod_Nome_Internacional`,`Num_Ordem_Fonte`),
  FOREIGN KEY (`Cod_Madeira`, `Cod_Nome_Internacional`) REFERENCES `Madeira_Nome_Internacional`(`Cod_Madeira`, `Cod_Nome_Internacional`),
  FOREIGN KEY (`Cod_Fonte`) REFERENCES `Fonte`(`Cod_Fonte`)
) ENGINE=MyISAM DEFAULT CHARSET=latin1;

CREATE TABLE IF NOT EXISTS `Ocorrencia` (
  `Cod_Ocorrencia` int(10) unsigned NOT NULL AUTO_INCREMENT,
  `Nome_Ocorrencia` varchar(80) DEFAULT NULL,
  `Cod_Tipo_Ocorrencia` int(10) unsigned DEFAULT NULL,
  `Cod_Origem` char(1) DEFAULT NULL,
  PRIMARY KEY (`Cod_Ocorrencia`),
  FOREIGN KEY (`Cod_Tipo_Ocorrencia`) REFERENCES `Tipo_Ocorrencia`(`Cod_Tipo_Ocorrencia`)
) ENGINE=MyISAM  DEFAULT CHARSET=latin1 AUTO_INCREMENT=243;

CREATE TABLE IF NOT EXISTS `Madeira_Nome_Intern_Ocorr` (
  `Cod_Madeira` int(10) unsigned NOT NULL DEFAULT '0',
  `Cod_Nome_Internacional` int(10) unsigned NOT NULL DEFAULT '0',
  `Cod_Ocorrencia` int(10) unsigned NOT NULL DEFAULT '0',
  PRIMARY KEY (`Cod_Madeira`,`Cod_Nome_Internacional`,`Cod_Ocorrencia`),
  FOREIGN KEY (`Cod_Madeira`, `Cod_Nome_Internacional`) REFERENCES `Madeira_Nome_Internacional`(`Cod_Madeira`, `Cod_Nome_Internacional`),
  FOREIGN KEY (`Cod_Ocorrencia`) REFERENCES `Ocorrencia`(`Cod_Ocorrencia`)
) ENGINE=MyISAM DEFAULT CHARSET=latin1;

CREATE TABLE IF NOT EXISTS `Madeira_Nome_Popular` (
  `Cod_Madeira` int(10) unsigned NOT NULL DEFAULT '0',
  `Cod_Nome_Popular` int(10) unsigned NOT NULL DEFAULT '0',
  `Nome_Popular` varchar(100) DEFAULT NULL,
  `Ind_Nome_Principal` tinyint(1) DEFAULT NULL,
  PRIMARY KEY (`Cod_Madeira`,`Cod_Nome_Popular`),
  FOREIGN KEY (`Cod_Madeira`) REFERENCES `Madeira`(`Cod_Madeira`)
) ENGINE=MyISAM DEFAULT CHARSET=latin1;

CREATE TABLE IF NOT EXISTS `Madeira_Ocorrencia` (
  `Cod_Madeira` int(10) unsigned NOT NULL DEFAULT '0',
  `Cod_Ocorrencia` int(10) unsigned NOT NULL DEFAULT '0',
  PRIMARY KEY (`Cod_Madeira`,`Cod_Ocorrencia`),
  FOREIGN KEY (`Cod_Madeira`) REFERENCES `Madeira`(`Cod_Madeira`),
  FOREIGN KEY (`Cod_Ocorrencia`) REFERENCES `Ocorrencia`(`Cod_Ocorrencia`)
) ENGINE=MyISAM DEFAULT CHARSET=latin1;

INSERT INTO `Conteudo` (`Cod_Conteudo`, `Desc_Conteudo`) VALUES
(1, 'durável'),
(2, 'não durável'),
(3, 'artigos de esporte e brinquedos'),
(4, 'bobinas e carretéis'),
(5, 'cabos de ferramentas'),
(6, 'cabos de vassoura'),
(7, 'cabos para cutelaria'),
(8, 'chapas compensadas'),
(9, 'coronhas de armas de fogo'),
(10, 'decoração e adorno'),
(11, 'decoração e adorno (escultura e entalhe)'),
(12, 'degrau de escadas singelas ou extensíveis'),
(13, 'embalagens'),
(14, 'embarcações'),
(15, 'embarcações (coberturas, pisos, forros)'),
(16, 'embarcações (quilhas, convés, costados e cavernas)'),
(17, 'implementos agrícolas'),
(18, 'instrumentos musicais (arcos de violinos)'),
(19, 'instrumentos musicais (marimbas)'),
(20, 'instrumentos musicais ou parte deles'),
(21, 'lâminas'),
(22, 'lâminas de utilidade geral'),
(23, 'lâminas decorativas'),
(24, 'lápis'),
(25, 'metro para medições'),
(26, 'moldes e modelos'),
(27, 'molduras para quadros'),
(28, 'montantes de escadas singelas ou extensíveis'),
(29, 'palitos'),
(30, 'peças encurvadas ou curvadas'),
(31, 'peças torneadas'),
(32, 'pincéis'),
(33, 'saltos para calçados'),
(34, 'tacos de bilhar'),
(35, 'tamancos'),
(36, 'tanoaria'),
(37, 'transporte'),
(38, 'urnas funerárias'),
(39, 'utensílios domésticos'),
(40, 'utensílios geral'),
(41, 'balcão'),
(42, 'batentes'),
(43, 'caibros'),
(44, 'caixilhos'),
(45, 'carteiras escolares'),
(46, 'cordões'),
(47, 'cruzetas'),
(48, 'defensas'),
(49, 'degraus de escada'),
(50, 'dormentes ferroviários'),
(51, 'escoras'),
(52, 'estacas'),
(53, 'esteios'),
(54, 'estruturas de móveis'),
(55, 'forros'),
(56, 'guarnições'),
(57, 'janelas'),
(58, 'lambris'),
(59, 'Madeiramento de currais'),
(60, 'molduras'),
(61, 'mourões'),
(62, 'móveis decorativos'),
(63, 'móveis estândar'),
(64, 'móveis finos'),
(65, 'móveis rústicos'),
(66, 'obras portuárias, piers'),
(67, 'painéis'),
(68, 'parquetes'),
(69, 'partes decorativas de móveis'),
(70, 'partes internas de móveis inclusive daqueles decorativos'),
(71, 'partes secundárias de estruturas'),
(72, 'persianas'),
(73, 'pontes'),
(74, 'portas'),
(75, 'postes'),
(76, 'revestimento (lâmina) de móveis decorativos'),
(77, 'revestimento de portas'),
(78, 'ripas'),
(79, 'rodapés'),
(80, 'tábuas'),
(81, 'tacos'),
(82, 'tampos de mesa'),
(83, 'tesouras'),
(84, 'treliças'),
(85, 'venezianas'),
(86, 'vigamento de pontes'),
(87, 'partes decorativas de móveis (puxadores, entalhes)'),
(88, 'pontaletes'),
(89, 'andaimes'),
(90, 'fôrmas para concreto'),
(91, 'vigas'),
(92, 'esbranquiçada'),
(93, 'esbranquiçada amarelada'),
(94, 'acastanhada'),
(95, 'amarelada'),
(96, 'avermelhada'),
(97, 'parda'),
(98, 'arroxeada'),
(99, 'enegrecida'),
(100, 'listada'),
(101, 'imperceptível'),
(102, 'agradável'),
(103, 'desagradável'),
(104, 'tratável'),
(105, 'não tratável'),
(106, 'revestimento decorativo'),
(107, 'castanha-amarelada'),
(108, 'embarcações (convés)'),
(109, 'fácil'),
(110, 'regular'),
(111, 'difícil');

INSERT INTO `Determinador` (`Cod_Determinador`, `Nome_Determinador`) VALUES
(1, 'Mart.'),
(2, 'L.'),
(3, 'Ducke'),
(4, 'Engelm.'),
(5, 'Warm'),
(6, '(Aublet.) Willd.'),
(7, 'Aubl.'),
(8, 'Hook.'),
(9, 'W. Hill ex Maiden.'),
(10, '(Warm.) Marc.-Berti'),
(11, 'H.B.K.'),
(12, '(L.) D. Don ex Steud.'),
(13, '(Benth.) Brenan'),
(14, '(L.) Harms.'),
(15, '(Ducke) Ducke'),
(16, '(Mart. & Eichler) Pierre'),
(17, '(Benth.) Benth.'),
(18, 'Huber'),
(19, '(J. Vogel) J. F. Macbr.'),
(20, 'Pires'),
(21, '(Nees & C. Mart.) Barroso'),
(22, '(Meisn.) Taub. ex Mez.'),
(23, 'Cambess.'),
(24, '(Mez) C. K. Allen'),
(25, 'Harms'),
(26, 'King.'),
(27, 'Ruiz & Pav.'),
(28, '(Aubl.) D. Don'),
(29, 'Müll. Arg.'),
(30, '(Bertol.) Kuntze'),
(31, 'Benth. ex Müll. Arg'),
(32, 'Benth.'),
(33, 'Allemão'),
(34, 'W.Hancock ex Engl.'),
(35, '(Allemão) A.C.Sm.'),
(36, 'Sm.'),
(37, 'A.Cunn. ex R.Br.'),
(38, '(Spreng) Taub'),
(39, '(Miers) S. A. Mori'),
(40, '(Vell.) Arráb. Ex Steud.'),
(41, '(Aubl.) Pers.'),
(42, '(Engl.) Engl.'),
(43, '(Record & Mell) Kuhlm.'),
(44, '(L.) Gaertn.'),
(45, 'L.f.'),
(46, '(DC.) G.P.Lewis & M.P.Lima'),
(47, '(Huber) Cuatrec.'),
(48, 'Miq.'),
(49, '(J.F. Gmel.) Exell'),
(50, 'Hill & Johnson');

INSERT INTO `Especie` (`Cod_Especie`, `Nome_Especie`) VALUES
(1, 'burserifolia'),
(2, 'crepitans'),
(3, 'parinarioides'),
(4, 'spp.'),
(5, 'elliottii'),
(6, 'petraeum'),
(7, 'uncinatum'),
(8, 'odorata'),
(9, 'glabra'),
(10, 'citriodora'),
(11, 'grandis'),
(12, 'albiflora'),
(13, 'excelsa'),
(14, 'tinctoria'),
(15, 'guianensis'),
(16, 'macrocarpa'),
(17, 'insignis'),
(18, 'balsamum'),
(19, 'cateniformis'),
(20, 'venulosa'),
(21, 'schomburgkii'),
(22, 'goeldiana'),
(23, 'leiocarpa'),
(24, 'pachycarpa'),
(25, 'porosa'),
(26, 'itauba'),
(27, 'brasiliense'),
(28, 'montana'),
(29, 'rubra'),
(30, 'ulei'),
(31, 'amara'),
(32, 'macrophylla'),
(33, 'lecointei'),
(34, 'paraense'),
(35, 'racemosa'),
(36, 'copaia'),
(37, 'paraensis'),
(38, 'polyneuron'),
(39, 'angustifolia'),
(40, 'rigida'),
(41, 'desmanthum'),
(42, 'scabrella'),
(43, 'frondosus'),
(44, 'giganteum'),
(45, 'cearensis'),
(46, 'azedarach'),
(47, 'saligna'),
(48, 'sp.'),
(49, 'robusta'),
(50, 'dubium'),
(51, 'foliolosa'),
(52, 'lurida'),
(53, 'trichotoma'),
(54, 'glabrum'),
(55, 'grandiflora'),
(56, 'riedelianum'),
(57, 'peroba'),
(58, 'villosum'),
(59, 'pentandra'),
(60, 'maximum'),
(61, 'myrmecophilla'),
(62, 'psilostachya'),
(63, 'uchi'),
(64, 'suaveolens'),
(65, 'vogelianum'),
(66, 'huberi'),
(67, 'amazonia');

INSERT INTO `Familia` (`Cod_Familia`, `Nome_Familia`) VALUES
(1, 'Burseraceae'),
(2, 'Euphorbiaceae'),
(3, 'Moraceae'),
(4, 'Lecythidaceae'),
(5, 'Sapotaceae'),
(6, 'Leguminosae'),
(7, 'Pinaceae'),
(8, 'Vochysiaceae'),
(9, 'Myrtaceae'),
(10, 'Goupiaceae'),
(11, 'Meliaceae'),
(12, 'Guttiferae'),
(13, 'Boraginaceae'),
(14, 'Lauraceae'),
(15, 'Bignoniaceae'),
(16, 'Proteaceae'),
(17, 'Simaroubaceae'),
(18, 'Anacardiaceae'),
(19, 'Rutaceae'),
(20, 'Apocynaceae'),
(21, 'Araucariaceae'),
(22, 'Chrysobalanaceae'),
(23, 'Caryocaraceae'),
(24, 'Bombacaceae'),
(25, 'Combretaceae'),
(26, 'Verbenaceae'),
(27, 'Humiriaceae');

INSERT INTO `Referencia` (`Cod_Referencia`, `Nome_Referencia`, `Nome_Completo_Referencia`, `Desc_Endereco_Site`) VALUES
(1, 'IPT', 'Instituto de Pesquisas Tecnológicas do Estado de São Paulo - IPT', 'www.ipt.br'),
(2, 'ATIBT', 'Association Technique Internationale des Bois Tropicaux', 'www.atibt.com'),
(3, 'BSI', 'British Standards Institution', 'www.bsi-global.com'),
(4, 'Berni et al.', 'Berni, C. A.; Bolza, E.; Christensen, F.J.', ''),
(5, 'Chudnoff', 'Chudnoff, M.', ''),
(6, 'CTFT/INPA', 'Centre Technique Forestier Tropical - CTFT / Instituto Nacional de Pesquisas da Amazônia - INPA', ''),
(7, 'IBAMA', 'Instituto Brasileiro do Meio Ambiente e dos Recursos Naturais Renováveis - IBAMA', 'www.ibama.gov.br'),
(8, 'Jankowsky', 'Jankowsky, I. P. (Coord.)', ''),
(9, 'SUDAM/IPT', 'Superintendência do Desenvolvimento da Amazônia - SUDAM/Instituto de Pesquisas Tecnológicas do Estado de São Paulo - IPT', ''),
(10, 'IBDF', 'Instituto Brasilleiro de Desenvolvimento Florestal - IBDF', ''),
(11, 'INPA', 'Instituto Nacional de Pesquisas da Amazônia - INPA', 'www.inpa.gov.br'),
(12, 'Jesus et al.', 'Jesus, M. A.; Morais, J. W.; Abreu, R. L. S.; Cardias, M. F. C.', ''),
(13, 'Fosco Mucci et al.', 'Fosco Mucci, E. S.; LOPEZ, G. A. C.; Montagna, R. G.', ''),
(14, 'Lopez', 'Lopez, G. A. C.', NULL),
(15, 'Angyalossy-Alfonso', 'Angyalossy-Alfonso, V.', ''),
(16, 'Silva', NULL, NULL),
(17, 'Brito Neto et al.', NULL, NULL),
(18, 'IPT/SCTDE', 'Instituto de Pesquisas Tecnológicas do Estado de São Paulo - IPT / Secretaria da Ciência, Tecnologia e Desenvolvimento Econômico -  SCTDE', ''),
(19, 'Abreu & Silva', 'Abreu, R. L. S.; Silva, K. E. S.', ''),
(20, 'Lepage', 'Lepage, E. S.', NULL),
(21, 'Brazolin & Tomazello', 'Brazolin, S.; Tomazello Filho, M.', NULL),
(22, 'Brotero', 'Brotero, F.A.', ''),
(23, 'Mainieri', 'Mainieri, C.', ''),
(24, 'Prospect', 'Prospect 2.1 for Windows', ''),
(25, 'Camargos  et  al.', 'Camargos, J.A.C.; Coradin, V.T.R; Czarneski, C.M.; Oliveira, D. de; Meguerditchian, I.', ''),
(26, 'CIRAD', '', ''),
(27, 'Flynn Jr. & Holder', 'Flynn Jr., J.H. & Holder, C.D.', '');

INSERT INTO `Fonte` (`Cod_Fonte`, `Cod_Referencia`, `Desc_Num_Fonte`, `Desc_Obs_Fonte`) VALUES
(1, 1, '1983', '<STRONG>Manual de identificação das principais madeiras comerciais brasileiras.</STRONG> São Paulo: IPT, 1983. 241p. (publicação IPT No 1226).'),
(2, 2, '1982', '<B>Nomenclature Générale des Bois Tropicaux.</B> Paris: ATIBT, 1982. 213p.\0'),
(3, 3, '1991', '<B>British Standard Nomenclature of Comercial Timbers Including Sources of Supply.</B> BS 7359. London: BSI, 1991. 152p.\0'),
(4, 4, '1979', '<B>South American Timbers - The Caracteristics, Properties and Uses of 190 Species. </B> CSIRO, 1979.\0'),
(5, 5, '1979', '<B>Tropical Timbers of the World.</B>  Madison: USDA Forest Service, 1979. 826p.\0'),
(6, 1, '1989a', '<B>Fichas de Características das Madeiras Brasileiras.</B> 2a ed. São Paulo: IPT, 1989a. 418p. (publicação IPT No 1791).\0'),
(7, 6, 's.d.', '<B>New Marketable Species in South America.</B> s.n.t.\0'),
(8, 7, '1997b', '<B>Madeiras da Amazônia: características e utilização - Amazônia Oriental.</B> Brasília: CNPq, 1997b. vol. 3. 141p.\0'),
(9, 8, '1990', '<B>Madeiras Brasileiras.</B> Caxias do Sul: Spectrum, 1990. vol. 1. 172p.\0'),
(10, 1, '1989', ''),
(11, 9, '1981', '<B> Madeiras da Reserva Florestal de Curuá-Una, Estado do Pará. Caracterização Anatômica, Propriedades Gerais e Aplicações.</B>  Belém: SUDAM/IPT, 1981. 118p.\0'),
(12, 10, '1981', '<B>Madeiras da Amazônia: características e utilização - Floresta Nacional do Tapajós.</B> Brasília: CNPq, 1981. vol 1. 113p.\0'),
(13, 11, '1979', '<B>Essências Madeireiras da Amazônia. </B> Manaus: INPA, 1979. vol. 1. 245p.\0'),
(14, 7, '1997a', '<B>Madeiras Tropicais Brasileiras. </B> Brasília: \r\nIBAMA-LPF, 1997a. 152p.\0'),
(15, 12, '1998', 'Durabilidade natural de 46 espécies de Madeira amazônica em contato com o solo em ambiente florestal. <B>Scientia Forestalis</B>, n. 54, p. 81-92, 1998.\0'),
(16, 11, '1997', '<B>Essências Madeireiras da Amazônia.</B> Manaus: INPA, 1997. vol. 3. 114p.\0'),
(17, 1, '1989b', '<B>Sistema de Informações de Madeiras Brasileiras. </B>São Paulo: IPT, 1989b. 291p. (Relatório No 27 078).\0'),
(18, 11, '1991', '<B>Catálogo de Madeiras da Amazônia: características e utilização - Área da Hidrelétrica de Balbina.</B>Manaus: INPA, 1991. 163p.\0'),
(19, 13, '1992', 'Durabilidade natural de Madeiras em contato com o solo IV.  In: SEGUNDO CONGRESSO NACIONAL SOBRE ESSÊNCIAS NATIVAS, 1992.<B>Anais</B>.  p. 558-562.\0'),
(20, 14, '1982', '<B>Resistência natural de Madeiras nacionais a xilófagos marinhos.</B> In: I ENCONTRO BRASILEIRO DE PRESERVAÇÃO DE MadeiraS, 1982.  Anais.  p. 167-175.\0'),
(21, 10, '1988', '<B>Madeiras da Amazônia: características e utilização - Estação experimental de Curuá-Una.</B>Brasília: CNPq, 1988. vol 2. 236p.\0'),
(22, 7, '1997', NULL),
(23, 15, '1987', '<STRONG>Caracterização anatômica das principais espécies de <EM>Eucalyptus</EM> L''Hérit. cultivadas no Brasil.</STRONG> Tese de Doutorado, 1987. 188p. Institudo de Biociências - Universidade de São Paulo.'),
(24, 16, '2001', 'Preservação: Durabilidade natural e preservação - Resistência natural da Madeira ao ataque de cupins. <B>Revista da Madeira</B>, p. 82-84, 2001. Número especial.\0'),
(25, 1, '1997', ''),
(26, 17, '1984', NULL),
(27, 7, '1987a', NULL),
(28, 18, '1997', '<B>Madeiras: material para o design. </B> São Paulo: IPT, 1997. 73p.\0'),
(29, 19, '2000', 'Resistência natural de dez espécies de Madeiras da Amazônia ao ataque de Nasutitermes macrocephalus (Silvestri) e N. surinamensis (Holmgren) (Isoptera: Termitidae).  <B> Revista Árvore </B>, v. 24, n. 2, p 229-?, 2000.\0'),
(30, 20, '1983', 'Comparação da resistência natural de Madeira através de ensaio de campo e de laboratório. <B>Boletim da Associação Brasileira de Preservadores de Madeira </B>, n. 6, 8p., 1983.\0'),
(31, 11, '1983', NULL),
(32, 21, '1999', 'Alterações na estrutura anatômica de Tabebuia sp. (ipê) de torre de resfriamento de água, por fungos de podridão mole.  <B>Scientia Forestalis</B>, n. 55, p. 97-105, 1999.\0'),
(33, 22, '1956', '<SPAN style="FONT-SIZE: 12pt; FONT-FAMILY: Arial; mso-bidi-font-size: 10.0pt; mso-fareast-font-family: ''Times New Roman''; mso-bidi-font-family: ''Times New Roman''; mso-ansi-language: PT-BR; mso-fareast-language: PT-BR; mso-bidi-language: AR-SA"><STRONG>Tabela de resultados obtidos para madeiras nacionais</STRONG></SPAN><SPAN style="FONT-SIZE: 12pt; FONT-FAMILY: Arial; mso-bidi-font-size: 10.0pt; mso-fareast-font-family: ''Times New Roman''; mso-bidi-font-family: ''Times New Roman''; mso-ansi-language: PT-BR; mso-fareast-language: PT-BR; mso-bidi-language: AR-SA">. </SPAN><SPAN lang=EN-US style="FONT-SIZE: 12pt; FONT-FAMILY: Arial; mso-bidi-font-size: 10.0pt; mso-fareast-font-family: ''Times New Roman''; mso-bidi-font-family: ''Times New Roman''; mso-ansi-language: EN-US; mso-fareast-language: PT-BR; mso-bidi-language: AR-SA">2<U><SUP>a</SUP></U> ed. <?xml:namespace prefix = st1 ns = "urn:schemas-microsoft-com:office:smarttags" /><st1:place w:st="on"><st1:City w:st="on">São Paulo</st1:City></st1:place> : IPT, 1956. não paginado.<SPAN style="mso-spacerun: yes">&nbsp; </SPAN>Boletim 31.</SPAN>'),
(34, 23, '1958', '<SPAN style="FONT-SIZE: 12pt; COLOR: black; FONT-FAMILY: Arial; mso-bidi-font-size: 10.0pt; mso-fareast-font-family: ''Times New Roman''; mso-bidi-font-family: ''Times New Roman''; mso-ansi-language: PT-BR; mso-fareast-language: PT-BR; mso-bidi-language: AR-SA"><STRONG>Identificação das Principais Madeiras de Comércio no Brasil</STRONG></SPAN><SPAN style="FONT-SIZE: 12pt; COLOR: black; FONT-FAMILY: Arial; mso-bidi-font-size: 10.0pt; mso-fareast-font-family: ''Times New Roman''; mso-bidi-font-family: ''Times New Roman''; mso-ansi-language: PT-BR; mso-fareast-language: PT-BR; mso-bidi-language: AR-SA">. </SPAN><?xml:namespace prefix = st1 ns = "urn:schemas-microsoft-com:office:smarttags" /><st1:City w:st="on"><st1:place w:st="on"><SPAN lang=EN-US style="FONT-SIZE: 12pt; COLOR: black; FONT-FAMILY: Arial; mso-bidi-font-size: 10.0pt; mso-fareast-font-family: ''Times New Roman''; mso-bidi-font-family: ''Times New Roman''; mso-ansi-language: EN-US; mso-fareast-language: PT-BR; mso-bidi-language: AR-SA">São Paulo</SPAN></st1:place></st1:City><SPAN lang=EN-US style="FONT-SIZE: 12pt; COLOR: black; FONT-FAMILY: Arial; mso-bidi-font-size: 10.0pt; mso-fareast-font-family: ''Times New Roman''; mso-bidi-font-family: ''Times New Roman''; mso-ansi-language: EN-US; mso-fareast-language: PT-BR; mso-bidi-language: AR-SA">, : INSTITUTO DE PESQUISAS TECNOLÓGICAS, 1958. 183p. <SPAN style="mso-spacerun: yes">&nbsp;&nbsp;</SPAN>Boletim 46.</SPAN>'),
(35, 24, '2003', '<SPAN lang=EN-US style="FONT-SIZE: 12pt; COLOR: black; FONT-FAMILY: Arial; mso-bidi-font-size: 10.0pt; mso-fareast-font-family: ''Times New Roman''; mso-bidi-font-family: ''Times New Roman''; mso-ansi-language: EN-US; mso-fareast-language: PT-BR; mso-bidi-language: AR-SA">Oxford Forestry Institute. Department of Plant Species, University <?xml:namespace prefix = st1 ns = "urn:schemas-microsoft-com:office:smarttags" /><st1:City w:st="on"><st1:place w:st="on">Oxford</st1:place></st1:City>. 1997-2003. (CD_ROM).</SPAN>'),
(36, 7, '2006', 'Banco de Dados de Madeiras Brasileiras em <A href=''http://www.ibama.gov.br/lpf/madeira/default.htm''>http://www.ibama.gov.br/lpf/madeira/default.htm</A>. 2006.<BR><BR><BR>'),
(37, 26, 'XXX', ''),
(38, 27, '2001', 'A guide to useful woods of the world. Forest Products Society. Madison, Wisconsin. 2<SUP>nd</SUP> ed. 618p.');

INSERT INTO `Genero` (`Cod_Genero`, `Nome_Genero`) VALUES
(1, 'Trattinnickia'),
(2, 'Hura'),
(3, 'Brosimum'),
(4, 'Couratari'),
(5, 'Manilkara'),
(6, 'Bowdichia'),
(7, 'Diplotropis'),
(8, 'Pinus'),
(9, 'Hymenolobium'),
(10, 'Erisma'),
(11, 'Dipteryx'),
(12, 'Goupia'),
(13, 'Eucalyptus'),
(14, 'Hymenaea'),
(15, 'Ruizterania'),
(16, 'Bertholletia'),
(17, 'Maclura'),
(18, 'Carapa'),
(19, 'Dinizia'),
(20, 'Anadenanthera'),
(21, 'Platonia'),
(22, 'Myroxylon'),
(23, 'Cedrela'),
(24, 'Cedrelinga'),
(25, 'Copaifera'),
(26, 'Micropholis'),
(27, 'Enterolobium'),
(28, 'Cordia'),
(29, 'Apuleia'),
(30, 'Pouteria'),
(31, 'Planchonella'),
(32, 'Ocotea'),
(33, 'Tabebuia'),
(34, 'Mezilaurus'),
(35, 'Calophyllum'),
(36, 'Euplassa'),
(37, 'Roupala'),
(38, 'Nectandra'),
(39, 'Platymiscium'),
(40, 'Simarouba'),
(41, 'Swietenia'),
(42, 'Astronium'),
(43, 'Clarisia'),
(44, 'Jacaranda'),
(45, 'Euxylophora'),
(46, 'Peltogyne'),
(47, 'Aspidosperma'),
(48, 'Araucaria'),
(49, 'Vochysia'),
(50, 'Bagassa'),
(51, 'Vatairea'),
(52, 'Parapiptadenia'),
(53, 'Mimosa'),
(54, 'Myrocarpus'),
(55, 'Anacardium'),
(56, 'Licania'),
(57, 'Amburana'),
(58, 'Melia'),
(59, 'Parkia'),
(60, 'Ficus'),
(61, 'Grevillea'),
(62, 'Peltophorum'),
(63, 'Plathymenia'),
(64, 'Lecythis'),
(65, 'Caryocar'),
(66, 'Alexa'),
(67, 'Balfourodendron'),
(68, 'Paratecoma'),
(69, 'Ceiba'),
(70, 'Buchenavia'),
(71, 'Tachigali'),
(72, 'Tectona'),
(73, 'Pseudopiptadenia'),
(74, 'Endopleura'),
(75, 'Piptadenia'),
(76, 'Terminalia'),
(77, 'Corymbia');

INSERT INTO `Item` (`Cod_Item`, `Nome_Item`, `Cod_Item_Pai`, `Cod_Nivel_Item`, `Cod_Tipo_Item`, `Num_Parte_Inteira`, `Num_Parte_Decimal`, `Desc_Unidade_Medida`, `Ind_Exibir_Ficha`, `Cod_Tipo_Pesquisa`, `Num_Ordem_Item`, `Desc_Obs_Item`, `Cod_Status_Item`, `Ind_Exibir_Pesquisa`, `Cod_Tipo_Parametro`) VALUES
(1, 'Características gerais', 0, 1, '', 0, 0, '', 1, 'T', 1, '', 'A', 1, ''),
(2, 'Características sensoriais', 1, 2, 'T', 0, 0, '', 1, 'T', 3, '', 'A', 1, 'T'),
(3, 'Descrição anatômica macroscópica', 1, 2, '', 0, 0, '', 1, '', 4, '', 'A', 0, ''),
(4, 'Parênquima axial', 3, 3, 'T', NULL, NULL, '', 1, 'T', 1, NULL, 'A', 1, 'T'),
(5, 'Raios', 3, 3, 'T', NULL, NULL, '', 1, 'T', 2, NULL, 'A', 1, 'T'),
(6, 'Vasos', 3, 3, 'T', NULL, NULL, '', 1, 'T', 3, NULL, 'A', 1, 'T'),
(7, 'Camadas de crescimento', 3, 3, 'T', NULL, NULL, '', 1, 'T', 4, NULL, 'A', 1, 'T'),
(8, 'Máculas medulares', 3, 3, 'T', NULL, NULL, '', 1, 'T', 5, NULL, 'A', 1, 'T'),
(9, 'Floema incluso', 3, 3, 'T', NULL, NULL, '', 1, 'T', 6, NULL, 'A', 1, 'T'),
(10, 'Canais secretores axiais', 3, 3, 'T', NULL, NULL, '', 1, 'T', 7, NULL, 'A', 1, 'T'),
(11, 'Canais de resina', 3, 3, 'T', NULL, NULL, '', 1, 'T', 8, NULL, 'A', 1, 'T'),
(12, 'Canais axiais traumáticos', 3, 3, 'T', NULL, NULL, '', 1, 'T', 9, NULL, 'A', 1, 'T'),
(13, 'Durabilidade / Tratamento', 0, 1, '', NULL, NULL, '', 1, 'T', 2, NULL, 'A', 1, NULL),
(14, 'Durabilidade natural', 13, 2, 'T', 0, 0, '', 1, '', 2, '', 'A', 0, ''),
(15, 'Tratabilidade', 13, 2, 'T', 0, 0, '', 1, '', 4, '', 'A', 0, ''),
(16, 'Características de processamento', 0, 1, '', 0, 0, '', 1, 'T', 4, '', 'A', 1, ''),
(17, 'Trabalhabilidade', 16, 2, 'T', NULL, NULL, '', 1, 'T', 1, NULL, 'A', 1, 'T'),
(18, 'Secagem', 16, 2, 'T', NULL, NULL, '', 1, 'T', 2, NULL, 'A', 1, 'T'),
(19, 'Propriedades físicas', 0, 1, '', 0, 0, '', 1, 'T', 5, '', 'A', 1, ''),
(20, 'Densidade de massa (<FONT face="symbol">r</FONT>)', 19, 2, '', NULL, NULL, '', 1, 'T', 1, NULL, 'A', 1, NULL),
(21, 'Aparente a 15% de umidade (<FONT face=symbol>r</FONT><SUB>ap, 15</SUB>)', 20, 3, 'N', 5, 0, 'kg/m³', 1, 'T', 1, '', 'A', 1, 'N'),
(22, 'Aparente a 12% de umidade (<FONT face=symbol>r</FONT><SUB>ap, 12</SUB>)', 20, 3, 'N', 5, 0, 'kg/m³', 1, 'T', 2, '', 'A', 1, 'N'),
(23, 'Madeira verde (<FONT face=symbol>r</FONT><SUB>verde</SUB>)', 20, 3, 'N', 5, 0, 'kg/m³', 1, 'T', 3, '', 'A', 1, 'N'),
(24, 'Básica (<FONT face=symbol>r</FONT><SUB>básica</SUB>)', 20, 3, 'N', 5, 0, 'kg/m³', 1, 'T', 4, '', 'A', 1, 'N'),
(25, 'Contração', 19, 2, '', NULL, NULL, '', 1, 'T', 2, NULL, 'A', 1, NULL),
(26, 'Radial', 25, 3, 'N', 3, 2, '%', 1, 'T', 1, '', 'A', 1, 'N'),
(27, 'Tangencial', 25, 3, 'N', 3, 2, '%', 1, 'T', 2, '', 'A', 1, 'N'),
(28, 'Volumétrica', 25, 3, 'N', 3, 2, '%', 1, 'T', 3, '', 'A', 1, 'N'),
(29, 'Coeficiente de retrabilidade volumétrica', 25, 3, 'N', 3, 2, '%', 1, '', 4, '', 'A', 0, ''),
(30, 'Propriedades mecânicas', 0, 1, '', 0, 0, '', 1, 'T', 6, '', 'A', 1, ''),
(31, 'Flexão', 30, 2, '', NULL, NULL, '', 1, 'T', 1, NULL, 'A', 1, NULL),
(32, 'Resistência (f<SUB>M</SUB>)', 31, 3, '', 0, 0, '', 1, 'T', 1, '', 'A', 1, ''),
(33, 'Madeira verde', 32, 4, 'N', 5, 2, 'MPa', 1, 'T', 1, '', 'A', 1, 'N'),
(34, 'Madeira a 15% de umidade', 32, 4, 'N', 5, 2, 'MPa', 1, 'T', 2, '', 'A', 1, 'N'),
(35, 'Madeira a 12% de umidade', 32, 4, 'N', 5, 2, 'MPa', 1, 'T', 3, '', 'A', 1, 'N'),
(36, 'Limite de proporcionalidade - Madeira verde', 31, 3, 'N', 5, 2, 'MPa', 1, 'T', 2, '', 'A', 1, 'N'),
(37, 'Módulo de elasticidade - Madeira verde', 31, 3, 'N', 6, 0, 'MPa', 1, 'T', 3, '', 'A', 1, 'N'),
(38, 'Módulo de elasticidade - Madeira a 12%', 31, 3, 'N', 6, 0, 'MPa', 1, 'T', 4, '', 'A', 1, 'N'),
(39, 'Compressão paralela às fibras', 30, 2, '', NULL, NULL, '', 1, 'T', 2, NULL, 'A', 1, NULL),
(40, 'Resistência (f<SUB>c0</SUB>)', 39, 3, '', 0, 0, '', 1, 'T', 1, '', 'A', 1, ''),
(41, 'Madeira verde', 40, 4, 'N', 4, 2, 'MPa', 1, 'T', 1, '', 'A', 1, 'N'),
(42, 'Madeira a 15% de umidade', 40, 4, 'N', 4, 2, 'MPa', 1, 'T', 2, '', 'A', 1, 'N'),
(43, 'Madeira a 12% de umidade', 40, 4, 'N', 4, 2, 'MPa', 1, 'T', 3, '', 'A', 1, 'N'),
(44, 'Coeficiente de influência de umidade', 39, 3, 'N', 4, 2, '%', 1, '', 2, '', 'A', 0, ''),
(45, 'Limite de proporcionalidade - Madeira verde', 39, 3, 'N', 4, 2, 'MPa', 1, 'T', 3, '', 'A', 1, 'N'),
(46, 'Módulo de elasticidade - Madeira verde', 39, 3, 'N', 6, 0, 'MPa', 1, 'T', 4, '', 'A', 1, 'N'),
(47, 'Compressão perpendicular às fibras', 30, 2, '', NULL, NULL, '', 1, 'T', 3, NULL, 'A', 1, NULL),
(48, 'Resistência (f<SUB>c0</SUB>)', 47, 3, '', 0, 0, 'fc0', 1, 'T', 1, '', 'A', 1, ''),
(49, 'Madeira verde', 48, 4, 'N', 4, 2, 'MPa', 1, 'T', 1, '', 'A', 1, 'N'),
(50, 'Madeira a 12% de umidade', 48, 4, 'N', 4, 2, 'MPa', 1, 'T', 2, '', 'A', 1, 'N'),
(51, 'Outras propriedades', 30, 2, '', NULL, NULL, '', 1, 'T', 4, NULL, 'A', 1, NULL),
(52, 'Resistência ao impacto na flexão - Madeira a 15% (choque)', 51, 3, 'N', 3, 2, '', 1, 'T', 1, '', 'A', 1, 'N'),
(53, 'Cisalhamento - Madeira verde', 51, 3, 'N', 3, 2, 'MPa', 1, 'T', 2, '', 'A', 1, 'N'),
(54, 'Cisalhamento - Madeira a 12%', 51, 3, 'N', 3, 2, 'MPa', 1, 'T', 3, '', 'A', 1, 'N'),
(55, 'Tração normal às fibras - Madeira verde', 51, 3, 'N', 3, 2, 'MPa', 1, 'T', 9, '', 'A', 1, 'N'),
(56, 'Tração normal às fibras - Madeira a 12%', 51, 3, 'N', 3, 2, 'MPa', 1, 'T', 10, '', 'A', 1, 'N'),
(57, 'Fendilhamento - Madeira verde', 51, 3, 'N', 3, 2, 'MPa', 1, 'T', 11, '', 'A', 1, 'N'),
(58, 'Dureza janka - Madeira verde', 51, 3, 'N', 6, 0, 'N', 1, 'T', 4, '', 'A', 1, 'N'),
(59, 'Dureza janka paralela - Madeira verde', 51, 3, 'N', 6, 0, 'N', 1, 'T', 5, '', 'A', 1, 'N'),
(60, 'Dureza janka paralela - Madeira a 12%', 51, 3, 'N', 6, 0, 'N', 1, 'T', 6, '', 'A', 1, 'N'),
(61, 'Dureza janka transversal - Madeira verde', 51, 3, 'N', 6, 0, 'N', 1, 'T', 7, '', 'A', 1, 'N'),
(62, 'Dureza janka transversal - Madeira a 12%', 51, 3, 'N', 6, 0, 'N', 1, 'T', 8, '', 'A', 1, 'N'),
(63, 'Usos', 0, 1, '', 0, 0, '', 1, 'T', 7, '', 'A', 1, ''),
(64, 'Construção civil', 63, 2, '', NULL, NULL, '', 1, 'T', 1, NULL, 'A', 1, ''),
(65, 'Pesada externa', 64, 3, 'S', NULL, NULL, '', 1, 'T', 1, NULL, 'A', 1, 'S'),
(66, 'Pesada interna', 64, 3, 'S', NULL, NULL, '', 1, 'T', 2, NULL, 'A', 1, 'S'),
(67, 'Assoalhos', 63, 2, 'S', NULL, NULL, '', 1, 'T', 2, NULL, 'A', 1, 'S'),
(68, 'Leve em esquadrias', 64, 3, 'S', NULL, NULL, '', 1, 'T', 4, NULL, 'A', 1, 'S'),
(69, 'Leve interna, decorativa', 64, 3, 'S', NULL, NULL, '', 1, 'T', 5, NULL, 'A', 1, 'S'),
(70, 'Leve interna, estrutural', 64, 3, 'S', NULL, NULL, '', 1, 'T', 6, NULL, 'A', 1, 'S'),
(71, 'Leve interna, utilidade geral', 64, 3, 'S', NULL, NULL, '', 1, 'T', 7, NULL, 'A', 1, 'S'),
(72, 'Uso temporário', 64, 3, 'S', NULL, NULL, '', 1, 'T', 8, NULL, 'A', 1, 'S'),
(73, 'Mobiliário', 63, 2, '', NULL, NULL, '', 1, 'T', 3, NULL, 'A', 1, ''),
(74, 'Alta qualidade', 73, 3, 'S', NULL, NULL, '', 1, 'T', 1, NULL, 'A', 1, 'S'),
(75, 'Utilidade geral', 73, 3, 'S', NULL, NULL, '', 1, 'T', 2, NULL, 'A', 1, 'S'),
(76, 'Outros usos', 63, 2, 'S', NULL, NULL, '', 1, 'T', 4, NULL, 'A', 1, 'S'),
(77, 'Durabilidade', 13, 2, 'S', NULL, NULL, NULL, 0, 'T', 1, 'A durabilidade natural das Madeiras aos organismos que a deterioram (xilófagos): insetos (cupins e brocas), fungos e organismos marinhos é variável e altamente dependente do ambiente a que as peças de Madeira estão expostas.\r\n\r\nComo conseqüência, as informações disponíveis na bibliografia são variáveis e às vezes conflitantes. Por esta razão, para efeito de busca, as Madeiras deste banco de dados foram classificadas de forma simplificada em: duráveis e não duráveis. As duráveis são aquelas com informações homogêneas sobre a sua durabilidade aos diversos xilófagos. Já as não duráveis apresentam deficiência de durabilidade a um ou aos vários dos xilófagos.\r\n\r\nDesta forma, o usuário deve sempre considerar a informação apresentada na ficha da Madeira, pois nela são apresentadas as eventuais discrepâncias e também a possibilidade de se tratar quimicamente a Madeira para melhorar sua durabilidade aos xilófagos.\0', 'A', 1, 'S'),
(78, 'Cor', 1, 2, 'S', NULL, NULL, NULL, 0, 'T', 1, 'A cor da Madeira deve sempre ser observada em superfície longitudinal tangencial do cerne, exposta recentemente, uma vez que muitas Madeiras podem ter sua coloração alterada pela exposição ao ar e/ou à luz. Para a observação da coloração a Madeira deve ser raspada com faca, grosa ou lixa.\r\nAs categorias de cores de Madeira normalmente observadas e que foram adotadas no sistema de busca, são: esbranquiçada, amarelada, avermelhada, acastanhada, parda, enegrecida e arroxeada. Eventualmente também podem se observadas Madeiras de outras cores, como o verde (palo-santo, <I>Bulnesia sarmientoi)</I> ou com várias cores, com um padrão rajado (angelim-rajado, <I>Marmaroxylon racemosum</I>).\r\nNo entanto, dada a variabilidade inerente às Madeiras, nas fichas de cada Madeira procurou-se descrever as cores normalmente encontradas e as suas variações, incluindo o seu comportamento quanto exposta à luz.\0', 'A', 1, 'S'),
(79, 'Cheiro', 1, 2, 'S', 0, 0, '', 0, 'T', 2, 'O cheiro da Madeira deve ser verificado em amostras secas, em superfície recém exposta. Classifica-se o cheiro como indistinto ou distinto. Sendo distinto o cheiro pode se agradável (cerejeira, <EM>Amburana cearensis</EM>) ou desagradável (cupiúba, <EM>Goupia glabra</EM>).', 'A', 1, 'S'),
(80, 'Tratabilidade', 13, 2, 'S', 0, 0, '', 0, 'T', 3, 'De maneira análoga a durabilidade, para simplificar a busca para a tratabilidade, as Madeiras foram classificadas como tratáveis e não tratáveis. As tratáveis são aquelas que possuem moderadas a boas características de permeabilidade e de retenção de produtos preservativos. Já as não tratáveis apresentam baixa ou nenhuma permeabilidade e retenção a esses produtos.<BR>Desta forma, o usuário deve sempre considerar a informação apresentada na ficha da Madeira, pois nela são apresentadas as eventuais discrepâncias sobre a durabilidade da Madeira e também a possibilidade de se tratar quimicamente a Madeira para melhorar sua durabilidade aos xilófagos. <BR>', 'A', 1, 'S'),
(81, 'Trabalhabilidade', 0, 1, 'S', 0, 0, '', 0, 'T', 3, 'A característica de trabalhabilidade envolve diversas operações, como o aplainamento, o lixamento, a furação e a colagem. Essas resultam de características da madeira, equipamentos utilizados e das boas práticas operacionais empregadas. Desta forma, a classificação apresentada é genérica, devendo o usuário consultar as fichas das madeiras para obter uma informação mais detalhada.', 'A', 1, 'S'),
(82, 'Trabalho absorvido', 52, 4, 'N', 2, 2, '', 1, 'T', 1, '', 'A', 1, 'N'),
(83, 'Coeficiente de resiliência R', 52, 4, 'N', 2, 2, '', 1, 'T', 2, '', 'A', 1, 'N'),
(84, 'Cota dinâmica R/<FONT face=symbol>r</FONT><FONT face=arial><SUB>ab,15</SUB><SUP>2</SUP></FONT>', 52, 4, 'N', 1, 2, '', 1, 'T', 3, '', 'A', 1, 'N');

INSERT INTO `Tipo_Foto` (`Cod_Tipo_Foto`, `Desc_Tipo_Foto`, `Num_Ordem_Tipo_Foto`) VALUES
(1, 'Face tangencial', 1),
(2, 'Face radial', 2),
(3, 'Face mista', 3),
(4, 'Fotomacrografia (10x)', 4);

INSERT INTO `Tipo_Ocorrencia` (`Cod_Tipo_Ocorrencia`, `Desc_Tipo_Ocorrencia`) VALUES
(1, 'Continente'),
(2, 'País'),
(3, 'Local'),
(4, 'Região'),
(5, 'Estado');

INSERT INTO `Madeira` (`Cod_Madeira`, `Data_Cadastro`, `Desc_Obs_Madeira`, `Desc_Obs_Ocorrencia`, `Desc_Obs_Nome_Cientifico`, `Cod_Status_Madeira`) VALUES
(1, '2006-04-17', '', '', '', 'A'),
(2, '2006-04-17', '', '', '', 'A'),
(3, '2006-04-17', '', '', 'o&nbsp;gênero <I>Couratari</I> é encontrado na Amazônia onde ocorrem, dentre outras, as espécies <I>Couratari guianensis</I> Aubl., <I>C. oblongifolia</I> Ducke et R. Knuth e <I>C. stellata </I>A. C. Sm. Como essas Madeiras são semelhantes quanto à densidade de massa, caracteres anatômicos e cor, nesta ficha são tratadas em conjunto, sendo mencionada a espécie, quando pertinente.', 'A'),
(4, '2006-04-17', '', '', 'a&nbsp;Madeira de maçaranduba pertence ao grupo de espécies do gênero <I>Manilkara</I> que produzem Madeiras pesadas, duras, de coloração castanho-avermelhada. Dentre essas espécies, pode-se mencionar <I>Manilkara amazonica</I> (Huber) Chevalier (sinônimo <I>M. bidentata</I> subsp. <I>surinamensis</I> (Miq.) Penning.; <I>M. cavalcantei </I>Pires &amp; Barb. Rodr. ex Penning.; <I>M. huberi </I>(Ducke) Chevalier; <I>M. inundata </I>(Ducke) Ducke. Essas Madeiras recebem nomes vulgares típicos em suas regiões de ocorrência, como aparaiú, marapajuba-da-várzea, maçaranduba, marapajuba, maçaranduba-de-leite e maçarandubinha, na Amazônia; maçaranduba e paraju, no sul da Bahia até as regiões Sul e Sudeste. Como essas Madeiras são semelhantes nas suas características e têm o mesmo valor no comércio, nesta ficha são tratadas em conjunto, sendo mencionada a espécie, quando pertinente. ', 'A'),
(5, '2006-04-17', '', '', '', 'A'),
(6, '2006-04-17', '', '', 'no Brasil, as Madeiras de sucupira pertencem aos gêneros <I>Bowdichia </I>e <I>Diplotropis</I>. Como essas Madeiras são semelhantes nas suas características e no comércio têm o mesmo valor; nesta ficha são tratadas em conjunto, sendo mencionada a espécie, quando pertinente.', 'A'),
(7, '2006-04-17', '', 'Espécie Introduzida no Brasil.\0', 'Madeira de reflorestamento.', 'A'),
(8, '2006-04-18', NULL, NULL, 'nesta ficha são apresentadas informações para a espécie <I>H. petraeum</I>, no entanto existem outras espécies de <I>Hymenolobium</I>, como <I>H. complicatum</I> Ducke, <I>H. elatum</I> Ducke, <I>H. excelsum</I> Ducke, <I>H. heterocarpum </I>Ducke, <I>H modestum</I> Ducke, que são comercializadas no Brasil como angelim-pedra.', 'A'),
(9, '2006-04-18', NULL, '', NULL, 'A'),
(10, '2006-04-19', NULL, NULL, NULL, 'A'),
(11, '2006-04-19', NULL, NULL, NULL, 'A'),
(12, '2006-04-19', NULL, NULL, 'Madeira de reflorestamento', 'A'),
(13, '2006-04-19', NULL, NULL, 'Madeira de reflorestamento', 'A'),
(14, '2006-04-19', NULL, NULL, 'o&nbsp;gênero <I>Hymenaea </I>, com várias espécies (<I>Hymenaea courbaril</I> L., <I>Hymenaea intermedia</I> Ducke, <I>Hymenaea oblongifolia</I> Huber, <I>Hymenaea parvifolia</I> Huber, <I>Hymenaea stilbocarpa</I> Hayne), é encontrado em quase todas as matas nativas do País. A espécie <I>Hymenaea stilbocarpa</I> Hayne, ocorre desde o estado do Piauí até o Paraná e a espécie <I>Hymenaea courbaril</I> L. é mais comum na Amazônia. Como essas Madeiras são semelhantes quanto à densidade de massa e caracteres anatômicos, no comércio têm, praticamente, o mesmo valor. Assim nesta ficha essas Madeiras são tratadas em conjunto, sendo mencionada a espécie, quando pertinente. ', 'A'),
(15, '2006-04-19', NULL, NULL, 'no Brasil, as Madeiras de mandioqueira pertencem aos gêneros <I>Qualea</I> e <I>Ruizterania</I>. Embora apresentem propriedades variadas, essas Madeiras são comercializadas indistintamente como mandioqueira. Nesta ficha são apresentadas informações para a espécie <I>Ruizterania albiflora.</I>', 'A'),
(16, '2006-04-19', NULL, NULL, NULL, 'A'),
(17, '2006-05-04', NULL, NULL, 'Madeira de um Pertence quaruba AO grupo de espécies do gênero Vochysia <I> </ I>. Dentre essas espécies, pode-se mencionar Vochysia guianensis <I> </ I> Aubl., <I> V. <Maxima / I> Ducke, <I> V. obidensis </ I> (Huber) Ducke, <I> V. <Eximia / I> Ducke, <I> V. <Floribunda / I> Mart., <I> V. <Melinoni / I> Benkmann, <I> V. <Ferruginea / I> Mart., <I> V. <Paraensis / I> Ducke, <I> V. <Surinamensis / I> Stafl., <I> V. <Vismaefolia / I> Spruce ex Warm. Como essas Madeiras São semelhantes NAS SUAS Características e não dez Comércio o valor mesmo; Nesta Ficha Conjunto em São tratadas, mencionada Sendo uma Espécie QUANDO pertinente. ', 'A'),
(18, '2006-05-26', '', '', '', 'A'),
(19, '2006-05-26', '', '', 'o&nbsp;gênero <EM>Euplassa</EM>, com várias espécies, é encontrado na Amazônia onde ocorrem as espécies <EM>Euplassa pinnata</EM> I. M. Johnst. e <EM>Euplassa incana</EM> (Klotzch) I. M. Johnst. Na mata atlântica, do sul do Estado da Bahia até o Estado de Santa Catarina, ocorre a espécie <EM>Euplassa cantareirae</EM> Sleumer. <BR>Como essas Madeiras são semelhantes quanto à densidade de massa, caracteres anatômicos e cor, nesta ficha são tratadas em conjunto, sendo mencionada a espécie, quando pertinente.', 'A'),
(20, '2006-05-26', '', '', '', 'A'),
(21, '2006-05-26', '', '', '', 'A'),
(22, '2006-05-26', '', '', '', 'A'),
(23, '2006-05-29', '', '', '', 'A'),
(24, '2006-06-12', '', '', '', 'A'),
(25, '2006-06-12', '', '', '', 'A'),
(26, '2006-06-12', '', '', '', 'A'),
(27, '2006-06-12', '', '', '', 'A'),
(28, '2006-06-12', '', '', '', 'A'),
(29, '2006-06-12', '', '', '', 'A'),
(30, '2006-06-12', '', '', '', 'A'),
(31, '2006-06-13', '', '', 'o&nbsp;gênero <EM>Copaifera</EM> , com várias espécies, é encontrado em quase todas as matas do País. Na mata atlântica ocorrem as espécies C. <EM>trapezifolia</EM> Hayne e C. <EM>langsdorffii</EM> Desf., na Amazônia são comuns as espécies C. <EM>langsdorffii</EM> Desf., C. <EM>duckei</EM> Duryer, C. <EM>multijuga</EM> Hayne, C. <EM>martii</EM> Hayne e C. <EM>reticulata</EM> Duckei. Como essas Madeiras são semelhantes quanto à densidade de massa e caracteres anatômicos, no comércio têm, praticamente, o mesmo valor.<BR>Assim nesta ficha essas Madeiras são tratadas em conjunto, sendo mencionada a espécie, quando pertinente.', 'A'),
(32, '2006-06-13', '', '', '', 'A'),
(33, '2006-06-13', '', '', '', 'A'),
(34, '2006-06-13', '', '', '', 'A'),
(35, '2006-06-13', '', '', '', 'A'),
(36, '2006-06-13', '', '', '', 'A'),
(37, '2006-06-13', '', '', '', 'A'),
(38, '2006-06-13', '', '', 'a Madeira de ipê pertence ao grupo de espécies do gênero <EM>Tabebuia</EM> que produzem Madeiras pesadas, duras, de coloração pardo-acastanhada, com seus vasos obstruídos por ipeína (substância de cor amarela-esverdeada). Dentre essas espécies, pode-se mencionar <EM>Tabebuia ochraceae</EM> (Cham.) Bureau, <EM>Tabebuia impetiginosa</EM> (Mart. ex DC.) Standl., <EM>Tabebuia longifolia</EM> (Bureau) Standl. e <EM>Tabebuia serratifolia</EM> (Vahl.) Nichols.<BR>Essas Madeiras, recebem nomes vulgares típicos em suas regiões de ocorrência, como pau-d´arco, da Amazônia até o sul da Bahia; ipê, ipê-amarelo e ipê-roxo, nas regiões Sul e Sudeste; e piúna, piúna-amarela e piúna-roxa, em Mato Grosso e Goiás.<BR>Como essas Madeiras são semelhantes nas suas características e no comércio têm o mesmo valor; nesta ficha são tratadas em conjunto, sendo mencionada a espécie, quando pertinente.', 'A'),
(39, '2006-06-13', '', '', '', 'A'),
(40, '2006-06-14', '', '', '', 'A'),
(41, '2006-06-14', '', '', '', 'A'),
(42, '2006-06-14', '', '', '', 'A'),
(43, '2006-06-14', '', '', '', 'A'),
(44, '2006-06-14', '', '', '', 'A'),
(45, '2006-06-14', '', '', '', 'A'),
(46, '2006-06-14', '', '', '', 'A'),
(47, '2006-06-14', '', '', '', 'A'),
(48, '2006-06-14', '', '', '', 'A'),
(49, '2006-06-14', '', '', 'o gênero <EM>Peltogyne</EM>, com várias espécies (dentre outras, <EM>Peltogyne paniculata</EM> Benth., <EM>P. maranhensis</EM> Huber &amp; Ducke, <EM>P. subsessilis</EM> W. Rodr., P. paradoxa Ducke, <EM>P. catingae</EM> Ducke, <EM>P. confertiflora</EM> (Hayne) Benth., <EM>P. lecointei</EM> Ducke, <EM>P. recifensis</EM> Ducke), é encontrado em quase todas as matas nativas do País. A espécie <EM>Peltogyne</EM> <EM>confertiflora</EM> (Hayne) Benth., ocorre desde a região Norte, Centro Oeste, Nordeste até Sudeste; já espécie <EM>P. recifensis</EM> Ducke é mais comum na região de Pernambuco e a espécie <EM>P. lecointei</EM> Ducke ocorre no Pará e Maranhão.<BR>Como essas Madeiras são semelhantes nas suas características e no comércio têm o mesmo valor, nesta ficha são tratadas em conjunto, sendo mencionada a espécie, quando pertinente.', 'A'),
(50, '2006-06-14', '', '', '', 'A'),
(51, '2006-10-20', '', '', 'No Brasil, as madeiras de angelim-amargoso pertencem aos gêneros <EM>Vatairea</EM> e <EM>Vataireopsis</EM>, que produzem madeiras pesadas, duras, de coloração castanha-amarelada a castanha-avermelhada com forte gosto amargo. Essas madeiras são comercializadas indistintamente como angelim-amargoso. Como essas madeiras são semelhantes nas suas características e no comércio têm o mesmo valor; nesta ficha são tratadas em conjunto, sendo mencionada a espécie, quando pertinente.', 'A'),
(52, '2006-10-20', '', '', '', 'A'),
(53, '2006-10-20', '', '', '', 'A'),
(54, '2006-10-20', '', '', '', 'A'),
(55, '2006-10-21', '', '', 'no Brasil, as madeiras de cabriúva-parda pertencem às espécies <EM>Myrocarpus frondosus</EM> e <EM>Myrocarpus fastigiatus</EM>, que são muito semelhantes na cor e constituição anatômica; sendo usadas e comercializadas indistintamente.', 'A'),
(56, '2006-10-21', '', '', '', 'A'),
(57, '2006-10-21', '', '', '', 'A'),
(58, '2006-10-21', '', '', '', 'A'),
(59, '2006-10-21', '', '', 'árvore originária da Índia e China e extensamente plantada no Sudeste Asiático, Oceania e na porção sul da América Latina.', 'A'),
(60, '2006-10-21', '', '', '', 'A'),
(61, '2006-10-21', '', '', '', 'A'),
(62, '2006-10-21', '', '', 'no Brasil, as madeiras de faveira pertencem ao gênero <EM>Parkia</EM>, que produz madeiras leves, macias ao corte, de coloração clara esbranquiçada, amarelada e/ou rosada. Essas madeiras, embora pertençam a várias espécies, são comercializadas indistintamente como faveira.&nbsp; ', 'A'),
(63, '2006-10-21', '', '', '', 'A'),
(64, '2006-10-21', '', '', 'Árvore nativa da Austrália e plantada em diversos países. No Brasil, é mais comum nas regiões Sul e Sudeste, principalmente nos estados do Paraná e São Paulo, onde são plantadas em fileiras, como quebra-vento.', 'A'),
(65, '2006-10-23', '', '', '', 'A'),
(66, '2006-10-23', '', '', '', 'A'),
(67, '2006-10-23', '', '', '(sinonímia <EM>Holopyxidium jarana</EM>)', 'A'),
(68, '2006-10-23', '', '', '', 'A'),
(69, '2006-10-23', '', '', '', 'A'),
(70, '2006-10-23', '', '', '', 'A'),
(71, '2006-10-23', '', '', '', 'A'),
(72, '2006-10-23', '', '', '', 'A'),
(73, '2006-10-23', '', '', 'informações para a espécie <EM>Lecythis pisonis.</EM>', 'A'),
(74, '2006-10-23', '', '', '', 'A'),
(75, '2006-10-23', '', '', '', 'A'),
(76, '2006-10-23', '', '', 'As madeiras&nbsp; de tanibuca ou cuiarana são pesadas e apresentam cerne variável do castanho-amarelado ao castanho-oliva, pertencem aos gêneros Buchenavia e Terminalia, cuja distinção das espécies amazônicas é difícil.<BR>Devido à semelhança de suas propriedades, essas madeiras são comercializadas em conjunto sob o mesmo nome comercial. Nesta ficha são apresentadas informações para a espécie Buchenavia huberi e Terminalia amazonia, sendo mencionada a espécie quando pertinente.', 'A'),
(77, '2006-10-23', '', '', '', 'A'),
(78, '2006-10-23', '', 'árvore nativa na Índia, Miamar, Paquistão, Tailândia, Laos, Vietnã, Camboja e plantada em diversas regiões. Na América é cultivada em diversos países, destacando-se o Brasil, Colômbia, Costa Rica, Cuba,&nbsp;Jamaica, México, Peru e Venezuela.', '', 'A'),
(79, '2006-10-23', '', '', '', 'A'),
(80, '2006-10-23', '', '', '', 'A');

INSERT INTO `Item_Conteudo` (`Cod_Item`, `Cod_Conteudo`) VALUES
(65, 47),
(65, 48),
(65, 50),
(65, 51),
(65, 52),
(65, 53),
(65, 59),
(65, 61),
(65, 66),
(65, 73),
(65, 75),
(65, 86),
(66, 43),
(66, 83),
(66, 84),
(66, 91),
(67, 49),
(67, 68),
(67, 80),
(67, 81),
(68, 42),
(68, 44),
(68, 57),
(68, 72),
(68, 74),
(68, 77),
(68, 85),
(69, 46),
(69, 55),
(69, 56),
(69, 58),
(69, 60),
(69, 67),
(69, 79),
(69, 106),
(70, 71),
(70, 78),
(71, 46),
(71, 55),
(71, 56),
(71, 58),
(71, 60),
(71, 79),
(72, 88),
(72, 89),
(72, 90),
(74, 31),
(74, 41),
(74, 62),
(74, 64),
(74, 69),
(74, 76),
(74, 82),
(74, 87),
(75, 45),
(75, 54),
(75, 63),
(75, 65),
(75, 70),
(76, 3),
(76, 4),
(76, 5),
(76, 6),
(76, 7),
(76, 8),
(76, 9),
(76, 10),
(76, 11),
(76, 12),
(76, 13),
(76, 14),
(76, 15),
(76, 16),
(76, 17),
(76, 18),
(76, 19),
(76, 20),
(76, 21),
(76, 22),
(76, 23),
(76, 24),
(76, 25),
(76, 26),
(76, 27),
(76, 28),
(76, 29),
(76, 30),
(76, 31),
(76, 32),
(76, 33),
(76, 34),
(76, 35),
(76, 36),
(76, 37),
(76, 38),
(76, 39),
(76, 40),
(76, 108),
(77, 1),
(77, 2),
(78, 92),
(78, 93),
(78, 94),
(78, 95),
(78, 96),
(78, 97),
(78, 98),
(78, 107),
(79, 101),
(79, 102),
(79, 103),
(80, 104),
(80, 105),
(81, 109),
(81, 110),
(81, 111);

INSERT INTO `Madeira_Foto` (`Cod_Madeira`, `Cod_Foto`, `Nome_Arquivo_Foto`, `Cod_Tipo_Foto`, `Desc_Obs_Foto`, `Nome_Arquivo_Zoom`) VALUES
(1, 1, 'acacu-tangencial_75-BANCO.jpg', 1, '', 'Zoom_Acacu_Tangencial_75.jpg'),
(1, 2, 'Acacu_Fotomacro-BANCO.jpg', 4, '', NULL),
(2, 1, 'amapa-tangencial_75-BANCO.jpg', 1, '', 'Zoom_AmapaTangencial_75.jpg'),
(2, 2, 'amapa-radial_75-BANCO.jpg', 2, '', 'Zoom_AmapaRadial_75.jpg'),
(2, 3, 'amapa_Fotomacro-BANCO.jpg', 4, '', NULL),
(3, 1, 'tauari-tangencial_75-BANCO.jpg', 1, '', 'Zoom_Tauari_Tangencial_75.jpg'),
(3, 2, 'tauari-radial_75-BANCO.jpg', 2, '', 'Zoom_Tauari_radial_75.jpg'),
(3, 3, 'tauari_Fotomacro-BANCO.jpg', 4, '', NULL),
(4, 1, 'macaranduba-tangencial_75-BANCO.jpg', 1, '', 'Zoom_Macaranduba_Tangencial_75.jpg'),
(4, 2, 'macaranduba-radial_75-BANCO.jpg', 2, '', 'Zoom_Macaranduba_Radial_75.jpg'),
(4, 3, 'macaranduba_Fotomacro-BANCO.jpg', 4, '', NULL),
(5, 1, 'amesclao-tangencial_75-BANCO.jpg', 1, '', 'Zoom_Amesclao_Tangencial_75.jpg'),
(5, 2, 'amesclao-radial_75-BANCO.jpg', 2, '', 'Zoom_AmesclaoRadial_75.jpg'),
(5, 3, 'amesclao_Fotomacro-BANCO.jpg', 4, '', NULL),
(6, 3, 'sucupira_Fotomacro-BANCO.jpg', 4, '', NULL),
(6, 6, 'sucupira-tangencial_75-BANCO.jpg', 1, '', 'Zoom_Sucupira_Tangencial_75.jpg'),
(6, 7, 'sucupira-radial_75-BANCO.jpg', 2, '', 'Zoom_Sucupira_Radial_75.jpg'),
(7, 1, 'pinus-ellioti-radial_75-BANCO.jpg', 2, '', 'Zoom_PinusEllioti_Radial_75.jpg'),
(7, 2, 'pinus-ellioti-tangencial_75-BANCO.jpg', 1, '', 'Zoom_PinusEllioti_Tangencial_75.jpg'),
(7, 3, 'pinusElioti_Fotomacro-BANCO.jpg', 4, '', NULL),
(8, 1, 'angelim-pedra-tangencial_75-BANCO.jpg', 1, '', 'Zoom_AngelimPedra_Tangencial_75.jpg'),
(8, 2, 'angelim-pedra-radial_75-BANCO.jpg', 2, '', 'Zoom_AngelimPedra_Radial_75.jpg'),
(8, 3, 'angelimPedra_Fotomacro-BANCO.jpg', 4, '', NULL),
(9, 1, 'cedrinho-tangencial_75-BANCO.jpg', 1, '', 'Zoom_Cedrinho_Tangencial_75.jpg'),
(9, 2, 'cedrinho-radial_75-BANCO.jpg', 2, '', 'Zoom_Cedrinho_Radial_75.jpg'),
(9, 3, 'cedrinho_Fotomacro-BANCO.jpg', 4, '', NULL),
(10, 1, 'cumaru-tangencial_75-BANCO.jpg', 1, '', 'Zoom_Cumaru_Tangencial_75.jpg'),
(10, 2, 'cumaru-radial_75-BANCO.jpg', 2, '', 'Zoom_Cumaru_Radial_75.jpg'),
(10, 3, 'cumaru_Fotomacro-BANCO.jpg', 4, '', NULL),
(11, 1, 'cupiuba-tangencial_75-BANCO.jpg', 1, '', 'Zoom_Cupiuba_Tangencial_75.jpg'),
(11, 2, 'cupiuba-radial_75-BANCO.jpg', 2, '', 'Zoom_Cupiuba_Radial_75.jpg'),
(11, 3, 'cupiuba_Fotomacro-BANCO.jpg', 4, '', NULL),
(12, 1, 'eucalipto-citriodora-tangencial_75-BANCO.jpg', 1, '', 'Zoom_Eucalipto_Citriodora_Tangencial_75.jpg'),
(12, 2, 'eucalipto-citriodora-radial_75-BANCO.jpg', 2, '', 'Zoom_Eucalipto_Citriodora_Radial_75.jpg'),
(12, 3, 'eucaliptoCitriodora_Fotomacro-BANCO.jpg', 4, '', NULL),
(13, 1, 'eucalipto-grandis-tangencial_75-BANCO.jpg', 1, '', 'Zoom_Eucalipto_Grandis_Tangencial_75.jpg'),
(13, 2, 'eucalipto-grandis-radial_75-BANCO.jpg', 2, '', 'Zoom_Eucalipto_Grandis_Radial_75.jpg'),
(13, 3, 'eucaliptosGrandis_Fotomacro-BANCO.jpg', 4, '', NULL),
(14, 1, 'jatoba-tangencial_75-BANCO.jpg', 1, '', 'Zoom_Jatoba_Tangencial_75.jpg'),
(14, 2, 'jatoba-radial_75-BANCO.jpg', 2, '', 'Zoom_Jatoba_Radial_75.jpg'),
(14, 3, 'jatoba_Fotomacro-BANCO.jpg', 4, '', NULL),
(15, 1, 'mandioqueira-tangencial_75-BANCO.jpg', 1, '', 'Zoom_Mandioqueira_Tangencial_75.jpg'),
(15, 2, 'mandioqueira-radial_75-BANCO.jpg', 2, '', 'Zoom_Mandioqueira_Radial_75.jpg'),
(15, 3, 'mandioqueira_Fotomacro-BANCO.jpg', 4, '', NULL),
(16, 1, 'castanheira-tangencial_75-BANCO.jpg', 1, '', 'Zoom_Castanheira_Tangencial_75.jpg'),
(16, 2, 'castanheira-radial_75-BANCO.jpg', 2, '', 'Zoom_Castanheira_Radial_75.jpg'),
(16, 3, 'castanheira_Fotomacro-BANCO.jpg', 4, '', NULL),
(17, 1, 'quaruba-tangencial_75-BANCO.jpg', 1, '', 'Zoom_Quaruba_Tangencial_75.jpg'),
(17, 2, 'quaruba-radial_75-BANCO.jpg', 2, '', 'Zoom_Quaruba_Radial_75.jpg'),
(17, 3, 'quaruba_Fotomacro-BANCO.jpg', 4, '', NULL),
(18, 1, 'pinho-do-parana-tangencial_75-BANCO.jpg', 1, '', 'Zoom_PinhoParana_Tangencial_75.jpg'),
(18, 2, 'pinho-do-parana-radial_75-BANCO.jpg', 2, '', 'Zoom_PinhoParana_Radial_75.jpg'),
(18, 3, 'pinhoParana_Fotomacro-BANCO.jpg', 4, '', NULL),
(19, 1, 'louro-faia-30-tangencial_75-BANCO.jpg', 1, '', 'Zoom_LouroFaia_30_Tangencial_75.jpg'),
(19, 2, 'louro-faia-30-radial_75-BANCO.jpg', 2, '', 'Zoom_LouroFaia_30_Radial_75.jpg'),
(19, 3, 'louroFaia_Fotomacro-BANCO.jpg', 4, '', NULL),
(20, 1, 'cabriuva-vermelha-radial_75-BANCO.jpg', 2, '', 'Zoom_CabriuvaVerm_Radial_75.jpg'),
(20, 2, 'cabriuva-vermelha-tangencial_75-BANCO.jpg', 1, '', 'Zoom_CabriuvaVerm_Tangencial_75.jpg'),
(20, 3, 'cabriuvaVermelha_Fotomacro-BANCO.jpg', 4, '', NULL),
(21, 1, 'louro-faia-31-tangencial_75-BANCO.jpg', 1, '', 'Zoom_LouroFaia_31_Tangencial_75.jpg'),
(21, 2, 'louro-faia-31-radial_75-BANCO.jpg', 2, '', 'Zoom_LouroFaia_31_Radial_75.jpg'),
(21, 3, 'louroFaia_31_Fotomacro-BANCO.jpg', 4, '', NULL),
(22, 1, 'amoreira-tangencial_75-BANCO.jpg', 1, '', 'Zoom_Amoreira_Tangencial_75.jpg'),
(22, 2, 'amoreira_Fotomacro-BANCO.jpg', 4, '', NULL),
(23, 1, 'angelim-vermelho-tangencial_75-BANCO.jpg', 1, '', 'Zoom_AngelimVerm_Tangencial_75.jpg'),
(23, 2, 'angelim-vermelho-radial_75-BANCO.jpg', 2, '', 'Zoom_AngelimVerm_Radial_75.jpg'),
(23, 3, 'angelimVermelho_Fotomacro-BANCO.jpg', 4, '', NULL),
(24, 1, 'oiticica-amarelo-tangencial_75-BANCO.jpg', 1, '', 'Zoom_OiticicaAmarelo_Tangencial_75.jpg'),
(24, 2, 'oiticica-amarelo-radial_75-BANCO.jpg', 2, '', 'Zoom_OiticicaAmarelo_Radial_75.jpg'),
(24, 3, 'oiticicaAmarela_Fotomacro-BANCO.jpg', 4, '', NULL),
(25, 1, 'peroba-rosa-tangencial_75-BANCO.jpg', 1, '', 'Zoom_PerobaRosa_Tangencial_75.jpg'),
(25, 2, 'peroba-rosa-radial_75-BANCO.jpg', 2, '', 'Zoom_PerobaRosa_Radial_75.jpg'),
(25, 3, 'perobaRosa_Fotomacro-BANCO.jpg', 4, '', NULL),
(26, 1, 'andiroba-tangencial_75-BANCO.jpg', 1, '', 'Zoom_Andiroba_Tangencial_75.jpg'),
(26, 2, 'andiroba-radial_75-BANCO.jpg', 2, '', 'Zoom_AndirobaRadial_75.jpg'),
(26, 3, 'andiroba_Fotomacro-BANCO.jpg', 4, '', NULL),
(27, 1, 'angico-preto-tangencial_75-BANCO.jpg', 1, '', 'Zoom_AngicoPreto_Tangencial_75.jpg'),
(27, 2, 'angico-preto-radial_75-BANCO.jpg', 2, '', 'Zoom_AngicoPreto_Radial_75.jpg'),
(27, 3, 'angicoPreto_Fotomacro-BANCO.jpg', 4, '', NULL),
(28, 1, 'bacuri-tangencial_75-BANCO.jpg', 1, '', 'Zoom_Bacuri_Tangencial_75.jpg'),
(28, 2, 'bacuri-radial_75-BANCO.jpg', 2, '', 'Zoom_Bacuri_Radial_75.jpg'),
(28, 3, 'bacuri_Fotomacro-BANCO.jpg', 4, '', NULL),
(29, 1, 'cedro-tangencial_75-BANCO.jpg', 1, '', 'Zoom_Cedro_Tangencial_75.jpg'),
(29, 2, 'cedro-radial_75-BANCO.jpg', 2, '', 'Zoom_Cedro_Radial_75.jpg'),
(29, 3, 'cedro_Fotomacro-BANCO.jpg', 4, '', NULL),
(30, 1, 'cedrorana-tangencial_75-BANCO.jpg', 1, '', 'Zoom_Cedrorana_Tangencial_75.jpg'),
(30, 2, 'cedrorana_Fotomacro-BANCO.jpg', 4, '', NULL),
(31, 1, 'copaiba-tangencial_75-BANCO.jpg', 1, '', 'Zoom_Copaiba_Tangencial_75.jpg'),
(31, 2, 'copaiba-radial_75-BANCO.jpg', 2, '', 'Zoom_Copaiba_Radial_75.jpg'),
(31, 3, 'copaiba_Fotomacro-BANCO.jpg', 4, '', NULL),
(32, 1, 'curupixa-tangencial_75-BANCO.jpg', 1, '', 'Zoom_Curupixa_Tangencial_75.jpg'),
(32, 2, 'curupixa_Fotomacro-BANCO.jpg', 4, '', NULL),
(33, 1, 'fava-orelha-de-negro-tangencial_75-BANCO.jpg', 1, '', 'Zoom_FavaO_de_Negro_Tangencial_75.jpg'),
(33, 2, 'fava-orelha-de-negro-radial_75-BANCO.jpg', 2, '', 'Zoom_FavaO_de_Negro_Radial_75.jpg'),
(33, 3, 'FavaONegro_Fotomacro-BANCO.jpg', 4, '', NULL),
(34, 1, 'freijo-tangencial_75-BANCO.jpg', 1, '', 'Zoom_Freijo_Tangencial_75.jpg'),
(34, 2, 'freijo-radial_75-BANCO.jpg', 2, '', 'Zoom_Freijo_Radial_75.jpg'),
(34, 3, 'freijo_Fotomacro-BANCO.jpg', 4, '', NULL),
(35, 1, 'garapa-tangencial_75-BANCO.jpg', 1, '', 'Zoom_Garapa_Tangencial_75.jpg'),
(35, 2, 'garapa-radial_75-BANCO.jpg', 2, '', 'Zoom_Garapa_Radial_75.jpg'),
(35, 3, 'garapa_Fotomacro-BANCO.jpg', 4, '', NULL),
(36, 1, 'goiabao-tangencial_75-BANCO.jpg', 1, '', 'Zoom_Goiabao_Tangencial_75.jpg'),
(36, 2, 'goiabao-radial_75-BANCO.jpg', 2, '', 'Zoom_Goiabao_Radial_75.jpg'),
(36, 3, 'goiabao_Fotomacro-BANCO.jpg', 4, '', NULL),
(37, 1, 'imbuia-tangencial_75-BANCO.jpg', 1, '', 'Zoom_Imbuia_Tangencial_75.jpg'),
(37, 2, 'imbuia-radial_75-BANCO.jpg', 2, '', 'Zoom_Imbuia_Radial_75.jpg'),
(37, 3, 'imbuia_Fotomacro-BANCO.jpg', 4, '', NULL),
(38, 1, 'ipe-tangencial_75-BANCO.jpg', 1, '', 'Zoom_Ipe_Tangencial_75.jpg'),
(38, 2, 'ipe-radial_75-BANCO.jpg', 2, '', 'Zoom_Ipe_Radial_75.jpg'),
(38, 3, 'ipe_Fotomacro-BANCO.jpg', 4, '', NULL),
(39, 1, 'itauba-tangencial_75-BANCO.jpg', 1, '', 'Zoom_Itauba_Tangencial_75.jpg'),
(39, 2, 'itauba-radial_75-BANCO.jpg', 2, '', 'Zoom_Itauba_Radial_75.jpg'),
(39, 3, 'itauba_Fotomacro-BANCO.jpg', 4, '', NULL),
(40, 1, 'jacareuba-tangencial_75-BANCO.jpg', 1, '', 'Zoom_Jacareuba_Tangencial_75.jpg'),
(40, 2, 'jacareuba-radial_75-BANCO.jpg', 2, '', 'Zoom_Jacareuba_Radial_75.jpg'),
(40, 3, 'jacareuba_Fotomacro-BANCO.jpg', 4, '', NULL),
(41, 1, 'louro-vermelho-tangencial_75-BANCO.jpg', 1, '', 'Zoom_LouroVerm_Tangencial_75.jpg'),
(41, 2, 'louro-vermelho-radial_75-BANCO.jpg', 2, '', 'Zoom_LouroVerm_Radial_75.jpg'),
(41, 3, 'louroVermelho_Fotomacro-BANCO.jpg', 4, '', NULL),
(42, 1, 'macacauba-tangencial_75-BANCO.jpg', 1, '', 'Zoom_Macacauba_Tangencial_75.jpg'),
(42, 2, 'macacauba-radial_75-BANCO.jpg', 2, '', 'Zoom_Macacauba_Radial_75.jpg'),
(42, 3, 'macacauba_Fotomacro-BANCO.jpg', 4, '', NULL),
(43, 1, 'marupa-tangencial_75-BANCO.jpg', 1, '', 'Zoom_Marupa_Tangencial_75.jpg'),
(43, 2, 'marupa-radial_75-BANCO.jpg', 2, '', 'Zoom_Marupa_Radial_75.jpg'),
(43, 3, 'marupa_Fotomacro-BANCO.jpg', 4, '', NULL),
(44, 3, 'mogno_Fotomacro-BANCO.jpg', 4, '', NULL),
(44, 6, 'mogno-tangencial_75-BANCO.jpg', 1, '', 'Zoom_Mogno_Tangencial_75.jpg'),
(44, 7, 'mogno-radial_75-BANCO.jpg', 2, '', 'Zoom_Mogno_Radial_75.jpg'),
(45, 1, 'muiracatiara-tangencial_75-BANCO.jpg', 1, '', 'Zoom_Muiracatiara_Tangencial_75.jpg'),
(45, 2, 'muiracatiara-radial_75-BANCO.jpg', 2, '', 'Zoom_Muiracatiara_Radial_75.jpg'),
(45, 3, 'muiracatiara_Fotomacro-BANCO.jpg', 4, '', NULL),
(46, 1, 'muirapiranga-tangencial_75-BANCO.jpg', 1, '', 'Zoom_Muirapiranga_Tangencial_75.jpg'),
(46, 2, 'muirapiranga-radial_75-BANCO.jpg', 2, '', 'Zoom_Muirapiranga_Radial_75.jpg'),
(46, 3, 'muirapiranga_Fotomacro-BANCO.jpg', 4, '', NULL),
(47, 1, 'para-para-radial_75-BANCO.jpg', 2, '', 'Zoom_ParaPara_Radial_75.jpg'),
(47, 2, 'parapara_Fotomacro-BANCO.jpg', 4, '', NULL),
(48, 1, 'pau-amarelo-tangencial_75-BANCO.jpg', 1, '', 'Zoom_PauAmarelo_Tangencial_75.jpg'),
(48, 2, 'pau-amarelo-radial_75-BANCO.jpg', 2, '', 'Zoom_PauAmarelo_Radial_75.jpg'),
(48, 3, 'pauAmarelo_Fotomacro-BANCO.jpg', 4, '', NULL),
(49, 1, 'pau-roxo-tangencial_75-BANCO.jpg', 1, '', 'Zoom_PauRoxo_Tangencial_75.jpg'),
(49, 2, 'pau-roxo-radial_75-BANCO.jpg', 2, '', 'Zoom_PauRoxo_Radial_75.jpg'),
(49, 3, 'pauRoxo_Fotomacro-BANCO.jpg', 4, '', NULL),
(50, 1, 'tatajuba-tangencial_75-BANCO.jpg', 1, '', 'Zoom_Tatajuba_Tangencial_75.jpg'),
(50, 2, 'tatajuba-radial_75-BANCO.jpg', 2, '', 'Zoom_Tatajuba_Radial_75.jpg'),
(50, 3, 'tatajuba_Fotomacro-BANCO.jpg', 4, '', NULL),
(51, 4, '51-angelim-amargoso-tang-red-web.jpg', 1, '', '51-angelim-amargoso_tang_80_Zoom.jpg'),
(51, 3, '51b_-_angelim-amargoso_reduzida.jpg', 4, '', NULL),
(51, 5, '51-angelim-amargoso-rad-red-web.jpg', 2, '', '51-angelim-amagoso_rad_80_Zoom.jpg'),
(52, 1, '52-angico-vermelho-tang-red-web.jpg', 1, '', '52-angico-vermelho1_tang_80_Zoom.jpg'),
(52, 2, '52-angico-vermelho-rad-red-web.jpg', 2, '', '52-angico-vermelho1_rad_80_Zoom.jpg'),
(52, 3, '52_-_angico-vermelho_reduzida.jpg', 4, '', NULL),
(53, 1, '53_-_araracanga_reduzida.jpg', 4, '', NULL),
(53, 2, '53-araracanga-tang-red-web.jpg', 1, '', '53-araracanga_tang_80_Zoom.jpg'),
(53, 3, '53-araracanga-rad-red-web.jpg', 2, '', '53-araracanga_rad_80_Zoom.jpg'),
(54, 1, '54-bracatinga-tang-red-web.jpg', 1, '', '54-bracatinga_tang_80_Zoom.jpg'),
(54, 2, '54-bracatinga-rad-red-web.jpg', 2, '', '54-bracatinga_rad_80_Zoom.jpg'),
(54, 3, '54_-_bracatinga_reduzida.jpg', 4, '', NULL),
(55, 1, '55-cabriuva-parda-tang-red-web.jpg', 1, '', '55-cabriuva-parda_tang_80_Zoom.jpg'),
(55, 2, '55-cabriuva-parda-rad-red-web.jpg', 2, '', '55-cabriuva-parda_rad_80_Zoom.jpg'),
(55, 3, '55_cabriuva-parda__reduzida.jpg', 4, '', NULL),
(56, 1, '56-caju-acu-tang-red-web.jpg', 1, '', '56-caju-acu_tang__Zoom.jpg'),
(56, 2, '56-caju-acu-mista-red-web.jpg', 3, '', '56-caju-acu_mista__Zoom.jpg'),
(56, 3, '56_caju-acu__reduzida.jpg', 4, '', NULL),
(57, 1, '57-caraipe-tang-red-web.jpg', 1, '', '57-caraipe_tang_80_Zoom.jpg'),
(57, 2, '57-caraipe-rad-red-web.jpg', 2, '', '57-caraipe_rad_80_Zoom.jpg'),
(57, 3, '57_-_caraipe__reduzida.jpg', 4, '', NULL),
(58, 1, '58-cerejeira-tang-80-reduzi.jpg', 1, '', '58-cerejeira_tang_80_Zoom.jpg'),
(58, 2, '58-cerejeira-rad-red-web.jpg', 2, '', '58-cerejeira_rad_80_Zoom.jpg'),
(58, 3, '58_-_cerejeira_reduzida.jpg', 4, '', NULL),
(59, 1, '59-cinamomo-tang-red-web.jpg', 1, '', '59-cinamomo_tang_80_Zoom.jpg'),
(59, 4, '59-cinamomo_rad_80_reduzida.jpg', 2, '', '59-cinamomo_rad_80.jpg'),
(59, 3, '59_-_cinamomo_BANCO_reduzida.jpg', 4, '', NULL),
(60, 1, '60-eucalipto-tang-red-web.jpg', 1, '', '60-eucalipto_tang_80_Zoom.jpg'),
(60, 2, '60-eucalipto-rad1-red-web.jpg', 2, '', '60-eucalipto_rad1_80_Zoom.jpg'),
(60, 3, '60_-_E._saligna_BANCO_reduzida.jpg', 4, '', NULL),
(62, 1, '62-faveira-tang-red-web.jpg', 1, '', '62-faveira_tang_80_Zoom.jpg'),
(62, 2, '62-faveira-rad-red-web.jpg', 2, '', '62-faveira_rad_80_Zoom.jpg'),
(63, 1, '63-figueira-tang-red-web.jpg', 1, '', '63-figueira_tang_80_Zoom.jpg'),
(63, 2, '63-figueira-rad-red-web.jpg', 2, '', '63-figueira_rad_80_Zoom.jpg'),
(63, 3, '63_figueira_85_reduzida.jpg', 4, '', NULL),
(64, 2, '64-grevilea-rad-red-web.jpg', 2, '', '64-grevilea_rad_80_Zoom.jpg'),
(64, 1, '64-grevilea-tang-red-web.jpg', 1, '', '64-grevilea_tang_80_Zoom.jpg'),
(64, 3, '64-grevilea-85-reduzida-web.jpg', 4, '', NULL),
(65, 1, '65-guarucaia-tang-red-web.jpg', 1, '', '65-guarucaia_tang_80_Zoom.jpg'),
(65, 2, '65-guarucaia-rad-red-web.jpg', 2, '', '65-guarucaia_rad_80_Zoom.jpg'),
(65, 3, '65_-_guarucaia_BANCO_reduzida.jpg', 4, '', NULL),
(66, 1, '66-vinhatico-tang1-red-web.jpg', 1, '', '66-vinhatico_tang1_80_Zoom.jpg'),
(66, 2, '66-vinhatico-rad1-red-web.jpg', 2, '', '66-vinhatico_rad1_80_Zoom.jpg'),
(66, 3, '66_-_vinhatico_BANCO_reduzida.jpg', 4, '', NULL),
(67, 1, '67-jarana-tang-red-web.jpg', 1, '', '67-jarana_tang_80_Zoom.jpg'),
(67, 2, '67_jarana_85_reduzida.jpg', 4, '', NULL),
(68, 1, '68-louro-pardo-tang-red-web.jpg', 1, '', '68-louro-pardo_tang_80_Zoom.jpg'),
(68, 2, '68-louro-pardo-rad-red-web.jpg', 2, '', '68-louro-pardo_rad_80_Zoom.jpg'),
(68, 3, '68_louro-pardo_85_reduzida.jpg', 4, '', NULL),
(69, 1, '69-melancieira-tang-red-web.jpg', 1, '', '69-melancieira_tang_80_Zoom.jpg'),
(69, 2, '69-melancieira-rad-red-web.jpg', 2, '', '69-melancieira_rad_80_Zoom.jpg'),
(69, 3, '69_melancieira_85_reduzida.jpg', 4, '', NULL),
(70, 1, '70-pau-marfim-tang-red-web.jpg', 1, '', '70-pau-marfim_tang_80_Zoom.jpg'),
(70, 2, '70-pau-marfim-rad-red-web.jpg', 2, '', '70-pau-marfim_rad_80_Zoom.jpg'),
(71, 1, '71-peroba-do-campo-tang-red-web.jpg', 1, '', '71-peroba-do-campo_tang_80_Zoom.jpg'),
(71, 2, '71-peroba-do-campo_rad-red-web.jpg', 2, '', '71-peroba-do-campo_rad_80_Zoom.jpg'),
(71, 3, '71_-_peroba-do-campo_reduzida.jpg', 4, '', NULL),
(72, 1, '72-piquia-tang-red-web.jpg', 1, '', '72-piquia_tang_80_Zoom.jpg'),
(72, 2, '72-piquia-rad-red-web.jpg', 2, '', '72-piquia_rad_80_Zoom.jpg'),
(72, 3, '72_piquia_85_reduzida.jpg', 4, '', NULL),
(73, 1, '73-sapucaia-tang-red-web.jpg', 1, '', '73-sapucaia_tang_80_Zoom.jpg'),
(73, 2, '73-sapucaia-rad-red-web.jpg', 2, '', '73-sapucaia_rad_80_Zoom.jpg'),
(73, 3, '73-sapucaia-85-reduzida-web.jpg', 4, '', NULL),
(74, 1, '74-sumauma-tang-red-web.jpg', 1, '', '74-sumauma_tang_80_Zoom.jpg'),
(74, 2, '74-sumauma-rad-red-web.jpg', 2, '', '74-sumauma_rad_80_Zoom.jpg'),
(74, 3, '74_-_sumauma_BANCO_reduzida.jpg', 4, '', NULL),
(75, 1, '75-tamboril-tang-red-web.jpg', 1, '', '75-tamboril_tang_80_Zoom.jpg'),
(75, 2, '75-tamboril-rad-red-web.jpg', 2, '', '75-tamboril_rad_80_Zoom.jpg'),
(75, 3, '75_tamboril_85_reduzida.jpg', 4, '', NULL),
(76, 1, '76-tanibuca-tang-red-web.jpg', 1, '', '76-tanibuca_tang_80_Zoom.jpg'),
(76, 2, '76-tanibuca-rad-red-web.jpg', 2, '', '76-tanibuca_rad_80_Zoom.jpg'),
(77, 1, '77-taxi-tang-red-web.jpg', 1, '', '77-taxi_tang_80_Zoom.jpg'),
(77, 2, '77-taxi-rad-red-web.jpg', 2, '', '77-taxi_rad_80_Zoom.jpg'),
(77, 3, '77_taxi_85_reduzida.jpg', 4, '', NULL),
(79, 1, '79-timborana-tang-red-web.jpg', 1, '', '79-timborana_tang_80_Zoom.jpg'),
(79, 4, '79-timborana_rad_80_reduzida.jpg', 2, '', '79-timborana_rad_80_Zoom.jpg'),
(79, 3, '79-timborana_85_reduzida.jpg', 4, '', NULL),
(62, 3, '62_-_faveira_BANCO_reduzida.jpg', 4, '', NULL),
(70, 3, '70_-_pau-marfim_BANCO_reduzida.jpg', 4, '', NULL),
(61, 1, '72-piquiarana-tang-red-web.jpg', 1, '', '72-piquiarana_tang_80_Zoom.jpg'),
(61, 2, '72-piquiarana-rad-red-web.jpg', 2, '', '72-piquiarana_rad_80_Zoom.jpg'),
(61, 3, '72_piquiarana_85_reduzida.jpg', 4, '', NULL),
(80, 1, '80-uxi-tang1-red-web.jpg', 1, '', '80-uxi_tang1_80_Zoom.jpg'),
(80, 2, '80-uxi-rad1-red-web.jpg', 2, '', '80-uxi_rad1_80_Zoom.jpg'),
(80, 3, '80_uxi_85_reduzida.jpg', 4, '', NULL),
(78, 1, '78_teca_80_reduzida.jpg', 4, '', NULL),
(76, 3, '76-tanibuca_reduzida.jpg', 4, '', NULL);

INSERT INTO `Madeira_Item` (`Cod_Madeira`, `Cod_Item`, `Num_Linha`, `Desc_Item`, `Valor_Inteiro`, `Valor_Decimal`, `Cod_Conteudo`) VALUES
(1, 1, 1, NULL, NULL, NULL, NULL),
(1, 2, 1, 'cerne e alburno indistintos pela cor, cerne branco-amarelado ou acinzentado; sem brilho; cheiro e gosto imperceptíveis; densidade baixa; macia ao corte; grã direita a irregular; textura média.', 0, 0, NULL),
(1, 3, 1, NULL, NULL, NULL, NULL),
(1, 4, 1, 'visível só sob lente; apotraqueal difuso em agregados.\0', NULL, NULL, NULL),
(1, 5, 1, 'visíveis só sob lente no topo; finos e numerosos; na face tangencial pouco visíveis mesmo sob lente; irregularmente dispostos. ', 0, 0, NULL),
(1, 6, 1, 'visíveis a olho nu; médios e grandes; poucos a muito poucos; porosidade difusa; solitários na maioria e múltiplos de 3 e 4; obstruídos por tilos.', 0, 0, NULL),
(1, 7, 1, 'pouco distintas, demarcadas por zonas fibrosas tangenciais. ', 0, 0, NULL),
(1, 8, 1, 'pequenas e escassas.', 0, 0, NULL),
(1, 13, 1, NULL, NULL, NULL, NULL),
(1, 14, 1, 'a Madeira de açacu é considerada de moderada a muito baixa resistência à ação de fungos apodrecedores (podridão branca e parda) e principalmente a fungos manchadores que causam a mancha azul.', 0, 0, NULL),
(1, 14, 2, 'É muito suscetível ao ataque de cupins, brocas-de-Madeira e perfuradores marinhos.', 0, 0, NULL),
(1, 15, 1, 'apresenta alta permeabilidade às soluções preservantes em tratamentos sob pressão\0', NULL, NULL, NULL),
(1, 15, 2, ', fácil de tratar com CCA-A (hidrossolúvel).\0', NULL, NULL, NULL),
(1, 16, 1, NULL, NULL, NULL, NULL),
(1, 17, 1, 'a Madeira de açacu é fácil de ser trabalhada, permite bom acabamento (lixar cuidadosamente antes do envernizamento / pintura). É fácil de colar e recebe bem pregos e parafusos. Quando verde pode ser de difícil usinagem por possuir Madeira de tensão, resultando em uma superfície felpuda ', 0, 0, NULL),
(1, 17, 2, ', neste caso deve-se usar ferramentas bem afiadas.', 0, 0, NULL),
(1, 18, 1, 'a secagem feita ao ar livre é moderadamente difícil, apresentando empenamentos severos. A secagem artificial deve ser cuidadosamente controlada. Pode ser rápida, apresentando pequena tendência a rachaduras de topo, torcimento e arqueamento.', 0, 0, NULL),
(1, 19, 1, NULL, NULL, NULL, NULL),
(1, 20, 1, NULL, NULL, NULL, NULL),
(1, 21, 1, NULL, 400, NULL, NULL),
(1, 23, 1, NULL, 1080, NULL, NULL),
(1, 24, 1, NULL, 330, NULL, NULL),
(1, 25, 1, NULL, NULL, NULL, NULL),
(1, 26, 1, NULL, 3, 2, NULL),
(1, 27, 1, NULL, 4, 9, NULL),
(1, 28, 1, NULL, 8, 6, NULL),
(1, 30, 1, NULL, NULL, NULL, NULL),
(1, 31, 1, NULL, NULL, NULL, NULL),
(1, 32, 1, NULL, NULL, NULL, NULL),
(1, 33, 1, NULL, 35, 2, NULL),
(1, 34, 1, NULL, 55, 3, NULL),
(1, 36, 1, NULL, 19, 2, NULL),
(1, 37, 1, NULL, 5688, NULL, NULL),
(1, 39, 1, NULL, NULL, NULL, NULL),
(1, 40, 1, NULL, NULL, NULL, NULL),
(1, 41, 1, NULL, 16, 3, NULL),
(1, 42, 1, NULL, 26, 7, NULL),
(1, 44, 1, NULL, 3, 0, NULL),
(1, 45, 1, NULL, 12, 5, NULL),
(1, 46, 1, NULL, 6933, NULL, NULL),
(1, 51, 1, NULL, NULL, NULL, NULL),
(1, 82, 1, '', 7, 9, NULL),
(1, 53, 1, NULL, 5, 1, NULL),
(1, 55, 1, NULL, 3, 1, NULL),
(1, 57, 1, NULL, 0, 43, NULL),
(1, 58, 1, NULL, 1804, NULL, NULL),
(1, 63, 1, NULL, NULL, NULL, NULL),
(1, 64, 1, NULL, NULL, NULL, NULL),
(1, 71, 1, NULL, NULL, NULL, 46),
(1, 71, 2, NULL, NULL, NULL, 56),
(1, 71, 3, NULL, NULL, NULL, 79),
(1, 72, 1, NULL, NULL, NULL, 88),
(1, 72, 2, NULL, NULL, NULL, 89),
(1, 72, 3, NULL, NULL, NULL, 90),
(1, 73, 1, NULL, NULL, NULL, NULL),
(1, 75, 1, NULL, NULL, NULL, 70),
(1, 76, 1, NULL, NULL, NULL, 8),
(1, 76, 2, NULL, NULL, NULL, 23),
(1, 76, 3, NULL, NULL, NULL, 3),
(1, 76, 4, NULL, NULL, NULL, 13),
(1, 76, 5, NULL, NULL, NULL, 35),
(1, 76, 6, NULL, NULL, NULL, 22),
(1, 77, 1, NULL, NULL, NULL, 2),
(1, 78, 1, NULL, NULL, NULL, 92),
(1, 79, 1, '', 0, 0, 101),
(1, 80, 1, '', 0, 0, 104),
(2, 1, 1, NULL, NULL, NULL, NULL),
(2, 2, 1, 'cerne e alburno indistintos pela cor, bege-amarelado levemente rosado; superfície levemente lustrosa; cheiro e gosto imperceptíveis; densidade média; macia ao corte; grã irregular a revessa; textura média.\0', NULL, NULL, NULL),
(2, 3, 1, NULL, NULL, NULL, NULL),
(2, 4, 1, 'visível a olho nu; aliforme de extensão linear, às vezes formando pequenas confluências. ', 0, 0, NULL),
(2, 5, 1, 'visíveis a olho nu no topo; finos a médios; poucos a muito poucos.\0', NULL, NULL, NULL),
(2, 6, 1, 'visíveis a olho nu; médios e grandes; poucos a muito poucos; solitários na maioria e múltiplos.\0', NULL, NULL, NULL),
(2, 7, 1, 'distintas, demarcadas por zonas fibrosas tangenciais.', 0, 0, NULL),
(2, 13, 1, NULL, NULL, NULL, NULL),
(2, 14, 1, 'a Madeira de amapá é considerada de baixa resistência ao ataque de organismos xilófagos (fungos apodrecedores e insetos).', 0, 0, NULL),
(2, 15, 1, 'apresenta boa permeabilidade às soluções preservantes em tratamentos sob pressão.\0', NULL, NULL, NULL),
(2, 15, 2, 'Madeira fácil de preservar (retenção de preservativo oleossolúvel acima de 300 kg/m3) a moderadamente fácil de preservar (retenção de preservativo oleossolúvel entre 200 e 299 kg/m3), com penetração total e uniforme.', 0, 0, NULL),
(2, 16, 1, NULL, NULL, NULL, NULL),
(2, 17, 1, 'a Madeira de amapá é fácil de ser trabalhada. O corte em serra é moderadamente fácil. Aplainamento e lixamento são regulares e não apresentam lascamento. Recebe brilho acentuado. O fresamento e a furação com broca são excelentes e sem defeitos. Não apresenta problemas de colagem ou acabamento superficial.', 0, 0, NULL),
(2, 18, 1, 'a secagem feita ao ar é fácil e com pequena ocorrência de defeitos. A secagem em estufa, se muito drástica, pode provocar empenamentos severos e endurecimento superficial. A presença de Madeira de reação deve ser observada, pois pode ocasionar empenamentos.', 0, 0, NULL),
(2, 19, 1, NULL, NULL, NULL, NULL),
(2, 20, 1, NULL, NULL, NULL, NULL),
(2, 21, 1, '', 680, 0, NULL),
(2, 23, 1, NULL, 1130, NULL, NULL),
(2, 24, 1, NULL, 590, NULL, NULL),
(2, 25, 1, NULL, NULL, NULL, NULL),
(2, 26, 1, '', 5, 0, NULL),
(2, 27, 1, '', 8, 7, NULL),
(2, 28, 1, '', 14, 7, NULL),
(2, 30, 1, NULL, NULL, NULL, NULL),
(2, 31, 1, NULL, NULL, NULL, NULL),
(2, 32, 1, NULL, NULL, NULL, NULL),
(2, 33, 1, NULL, 73, 4, NULL),
(2, 34, 1, '', 92, 4, NULL),
(2, 37, 1, NULL, 10485, NULL, NULL),
(2, 39, 1, NULL, NULL, NULL, NULL),
(2, 40, 1, NULL, NULL, NULL, NULL),
(2, 41, 1, NULL, 35, 3, NULL),
(2, 42, 1, NULL, 47, 5, NULL),
(2, 44, 1, NULL, 4, 6, NULL),
(2, 51, 1, NULL, NULL, NULL, NULL),
(2, 82, 1, '', 31, 9, NULL),
(2, 55, 1, NULL, 2, 5, NULL),
(2, 57, 1, NULL, 0, 35, NULL),
(2, 58, 1, NULL, 3991, NULL, NULL),
(2, 63, 1, NULL, NULL, NULL, NULL),
(2, 64, 1, NULL, NULL, NULL, NULL),
(2, 68, 1, NULL, NULL, NULL, 74),
(2, 68, 2, NULL, NULL, NULL, 85),
(2, 68, 3, NULL, NULL, NULL, 44),
(2, 71, 1, NULL, NULL, NULL, 46),
(2, 71, 2, NULL, NULL, NULL, 56),
(2, 71, 3, NULL, NULL, NULL, 79),
(2, 72, 1, NULL, NULL, NULL, 88),
(2, 72, 2, NULL, NULL, NULL, 89),
(2, 72, 3, NULL, NULL, NULL, 90),
(2, 73, 1, NULL, NULL, NULL, NULL),
(2, 75, 1, NULL, NULL, NULL, 63),
(2, 75, 2, NULL, NULL, NULL, 70),
(2, 76, 1, NULL, NULL, NULL, 22),
(2, 76, 2, NULL, NULL, NULL, 13),
(2, 76, 3, NULL, NULL, NULL, 25),
(2, 76, 4, NULL, NULL, NULL, 6),
(2, 77, 1, NULL, NULL, NULL, 2),
(2, 78, 1, NULL, NULL, NULL, 93),
(2, 79, 1, '', 0, 0, 101),
(2, 80, 1, '', 0, 0, 104),
(3, 1, 1, NULL, NULL, NULL, NULL),
(3, 2, 1, 'cerne e alburno indistintos pela cor; branco-amarelado a bege-amarelado-claro; brilho moderado; cheiro variável de pouco perceptível a perceptível, neste caso, desagradável, gosto levemente amargo; densidade média; macia ao corte; grã direita; textura média.\0', NULL, NULL, NULL),
(3, 3, 1, NULL, NULL, NULL, NULL),
(3, 4, 1, 'pouco visível a olho nu, em linhas finas, numerosas, aproximadas, regularmente espaçadas, formando com os raios um reticulado quase uniforme.\0', NULL, NULL, NULL),
(3, 5, 1, 'pouco visíveis a olho nu no topo, na face tangencial é visível apenas sob lente.\0', NULL, NULL, NULL),
(3, 6, 1, 'visíveis a olho nu, médios; muito poucos; porosidade difusa; solitários e alguns múltiplos de 3 e 4; vazios. \0', NULL, NULL, NULL),
(3, 7, 1, 'distintas, individualizadas por zonas fibrosas tangenciais mais escuras.', 0, 0, NULL),
(3, 13, 1, NULL, NULL, NULL, NULL),
(3, 14, 1, 'apresenta baixa resistência ao ataque de organismos xilófagos (fungos e cupins).', 0, 0, NULL),
(3, 14, 2, 'Algumas espécies apresentam tendência a manchar (mancha azul), ocasionada por fungos manchadores, devendo ser utilizadas secas e protegidas da umidade.', 0, 0, NULL),
(3, 14, 3, 'Em ensaio de campo, com Madeira em contato com o solo, esta Madeira foi considerada como não durável, com vida inferior a dois anos.', 0, 0, NULL),
(3, 15, 1, 'a Madeira de tauari, em ensaios de laboratório, quando submetida a tratamento sob pressão, demonstrou ser permeável às soluções preservantes.', 0, 0, NULL),
(3, 15, 2, 'É muito fácil de ser tratada tanto com creosoto (oleossolúvel) como com CCA-A (hidrossolúvel), aplicados sob pressão.\0', NULL, NULL, NULL),
(3, 16, 1, NULL, NULL, NULL, NULL),
(3, 17, 1, 'a Madeira de tauari é moderadamente macia ao corte, apresentando um bom acabamento, apesar de às vezes a superfície ficar com aparência felpuda. Algumas espécies possuem sílica, o que contribui para desgastar as ferramentas.', 0, 0, NULL),
(3, 18, 1, 'a velocidade da secagem ao ar é moderada, com leve tendência ao empenamento e rachaduras superficiais. A secagem em estufa é rápida, sem defeitos significativos. ', 0, 0, NULL),
(3, 18, 2, '<EM>Couratari guianensis</EM> pode apresentar problemas de secagem como rachaduras e torcimento moderados.', 0, 0, NULL),
(3, 19, 1, NULL, NULL, NULL, NULL),
(3, 20, 1, NULL, NULL, NULL, NULL),
(3, 22, 1, NULL, 610, NULL, NULL),
(3, 23, 1, NULL, 1100, NULL, NULL),
(3, 24, 1, NULL, 500, NULL, NULL),
(3, 25, 1, NULL, NULL, NULL, NULL),
(3, 26, 1, NULL, 4, 2, NULL),
(3, 27, 1, NULL, 6, 6, NULL),
(3, 28, 1, NULL, 10, 9, NULL),
(3, 30, 1, NULL, NULL, NULL, NULL),
(3, 31, 1, NULL, NULL, NULL, NULL),
(3, 32, 1, NULL, NULL, NULL, NULL),
(3, 33, 1, NULL, 57, 8, NULL),
(3, 35, 1, NULL, 88, 8, NULL),
(3, 37, 1, NULL, 9316, NULL, NULL),
(3, 38, 1, NULL, 10591, NULL, NULL),
(3, 39, 1, NULL, NULL, NULL, NULL),
(3, 40, 1, NULL, NULL, NULL, NULL),
(3, 41, 1, NULL, 27, 2, NULL),
(3, 43, 1, NULL, 46, 8, NULL),
(3, 47, 1, NULL, NULL, NULL, NULL),
(3, 48, 1, NULL, NULL, NULL, NULL),
(3, 49, 1, NULL, 4, 5, NULL),
(3, 50, 1, NULL, 6, 1, NULL),
(3, 51, 1, NULL, NULL, NULL, NULL),
(3, 53, 1, NULL, 6, 8, NULL),
(3, 54, 1, NULL, 8, 5, NULL),
(3, 55, 1, NULL, 3, 2, NULL),
(3, 56, 1, NULL, 3, 6, NULL),
(3, 59, 1, NULL, 3727, NULL, NULL),
(3, 60, 1, NULL, 5315, NULL, NULL),
(3, 63, 1, NULL, NULL, NULL, NULL),
(3, 64, 1, NULL, NULL, NULL, NULL),
(3, 68, 1, NULL, NULL, NULL, 74),
(3, 68, 2, NULL, NULL, NULL, 57),
(3, 68, 3, NULL, NULL, NULL, 85),
(3, 70, 1, NULL, NULL, NULL, 78),
(3, 70, 2, NULL, NULL, NULL, 71),
(3, 71, 1, NULL, NULL, NULL, 46),
(3, 71, 2, NULL, NULL, NULL, 56),
(3, 71, 3, NULL, NULL, NULL, 79),
(3, 71, 4, NULL, NULL, NULL, 55),
(3, 71, 5, NULL, NULL, NULL, 58),
(3, 73, 1, NULL, NULL, NULL, NULL),
(3, 75, 1, NULL, NULL, NULL, 63),
(3, 75, 2, NULL, NULL, NULL, 54),
(3, 75, 3, NULL, NULL, NULL, 70),
(3, 76, 1, NULL, NULL, NULL, 21),
(3, 76, 2, NULL, NULL, NULL, 8),
(3, 76, 3, NULL, NULL, NULL, 13),
(3, 76, 4, NULL, NULL, NULL, 30),
(3, 76, 5, NULL, NULL, NULL, 6),
(3, 76, 6, NULL, NULL, NULL, 3),
(3, 76, 7, NULL, NULL, NULL, 10),
(3, 76, 8, NULL, NULL, NULL, 20),
(3, 76, 9, NULL, NULL, NULL, 24),
(3, 76, 10, NULL, NULL, NULL, 29),
(3, 76, 11, NULL, NULL, NULL, 4),
(3, 77, 1, NULL, NULL, NULL, 2),
(3, 78, 1, NULL, NULL, NULL, 92),
(3, 79, 1, '', 0, 0, 103),
(3, 80, 1, '', 0, 0, 104),
(4, 1, 1, NULL, NULL, NULL, NULL),
(4, 2, 1, 'cerne e alburno distintos pela cor, cerne vermelho-claro tornando-se vermelho-escuro com o tempo; sem brilho; cheiro e gosto imperceptíveis; densidade alta; dura ao corte; grã direita; textura fina.\0', NULL, NULL, NULL),
(4, 3, 1, NULL, NULL, NULL, NULL),
(4, 4, 1, 'visível apenas sob lente, em linhas numerosas, às vezes interrompidas.\0', NULL, NULL, NULL),
(4, 5, 1, 'visíveis apenas sob lente no topo, na face tangencial é invisível mesmo sob lente; poucos a numerosos. ', 0, 0, NULL),
(4, 6, 1, 'visíveis apenas sob lente, pequenos a médios; poucos; porosidade difusa; em arranjo radial; solitários, múltiplos; obstruídos por tilos. \0', NULL, NULL, NULL),
(4, 7, 1, 'distintas, individualizadas por zonas fibrosas tangenciais mais escuras.', 0, 0, NULL),
(4, 13, 1, NULL, NULL, NULL, NULL),
(4, 14, 1, 'a Madeira de maçaranduba é resistente ao ataque de fungos apodrecedores e cupins subterrâneos. Apresenta moderada resistência aos cupins-de-Madeira-seca e baixa resistência aos xilófagos marinhos.', 0, 0, NULL),
(4, 14, 2, 'A espécie <I>Manilkara amazonica</I> foi descrita como muito resistente ao ataque de fungos e térmitas, porém susceptível aos perfuradores marinhos.', 0, 0, NULL),
(4, 14, 3, 'A espécie <I>Manilkara huberi </I>foi considerada altamente durável em contato com o solo, apresentando uma vida útil superior a oito anos.', 0, 0, NULL),
(4, 14, 4, '<I>Manilkara longifolia</I> e <I>Manilkara elata</I>, em ensaios de laboratório demonstraram ter resistência moderada a alta ao apodrecimento.', 0, 0, NULL),
(4, 15, 1, 'o cerne é impermeável às soluções preservantes hidrossolúveis (CCA-A), mesmo em tratamento sob pressão.', 0, 0, NULL),
(4, 16, 1, NULL, NULL, NULL, NULL),
(4, 17, 1, 'a Madeira de maçaranduba é moderadamente difícil de cortar e aplainar, porém é fácil de tornear e colar. Tende a rachar se pregada ou parafusada sem furação prévia. Recebe bom acabamento, pintura e verniz.', 0, 0, NULL),
(4, 18, 1, 'a secagem ao ar é difícil, apresentando rachaduras, empenamentos e severo endurecimento superficial. A secagem em estufa deve ser lenta e controlada cuidadosamente. ', 0, 0, NULL),
(4, 19, 1, NULL, NULL, NULL, NULL),
(4, 20, 1, NULL, NULL, NULL, NULL),
(4, 21, 1, NULL, 1000, NULL, NULL),
(4, 24, 1, NULL, 833, NULL, NULL),
(4, 25, 1, NULL, NULL, NULL, NULL),
(4, 26, 1, NULL, 6, 8, NULL),
(4, 27, 1, NULL, 11, 0, NULL),
(4, 28, 1, NULL, 19, 0, NULL),
(4, 30, 1, NULL, NULL, NULL, NULL),
(4, 31, 1, NULL, NULL, NULL, NULL),
(4, 32, 1, NULL, NULL, NULL, NULL),
(4, 33, 1, NULL, 117, 0, NULL),
(4, 34, 1, NULL, 162, 6, NULL),
(4, 36, 1, NULL, 57, 5, NULL),
(4, 37, 1, NULL, 14769, NULL, NULL),
(4, 39, 1, NULL, NULL, NULL, NULL),
(4, 40, 1, NULL, NULL, NULL, NULL),
(4, 41, 1, NULL, 59, 8, NULL),
(4, 42, 1, NULL, 73, 9, NULL),
(4, 44, 1, NULL, 4, 1, NULL),
(4, 45, 1, NULL, 41, 9, NULL),
(4, 46, 1, NULL, 16583, NULL, NULL),
(4, 51, 1, NULL, NULL, NULL, NULL),
(4, 52, 1, NULL, 33, 0, NULL),
(4, 53, 1, NULL, 13, 2, NULL),
(4, 55, 1, NULL, 8, 2, NULL),
(4, 57, 1, NULL, 0, 9, NULL),
(4, 59, 1, NULL, 9611, NULL, NULL),
(4, 63, 1, NULL, NULL, NULL, NULL),
(4, 64, 1, NULL, NULL, NULL, NULL),
(4, 65, 1, NULL, NULL, NULL, 50),
(4, 65, 2, NULL, NULL, NULL, 73),
(4, 65, 3, NULL, NULL, NULL, 47),
(4, 65, 4, NULL, NULL, NULL, 52),
(4, 66, 1, NULL, NULL, NULL, 83),
(4, 66, 2, NULL, NULL, NULL, 91),
(4, 66, 3, NULL, NULL, NULL, 43),
(4, 67, 1, NULL, NULL, NULL, 81),
(4, 67, 2, NULL, NULL, NULL, 68),
(4, 73, 1, NULL, NULL, NULL, NULL),
(4, 74, 1, NULL, NULL, NULL, 87),
(4, 76, 1, NULL, NULL, NULL, 31),
(4, 76, 2, NULL, NULL, NULL, 18),
(4, 76, 3, NULL, NULL, NULL, 37),
(4, 76, 4, NULL, NULL, NULL, 21),
(4, 76, 5, NULL, NULL, NULL, 34),
(4, 77, 1, NULL, NULL, NULL, 1),
(4, 78, 1, NULL, NULL, NULL, 96),
(4, 79, 1, '', 0, 0, 101),
(4, 80, 1, '', 0, 0, 105),
(5, 1, 1, NULL, NULL, NULL, NULL),
(5, 2, 1, 'cerne e alburno pouco distintos pela cor, cerne bege-rosado ou bege-amarelado; cheiro e gosto imperceptíveis; densidade baixa; moderadamente dura; grã direita ou irregular; textura média; superfície irregularmente lustrosa; camadas de crescimento pouco distintas, delimitadas por zonas fibrosas ligeiramente mais escuras.', 0, 0, NULL),
(5, 3, 1, NULL, NULL, NULL, NULL),
(5, 4, 1, 'invisível mesmo sob lente.  \0', NULL, NULL, NULL),
(5, 5, 1, 'visíveis apenas sob lente no topo e na face tangencial, finos e numerosos.\0', NULL, NULL, NULL),
(5, 6, 1, 'visíveis a olho nu; pequenos a médios; poucos; solitários e múltiplos; vazios ou obstruídos por tilos. \0', NULL, NULL, NULL),
(5, 7, 1, 'pouco distintas, demarcadas por zonas fibrosas mais escuras.', 0, 0, NULL),
(5, 8, 1, 'presentes em alguns espécimes.\0', NULL, NULL, NULL),
(5, 13, 1, NULL, NULL, NULL, NULL),
(5, 14, 1, 'não durável aos fungos apodrecedores.', 0, 0, NULL),
(5, 15, 1, 'cerne de difícil preservação com penetração parcial e periférica em processo sob pressão (retenção de preservativo oleossolúvel abaixo de 100 kg/m3). Alburno moderadamente fácil de preservar, com penetração total e uniforme de preservativos em processo sob pressão (retenção de preservativo oleossolúvel entre 200 kg/m3 e 300 kg/m3).', 0, 0, NULL),
(5, 16, 1, NULL, NULL, NULL, NULL),
(5, 17, 1, 'a Madeira de amesclão é fácil de serrar, moderadamente fácil de aplainar apresentando superfícies radiais ásperas.', 0, 0, NULL),
(5, 17, 2, 'Recebe acabamento de regular a excelente.&nbsp;', 0, 0, NULL),
(5, 18, 1, 'a secagem em estufa é rápida, apresentando tendência a rachaduras moderadas a fortes; encanoamento e torcimento moderados. ', 0, 0, NULL),
(5, 19, 1, NULL, NULL, NULL, NULL),
(5, 20, 1, NULL, NULL, NULL, NULL),
(5, 22, 1, NULL, 520, NULL, NULL),
(5, 23, 1, NULL, 955, NULL, NULL),
(5, 24, 1, NULL, 440, NULL, NULL),
(5, 25, 1, NULL, NULL, NULL, NULL),
(5, 26, 1, NULL, 5, 1, NULL),
(5, 27, 1, NULL, 7, 2, NULL),
(5, 28, 1, NULL, 11, 8, NULL),
(5, 30, 1, NULL, NULL, NULL, NULL),
(5, 31, 1, NULL, NULL, NULL, NULL),
(5, 32, 1, NULL, NULL, NULL, NULL),
(5, 33, 1, NULL, 49, 7, NULL),
(5, 35, 1, NULL, 76, 3, NULL),
(5, 37, 1, NULL, 7649, NULL, NULL),
(5, 38, 1, NULL, 9611, NULL, NULL),
(5, 39, 1, NULL, NULL, NULL, NULL),
(5, 40, 1, NULL, NULL, NULL, NULL),
(5, 41, 1, NULL, 24, 8, NULL),
(5, 43, 1, NULL, 44, 1, NULL),
(5, 51, 1, NULL, NULL, NULL, NULL),
(5, 53, 1, NULL, 6, 6, NULL),
(5, 54, 1, NULL, 8, 2, NULL),
(5, 55, 1, NULL, 3, 1, NULL),
(5, 56, 1, NULL, 3, 5, NULL),
(5, 59, 1, NULL, 3501, NULL, NULL),
(5, 60, 1, NULL, 4609, NULL, NULL),
(5, 61, 1, NULL, 2520, NULL, NULL),
(5, 62, 1, NULL, 3099, NULL, NULL),
(5, 63, 1, NULL, NULL, NULL, NULL),
(5, 64, 1, NULL, NULL, NULL, NULL),
(5, 71, 1, NULL, NULL, NULL, 46),
(5, 71, 2, NULL, NULL, NULL, 56),
(5, 71, 3, NULL, NULL, NULL, 79),
(5, 71, 4, NULL, NULL, NULL, 55),
(5, 71, 5, NULL, NULL, NULL, 58),
(5, 73, 1, NULL, NULL, NULL, NULL),
(5, 75, 1, NULL, NULL, NULL, 63),
(5, 75, 2, NULL, NULL, NULL, 70),
(5, 76, 1, NULL, NULL, NULL, 8),
(5, 76, 2, NULL, NULL, NULL, 23),
(5, 76, 3, NULL, NULL, NULL, 3),
(5, 76, 4, NULL, NULL, NULL, 13),
(5, 77, 1, NULL, NULL, NULL, 2),
(5, 78, 1, NULL, NULL, NULL, 94),
(5, 79, 1, '', 0, 0, 101),
(5, 80, 1, '', 0, 0, 104),
(6, 1, 1, NULL, NULL, NULL, NULL),
(6, 2, 1, 'cerne e alburno distintos pela cor, cerne pardo-escuro-acastanhado; aspecto fibroso; brilho ausente; cheiro e gosto imperceptíveis; densidade alta; dura ao corte; grã irregular a revessa; textura grossa.\0', NULL, NULL, NULL),
(6, 3, 1, NULL, NULL, NULL, NULL),
(6, 4, 1, 'visível a olho nu, paratraqueal aliforme, vasicêntrico e confluente em trechos curtos oblíquos. \0', NULL, NULL, NULL),
(6, 5, 1, 'visíveis apenas sob lente no topo e na face tangencial; finos; poucos; estratificados em Bowdichia (2 por mm). ', 0, 0, NULL),
(6, 6, 1, 'visíveis a olho nu, grandes; poucos; porosidade difusa; solitários predominantes e múltiplos de até quatro vasos; obstruídos por óleo-resina ou substância branca. \0', NULL, NULL, NULL),
(6, 7, 1, 'indistintas.', 0, 0, NULL),
(6, 13, 1, NULL, NULL, NULL, NULL),
(6, 14, 1, 'a Madeira de sucupira, em ensaio de laboratório, demonstrou ser resistente ao ataque de organismos xilófagos (fungos e cupins).', 0, 0, NULL),
(6, 14, 2, 'A espécie <I>Diplotropis purpurea</I> é considerada resistente aos cupins e susceptível ao ataque de perfuradores marinhos. O alburno não é resistente ao ataque de brocas-de-Madeira do gênero <I>Lyctus</I>. Em ensaio de campo, com a Madeira em contato com o solo, esta Madeira apresentou vida superior a 15 anos.', 0, 0, NULL),
(6, 15, 1, 'em ensaios de laboratório, quando submetida à impregnação sob pressão, a Madeira de sucupira demonstrou ser pouco permeável às soluções preservantes.', 0, 0, NULL),
(6, 15, 2, 'O alburno é fácil de ser preservado e o cerne é impermeável ao creosoto e CCA-A, mesmo em tratamento sob pressão.\0', NULL, NULL, NULL),
(6, 16, 1, NULL, NULL, NULL, NULL),
(6, 17, 1, 'a Madeira de sucupira é moderadamente difícil de ser trabalhada. É difícil de aplainar, devido à grã revessa. Fácil de tornear apresentando bom acabamento. Elevada capacidade de retenção de parafusos, é recomendada a perfuração prévia na aplicação de pregos.', 0, 0, NULL),
(6, 18, 1, 'a secagem ao ar é moderadamente difícil e apresenta defeitos com rachaduras e empenamentos, que podem ser agravados em condições drásticas. A secagem  em estufa é muito rápida e com poucos defeitos, dependendo do programa utilizado.', 0, 0, NULL),
(6, 19, 1, NULL, NULL, NULL, NULL),
(6, 20, 1, NULL, NULL, NULL, NULL),
(6, 21, 1, NULL, 940, NULL, NULL),
(6, 24, 1, '', 780, 0, NULL),
(6, 25, 1, NULL, NULL, NULL, NULL),
(6, 26, 1, NULL, 5, 6, NULL),
(6, 27, 1, NULL, 8, 4, NULL),
(6, 28, 1, NULL, 15, 1, NULL),
(6, 30, 1, NULL, NULL, NULL, NULL),
(6, 31, 1, NULL, NULL, NULL, NULL),
(6, 32, 1, NULL, NULL, NULL, NULL),
(6, 33, 1, NULL, 147, 6, NULL),
(6, 36, 1, NULL, 65, 5, NULL),
(6, 37, 1, NULL, 16060, NULL, NULL),
(6, 39, 1, NULL, NULL, NULL, NULL),
(6, 40, 1, NULL, NULL, NULL, NULL),
(6, 41, 1, NULL, 73, 2, NULL),
(6, 43, 1, NULL, 92, 3, NULL),
(6, 47, 1, NULL, NULL, NULL, NULL),
(6, 48, 1, NULL, NULL, NULL, NULL),
(6, 49, 1, NULL, 9, 9, NULL),
(6, 50, 1, NULL, 15, 9, NULL),
(6, 51, 1, NULL, NULL, NULL, NULL),
(6, 52, 1, NULL, 42, 8, NULL),
(6, 53, 1, NULL, 13, 6, NULL),
(6, 55, 1, NULL, 7, 4, NULL),
(6, 57, 1, NULL, 1, 1, NULL),
(6, 59, 1, NULL, 9542, NULL, NULL),
(6, 63, 1, NULL, NULL, NULL, NULL),
(6, 64, 1, NULL, NULL, NULL, NULL),
(6, 65, 1, NULL, NULL, NULL, 50),
(6, 65, 2, NULL, NULL, NULL, 47),
(6, 65, 3, NULL, NULL, NULL, 52),
(6, 65, 4, NULL, NULL, NULL, 73),
(6, 66, 1, NULL, NULL, NULL, 83),
(6, 66, 2, NULL, NULL, NULL, 91),
(6, 66, 3, NULL, NULL, NULL, 43),
(6, 67, 1, NULL, NULL, NULL, 80),
(6, 67, 2, NULL, NULL, NULL, 81),
(6, 67, 3, NULL, NULL, NULL, 68),
(6, 68, 1, NULL, NULL, NULL, 42),
(6, 68, 2, NULL, NULL, NULL, 57),
(6, 69, 1, NULL, NULL, NULL, 67),
(6, 69, 2, NULL, NULL, NULL, 58),
(6, 69, 3, NULL, NULL, NULL, 55),
(6, 73, 1, NULL, NULL, NULL, NULL),
(6, 74, 1, NULL, NULL, NULL, 62),
(6, 76, 1, NULL, NULL, NULL, 23),
(6, 76, 2, NULL, NULL, NULL, 10),
(6, 76, 3, NULL, NULL, NULL, 31),
(6, 76, 4, NULL, NULL, NULL, 14),
(6, 76, 5, NULL, NULL, NULL, 5),
(6, 76, 6, NULL, NULL, NULL, 7),
(6, 77, 1, NULL, NULL, NULL, 1),
(6, 78, 1, NULL, NULL, NULL, 94),
(6, 79, 1, '', 0, 0, 101),
(6, 80, 1, '', 0, 0, 104),
(7, 1, 1, NULL, NULL, NULL, NULL),
(7, 2, 1, 'cerne e alburno indistintos pela cor, branco-amarelado, brilho moderado; cheiro e gosto distintos e característicos (resina), agradável; densidade baixa; macia ao corte; grã direita; textura fina.', 0, 0, NULL),
(7, 3, 1, NULL, NULL, NULL, NULL),
(7, 4, 1, 'invisível mesmo sob lente. \0', NULL, NULL, NULL),
(7, 5, 1, 'visíveis apenas sob lente no topo, na face tangencial é invisível mesmo sob lente. \0', NULL, NULL, NULL),
(7, 7, 1, 'distintas; transição brusca entre o lenho inicial e o tardio. \0', NULL, NULL, NULL),
(7, 11, 1, 'visíveis sob lente; em disposição axial e radial.\0', NULL, NULL, NULL),
(7, 13, 1, NULL, NULL, NULL, NULL),
(7, 14, 1, 'observações feitas pelo IPT complementadas por ensaios de laboratório, permItem considerar esta Madeira como susceptível ao ataque de fungos (emboloradores, manchadores e apodrecedores), cupins, brocas-de-Madeira e perfuradores marinhos.', 0, 0, NULL),
(7, 15, 1, 'o pinus-eliote é fácil de tratar.', 0, 0, NULL),
(7, 16, 1, NULL, NULL, NULL, NULL),
(7, 17, 1, 'a Madeira de pinus-eliote é fácil de ser trabalhada. É fácil de desdobrar, aplainar, desenrolar, lixar, tornear, furar, fixar, colar e permite bom acabamento.', 0, 0, NULL),
(7, 18, 1, 'a Madeira é fácil de secar.', 0, 0, NULL),
(7, 19, 1, NULL, NULL, NULL, NULL),
(7, 20, 1, NULL, NULL, NULL, NULL),
(7, 21, 1, NULL, 480, NULL, NULL),
(7, 24, 1, NULL, 400, NULL, NULL),
(7, 25, 1, NULL, NULL, NULL, NULL),
(7, 26, 1, NULL, 3, 4, NULL),
(7, 27, 1, NULL, 6, 3, NULL),
(7, 28, 1, NULL, 10, 5, NULL),
(7, 30, 1, NULL, NULL, NULL, NULL),
(7, 31, 1, NULL, NULL, NULL, NULL),
(7, 32, 1, NULL, NULL, NULL, NULL),
(7, 33, 1, NULL, 48, 0, NULL),
(7, 34, 1, NULL, 69, 6, NULL),
(7, 36, 1, NULL, 19, 7, NULL),
(7, 37, 1, NULL, 6463, NULL, NULL),
(7, 39, 1, NULL, NULL, NULL, NULL),
(7, 40, 1, NULL, NULL, NULL, NULL),
(7, 41, 1, NULL, 18, 5, NULL),
(7, 42, 1, NULL, 31, 5, NULL),
(7, 44, 1, NULL, 6, 7, NULL),
(7, 45, 1, NULL, 13, 7, NULL),
(7, 46, 1, NULL, 8846, NULL, NULL),
(7, 51, 1, NULL, NULL, NULL, NULL),
(7, 52, 1, NULL, 14, 5, NULL),
(7, 53, 1, NULL, 5, 8, NULL),
(7, 55, 1, NULL, 3, 0, NULL),
(7, 57, 1, NULL, 0, 4, NULL),
(7, 59, 1, NULL, 1932, NULL, NULL),
(7, 63, 1, NULL, NULL, NULL, NULL),
(7, 64, 1, NULL, NULL, NULL, NULL),
(7, 70, 1, NULL, NULL, NULL, 78),
(7, 70, 2, NULL, NULL, NULL, 71),
(7, 71, 1, NULL, NULL, NULL, 46),
(7, 71, 2, NULL, NULL, NULL, 56),
(7, 71, 3, NULL, NULL, NULL, 79),
(7, 71, 4, NULL, NULL, NULL, 55),
(7, 71, 5, NULL, NULL, NULL, 58),
(7, 72, 1, NULL, NULL, NULL, 90),
(7, 72, 2, NULL, NULL, NULL, 88),
(7, 72, 3, NULL, NULL, NULL, 89),
(7, 73, 1, NULL, NULL, NULL, NULL),
(7, 75, 1, NULL, NULL, NULL, 63),
(7, 75, 2, NULL, NULL, NULL, 70),
(7, 76, 1, NULL, NULL, NULL, 6),
(7, 76, 2, NULL, NULL, NULL, 29),
(7, 76, 3, NULL, NULL, NULL, 8),
(7, 76, 4, NULL, NULL, NULL, 23),
(7, 76, 5, NULL, NULL, NULL, 31),
(7, 76, 6, NULL, NULL, NULL, 3),
(7, 76, 7, NULL, NULL, NULL, 13),
(7, 76, 8, NULL, NULL, NULL, 4),
(7, 76, 9, NULL, NULL, NULL, 32),
(7, 77, 1, NULL, NULL, NULL, 2),
(7, 78, 1, NULL, NULL, NULL, 92),
(7, 79, 1, '', 0, 0, 102),
(7, 80, 1, '', 0, 0, 104),
(8, 1, 1, NULL, NULL, NULL, NULL),
(8, 2, 1, 'cerne e alburno distintos pela cor, cerne castanho-avermelhado claro ou escuro, com manchas castanhas mais escuras devido à exudação de óleo-resina, alburno castanho-pálido; brilho ausente; cheiro e gosto imperceptíveis; densidade média; dura ao corte; grã direita a revessa; textura grossa, aspecto fibroso.\0', NULL, NULL, NULL),
(8, 3, 1, NULL, NULL, NULL, NULL),
(8, 4, 1, 'visível a olho nu, paratraqueal aliforme, confluente em trechos longos tendendo a formar faixas largas.&nbsp;', 0, 0, NULL),
(8, 5, 1, 'visíveis a olho nu no topo e na face tangencial na qual sua estratificação (2 a 3 por mm) é regular; finos.\0', NULL, NULL, NULL),
(8, 6, 1, 'visíveis a olho nu, médios a grandes; poucos; porosidade difusa; solitários, múltiplos, às vezes em cadeias radiais; vazios ou com substância esbranquiçada. \0', NULL, NULL, NULL),
(8, 7, 1, 'distintas, individualizadas por zonas fibrosas tangenciais mais escuras.', 0, 0, NULL),
(8, 13, 1, NULL, NULL, NULL, NULL),
(8, 14, 1, 'Madeira durável a muito durável em relação a fungos apodrecedores; moderadamente resistente a brocas marinhas e resistente a cupins-de-madeira-seca.', 0, 0, NULL),
(8, 15, 1, 'o cerne é difícil de preservar e o alburno é muito fácil de preservar, em processo sob pressão, tanto com creosoto (oleossolúvel) como CCA (hidrossolúvel).\0', NULL, NULL, NULL),
(8, 16, 1, NULL, NULL, NULL, NULL),
(8, 17, 1, 'a madeira de angelim-pedra é fácil de ser trabalhada. Acabamento de regular a bom na plaina, torno e broca.', 0, 0, NULL),
(8, 17, 2, 'É moderadamente fácil de serrar e aplainar; é fácil de pregar, parafusar e permite acabamento satisfatório.\0', NULL, NULL, NULL),
(8, 18, 1, 'a secagem é muito rápida em estufa, apresentando pequena tendência a torcimento e arqueamento.', 0, 0, NULL),
(8, 18, 2, 'A secagem ao ar livre é moderadamente difícil.\0', NULL, NULL, NULL),
(8, 19, 1, NULL, NULL, NULL, NULL),
(8, 20, 1, NULL, NULL, NULL, NULL),
(8, 22, 1, NULL, 710, NULL, NULL),
(8, 23, 1, NULL, 1190, NULL, NULL),
(8, 24, 1, NULL, 590, NULL, NULL),
(8, 25, 1, NULL, NULL, NULL, NULL),
(8, 26, 1, NULL, 4, 1, NULL),
(8, 27, 1, NULL, 6, 3, NULL),
(8, 28, 1, NULL, 10, 1, NULL),
(8, 30, 1, NULL, NULL, NULL, NULL),
(8, 31, 1, NULL, NULL, NULL, NULL),
(8, 32, 1, NULL, NULL, NULL, NULL),
(8, 33, 1, NULL, 70, 6, NULL),
(8, 35, 1, NULL, 109, 3, NULL),
(8, 37, 1, NULL, 9414, NULL, NULL),
(8, 38, 1, NULL, 11572, NULL, NULL),
(8, 39, 1, NULL, NULL, NULL, NULL),
(8, 40, 1, NULL, NULL, NULL, NULL),
(8, 41, 1, NULL, 38, 0, NULL),
(8, 43, 1, NULL, 52, 3, NULL),
(8, 47, 1, NULL, NULL, NULL, NULL),
(8, 48, 1, NULL, NULL, NULL, NULL),
(8, 49, 1, NULL, 6, 4, NULL),
(8, 50, 1, NULL, 11, 3, NULL),
(8, 51, 1, NULL, NULL, NULL, NULL),
(8, 52, 1, NULL, 22, 6, NULL),
(8, 53, 1, '', 10, 0, NULL),
(8, 54, 1, '', 12, 3, NULL),
(8, 55, 1, '', 4, 2, NULL),
(8, 56, 1, '', 3, 8, NULL),
(8, 57, 1, NULL, 1, 1, NULL),
(8, 59, 1, '', 5325, 0, NULL),
(8, 60, 1, '', 7659, 0, NULL),
(8, 61, 1, '', 5050, 0, NULL),
(8, 62, 1, '', 5786, 0, NULL),
(8, 63, 1, NULL, NULL, NULL, NULL),
(8, 64, 1, NULL, NULL, NULL, NULL),
(8, 66, 1, NULL, NULL, NULL, 91),
(8, 66, 2, NULL, NULL, NULL, 43),
(8, 68, 1, NULL, NULL, NULL, 74),
(8, 68, 2, NULL, NULL, NULL, 85),
(8, 68, 3, NULL, NULL, NULL, 44),
(8, 69, 1, NULL, NULL, NULL, 55),
(8, 69, 2, NULL, NULL, NULL, 58),
(8, 70, 1, NULL, NULL, NULL, 71),
(8, 70, 2, NULL, NULL, NULL, 78),
(8, 72, 1, NULL, NULL, NULL, 88),
(8, 72, 2, NULL, NULL, NULL, 89),
(8, 72, 3, NULL, NULL, NULL, 90),
(8, 73, 1, NULL, NULL, NULL, NULL),
(8, 75, 1, NULL, NULL, NULL, 63),
(8, 76, 1, NULL, NULL, NULL, 7),
(8, 76, 2, NULL, NULL, NULL, 23),
(8, 77, 1, NULL, NULL, NULL, 1),
(8, 78, 1, NULL, NULL, NULL, 94),
(8, 79, 1, '', 0, 0, 101),
(8, 80, 1, '', 0, 0, 104),
(9, 1, 1, NULL, NULL, NULL, NULL),
(9, 2, 1, 'cerne e alburno distintos pela cor, cerne castanho avermelhado; sem brilho; cheiro e gosto imperceptíveis; densidade baixa; grã direita a revessa; textura média a grossa.\0', NULL, NULL, NULL),
(9, 3, 1, NULL, NULL, NULL, NULL),
(9, 4, 1, 'visível a olho nu, em faixas largas e longas, tangenciando os vasos, e também em trechos curtos.\0', NULL, NULL, NULL),
(9, 5, 1, 'visíveis apenas sob lente no topo e na face tangencial, finos; poucos.\0', NULL, NULL, NULL),
(9, 6, 1, 'visíveis a olho nu, médios a grandes; muito poucos a poucos; porosidade difusa; solitários e múltiplos de dois a três; obstruídos por tilos.\0', NULL, NULL, NULL),
(9, 7, 1, 'indistintas.&nbsp;', 0, 0, NULL),
(9, 9, 1, 'presente nas faixas do parênquima.\0', NULL, NULL, NULL),
(9, 13, 1, NULL, NULL, NULL, NULL),
(9, 14, 1, 'a Madeira de cedrinho apresenta baixa durabilidade ao ataque de organismos xilófagos (fungos e insetos).', 0, 0, NULL),
(9, 15, 1, 'o cerne e o alburno são moderadamente fáceis de preservar em processos sob pressão.&nbsp;', 0, 0, NULL),
(9, 16, 1, NULL, NULL, NULL, NULL),
(9, 17, 1, 'a Madeira de cedrinho é fácil de aplainar, serrar e lixar, mas apresenta superfície de acabamento ruim (felpuda).', 0, 0, NULL),
(9, 18, 1, 'a secagem ao ar é fácil e sem a ocorrência significativa de defeitos. A secagem em estufa também é rápida, mas em condições muito drásticas podem ocorrer empenamentos, rachaduras e endurecimento superficial.', 0, 0, NULL),
(9, 19, 1, NULL, NULL, NULL, NULL),
(9, 20, 1, NULL, NULL, NULL, NULL),
(9, 21, 1, NULL, 590, NULL, NULL),
(9, 23, 1, NULL, 1110, NULL, NULL),
(9, 24, 1, NULL, 480, NULL, NULL),
(9, 25, 1, NULL, NULL, NULL, NULL),
(9, 26, 1, NULL, 3, 3, NULL),
(9, 27, 1, NULL, 7, 7, NULL),
(9, 28, 1, NULL, 12, 5, NULL),
(9, 30, 1, NULL, NULL, NULL, NULL),
(9, 31, 1, NULL, NULL, NULL, NULL),
(9, 32, 1, NULL, NULL, NULL, NULL),
(9, 33, 1, NULL, 72, 5, NULL),
(9, 34, 1, NULL, 80, 2, NULL),
(9, 37, 1, NULL, 9365, NULL, NULL),
(9, 38, 1, NULL, 10395, NULL, NULL),
(9, 39, 1, NULL, NULL, NULL, NULL),
(9, 40, 1, NULL, NULL, NULL, NULL),
(9, 41, 1, NULL, 33, 7, NULL),
(9, 42, 1, NULL, 42, 2, NULL),
(9, 44, 1, NULL, 2, 9, NULL),
(9, 45, 1, NULL, 24, 0, NULL),
(9, 46, 1, NULL, 12101, NULL, NULL),
(9, 51, 1, NULL, NULL, NULL, NULL),
(9, 82, 1, '', 21, 5, NULL),
(9, 53, 1, NULL, 7, 4, NULL),
(9, 55, 1, NULL, 4, 2, NULL),
(9, 57, 1, NULL, 0, 5, NULL),
(9, 58, 1, NULL, 3844, NULL, NULL),
(9, 63, 1, NULL, NULL, NULL, NULL),
(9, 64, 1, NULL, NULL, NULL, NULL),
(9, 68, 1, NULL, NULL, NULL, 74),
(9, 68, 2, NULL, NULL, NULL, 85),
(9, 68, 3, NULL, NULL, NULL, 44),
(9, 70, 1, NULL, NULL, NULL, 78),
(9, 71, 1, NULL, NULL, NULL, 58),
(9, 71, 3, NULL, NULL, NULL, 60),
(9, 71, 4, NULL, NULL, NULL, 56),
(9, 71, 5, NULL, NULL, NULL, 55),
(9, 72, 1, NULL, NULL, NULL, 89),
(9, 72, 2, NULL, NULL, NULL, 90),
(9, 72, 3, NULL, NULL, NULL, 88),
(9, 73, 1, NULL, NULL, NULL, NULL),
(9, 75, 1, NULL, NULL, NULL, 63),
(9, 75, 2, NULL, NULL, NULL, 70),
(9, 76, 1, NULL, NULL, NULL, 23),
(9, 76, 2, NULL, NULL, NULL, 8),
(9, 76, 3, NULL, NULL, NULL, 13),
(9, 77, 1, NULL, NULL, NULL, 2),
(9, 78, 1, NULL, NULL, NULL, 94),
(9, 79, 1, '', 0, 0, 101),
(9, 80, 1, '', 0, 0, 104),
(10, 1, 1, NULL, NULL, NULL, NULL),
(10, 2, 1, 'cerne e alburno distintos pela cor, cerne castanho-claro-amarelado; brilho moderado; cheiro e gosto imperceptíveis; densidade alta; dura ao corte; grã revessa; textura fina a média, aspecto fibroso atenuado; superfície pouco lustrosa.', 0, 0, NULL),
(10, 3, 1, NULL, NULL, NULL, NULL),
(10, 4, 1, 'visível sob lente, paratraqueal aliforme de extensão losangular, ocasionalmente confluente.&nbsp;', 0, 0, NULL),
(10, 5, 1, 'visíveis apenas sob lente no topo e na face tangencial, finos, numerosos, estratificados (3 mm por mm).', 0, 0, NULL),
(10, 6, 1, 'visíveis a olho nu, pequenos a médios; poucos; porosidade difusa; solitários, geminados, e múltiplos de 3 a 6; obstruídos por óleo-resina. \0', NULL, NULL, NULL),
(10, 7, 1, 'pouco distintas, demarcadas por zonas fibrosas.', 0, 0, NULL),
(10, 13, 1, NULL, NULL, NULL, NULL),
(10, 14, 1, 'o cerne apresenta alta resistência ao ataque de organismos xilófagos (fungos apodrecedores e cupins).', 0, 0, NULL),
(10, 14, 2, 'Em ensaios de campo com estacas em contato com o solo, esta espécie apresentou alta durabilidade aos organismos xilófagos&nbsp;', 0, 0, NULL),
(10, 14, 3, 'e foi considerada com durabilidade superior a 12 anos de serviço em contato com o solo.', 0, 0, NULL),
(10, 14, 4, 'Apresentou baixa resistência, em ensaios de campo, aos xilófagos marinhos.', 0, 0, NULL),
(10, 15, 1, 'impermeável às soluções preservativas;', 0, 0, NULL),
(10, 15, 2, 'o cerne não é tratável com creosoto (oleossolúvel) e nem com CCA (hidrossolúvel), mesmo em processo sob pressão.', 0, 0, NULL),
(10, 16, 1, NULL, NULL, NULL, NULL),
(10, 17, 1, 'a Madeira de cumaru é difícil de ser trabalhada, mas recebe excelente acabamento no torneamento. Acabamento ruim nos trabalhos de plaina e lixa, é difícil de ser perfurada. Devido à natureza oleosa, a Madeira apresenta dificuldade em ser colada. Aceita polimento, pintura, verniz e lustre. ', 0, 0, NULL),
(10, 18, 1, 'é relativamente fácil de secar ao ar, com pequena tendência a racha superficialmente, apresenta empenamento moderado. A secagem artificial é lenta, porém praticamente isenta de defeitos.', 0, 0, NULL),
(10, 19, 1, NULL, NULL, NULL, NULL),
(10, 20, 1, NULL, NULL, NULL, NULL),
(10, 21, 1, NULL, 1090, NULL, NULL),
(10, 24, 1, NULL, 908, NULL, NULL),
(10, 25, 1, NULL, NULL, NULL, NULL),
(10, 26, 1, NULL, 5, 3, NULL),
(10, 27, 1, NULL, 8, 2, NULL),
(10, 28, 1, NULL, 13, 6, NULL),
(10, 30, 1, NULL, NULL, NULL, NULL),
(10, 31, 1, NULL, NULL, NULL, NULL),
(10, 32, 1, NULL, NULL, NULL, NULL),
(10, 33, 1, NULL, 123, 8, NULL),
(10, 34, 1, NULL, 178, 3, NULL),
(10, 36, 1, NULL, 83, 8, NULL),
(10, 37, 1, NULL, 18547, NULL, NULL),
(10, 39, 1, NULL, NULL, NULL, NULL),
(10, 40, 1, NULL, NULL, NULL, NULL),
(10, 41, 1, NULL, 59, 3, NULL),
(10, 42, 1, NULL, 94, 2, NULL),
(10, 45, 1, NULL, 44, 5, NULL),
(10, 46, 1, NULL, 19306, NULL, NULL),
(10, 51, 1, NULL, NULL, NULL, NULL),
(10, 53, 1, NULL, 14, 2, NULL),
(10, 55, 1, NULL, 7, 5, NULL),
(10, 57, 1, NULL, 1, 1, NULL),
(10, 58, 1, NULL, 9787, NULL, NULL),
(10, 63, 1, NULL, NULL, NULL, NULL),
(10, 64, 1, NULL, NULL, NULL, NULL),
(10, 65, 1, NULL, NULL, NULL, 73),
(10, 65, 2, NULL, NULL, NULL, 75),
(10, 65, 3, NULL, NULL, NULL, 61),
(10, 65, 4, NULL, NULL, NULL, 52),
(10, 65, 5, NULL, NULL, NULL, 53),
(10, 65, 6, NULL, NULL, NULL, 47),
(10, 65, 7, NULL, NULL, NULL, 50),
(10, 66, 1, NULL, NULL, NULL, 91),
(10, 66, 2, NULL, NULL, NULL, 43),
(10, 67, 1, NULL, NULL, NULL, 81),
(10, 67, 2, NULL, NULL, NULL, 80),
(10, 67, 3, NULL, NULL, NULL, 68),
(10, 67, 4, NULL, NULL, NULL, 49),
(10, 68, 1, NULL, NULL, NULL, 42),
(10, 69, 1, NULL, NULL, NULL, 55),
(10, 69, 2, NULL, NULL, NULL, 58),
(10, 73, 1, NULL, NULL, NULL, NULL),
(10, 74, 1, NULL, NULL, NULL, 69),
(10, 76, 1, NULL, NULL, NULL, 5),
(10, 76, 2, NULL, NULL, NULL, 37),
(10, 76, 3, NULL, NULL, NULL, 14),
(10, 77, 1, NULL, NULL, NULL, 1),
(10, 78, 1, NULL, NULL, NULL, 94),
(10, 79, 1, '', 0, 0, 101),
(10, 80, 1, '', 0, 0, 105),
(11, 1, 1, NULL, NULL, NULL, NULL),
(11, 2, 1, 'cerne e alburno indistintos pela cor, castanho-avermelhado; superfície sem brilho; cheiro perceptível, desagradável, gosto imperceptível; densidade alta; grã irregular; textura média.\0', NULL, NULL, NULL),
(11, 3, 1, NULL, NULL, NULL, NULL),
(11, 4, 1, 'visível apenas sob lente, apotraqueal difuso em agregados.\0', NULL, NULL, NULL),
(11, 5, 1, 'visíveis apenas sob lente no topo e na face tangencial, finos, poucos a numerosos.\0', NULL, NULL, NULL),
(11, 6, 1, 'visíveis a olho nu, médios, poucos, porosidade difusa; solitários; obstruídos por óleo-resina.\0', NULL, NULL, NULL),
(11, 7, 1, 'indistintas.', 0, 0, NULL),
(11, 13, 1, NULL, NULL, NULL, NULL),
(11, 14, 1, 'em ensaios de laboratório a madeira de cupiúba demonstrou ter alta resistência ao ataque de organismos xilófagos (fungos e cupins).', 0, 0, NULL),
(11, 14, 2, 'Apresenta resistência a fungos apodrecedores (podridão branca e parda) e cupins-de-madeira-seca, entretanto não é resistente aos xilófagos marinhos.', 0, 0, NULL),
(11, 14, 3, 'Estudo realizado pela', 0, 0, NULL),
(11, 14, 4, 'verificou que a durabilidade desta madeira é superior a 12 anos de serviço em contato com o solo.', 0, 0, NULL),
(11, 15, 1, 'o cerne e o alburno apresentam moderada permeabilidade às soluções preservativas tanto oleossolúvel (creosoto) como hidrossolúvel (CCA). A retenção de preservativo oleossolúvel é de 200 kg/m3 a 300 kg/m3.', 0, 0, NULL),
(11, 15, 2, 'Já\0', NULL, NULL, NULL),
(11, 15, 3, ' reconheceram o cerne de cupiúba como de baixa permeabilidade ao tratamento com óleo creosoto.\0', NULL, NULL, NULL),
(11, 16, 1, NULL, NULL, NULL, NULL),
(11, 17, 1, 'a madeira de cupiúba é fácil de trabalhar com ferramentas manuais ou com máquinas. É fácil de serrar, aplainar, tornear, colar e parafusar. O uso de pregos sem furação pode provocar rachaduras. Recebe bom acabamento.', 0, 0, NULL),
(11, 17, 2, 'Aceita bem a colagem mas não é adequada para a fabricação de compensados, por apresentar rachaduras na tora. Boa aceitação de tinta, verniz, emassamento e polimento.', 0, 0, NULL),
(11, 18, 1, 'a secagem ao ar é lenta, sem a ocorrência de sérios defeitos como rachaduras ou empenamentos. Na secagem em estufa apresenta ligeira incidência de defeitos.', 0, 0, NULL),
(11, 19, 1, NULL, NULL, NULL, NULL),
(11, 20, 1, NULL, NULL, NULL, NULL),
(11, 21, 1, NULL, 870, NULL, NULL),
(11, 23, 1, NULL, 1130, NULL, NULL),
(11, 24, 1, NULL, 710, NULL, NULL),
(11, 25, 1, NULL, NULL, NULL, NULL),
(11, 26, 1, NULL, 4, 8, NULL),
(11, 27, 1, NULL, 9, 1, NULL),
(11, 28, 1, NULL, 16, 1, NULL),
(11, 30, 1, NULL, NULL, NULL, NULL),
(11, 31, 1, NULL, NULL, NULL, NULL),
(11, 32, 1, NULL, NULL, NULL, NULL),
(11, 33, 1, NULL, 96, 70, NULL),
(11, 34, 1, NULL, 122, 1, NULL),
(11, 36, 1, NULL, 46, 5, NULL),
(11, 37, 1, NULL, 13690, NULL, NULL),
(11, 39, 1, NULL, NULL, NULL, NULL),
(11, 40, 1, NULL, NULL, NULL, NULL),
(11, 41, 1, NULL, 50, 8, NULL),
(11, 42, 1, NULL, 67, 2, NULL),
(11, 44, 1, NULL, 3, 8, NULL),
(11, 45, 1, NULL, 32, 4, NULL),
(11, 46, 1, NULL, 17142, NULL, NULL),
(11, 51, 1, NULL, NULL, NULL, NULL),
(11, 82, 1, '', 29, 5, NULL),
(11, 55, 1, NULL, 6, 8, NULL),
(11, 57, 1, NULL, 0, 9, NULL),
(11, 58, 1, NULL, 6266, NULL, NULL),
(11, 63, 1, NULL, NULL, NULL, NULL),
(11, 64, 1, NULL, NULL, NULL, NULL),
(11, 65, 1, NULL, NULL, NULL, 75),
(11, 65, 2, NULL, NULL, NULL, 73),
(11, 65, 3, NULL, NULL, NULL, 61),
(11, 65, 4, NULL, NULL, NULL, 47),
(11, 65, 5, NULL, NULL, NULL, 53),
(11, 65, 6, NULL, NULL, NULL, 51),
(11, 66, 1, NULL, NULL, NULL, 91),
(11, 66, 2, NULL, NULL, NULL, 43),
(11, 70, 1, NULL, NULL, NULL, 78),
(11, 70, 2, NULL, NULL, NULL, 71),
(11, 76, 1, NULL, NULL, NULL, 5),
(11, 76, 2, NULL, NULL, NULL, 37),
(11, 76, 3, NULL, NULL, NULL, 14),
(11, 76, 4, NULL, NULL, NULL, 13),
(11, 77, 1, NULL, NULL, NULL, 1),
(11, 78, 1, NULL, NULL, NULL, 94),
(11, 79, 1, '', 0, 0, 103),
(11, 80, 1, '', 0, 0, 104),
(12, 1, 1, NULL, NULL, NULL, NULL),
(12, 2, 1, 'cerne e alburno distintos pela cor, cerne pardo, alburno branco-amarelado; sem brilho; cheiro e gosto imperceptíveis; densidade alta; dura ao corte; grã variável: direita, ondulada e revessa; textura fina a média.\0', NULL, NULL, NULL),
(12, 3, 1, NULL, NULL, NULL, NULL),
(12, 4, 1, 'visível apenas sob lente, paratraqueal vasicêntrico e aliforme de aletas curtas.', 0, 0, NULL),
(12, 5, 1, 'visíveis apenas sob lente no topo e na face tangencial; finos; de poucos a numerosos.', 0, 0, NULL),
(12, 6, 1, 'visíveis a olho nu, pequenos a médios; poucos; porosidade difusa; arranjo radial e diagonal; solitários e múltiplos; obstruídos por tilos.\0', NULL, NULL, NULL),
(12, 7, 1, 'pouco distintas, quando presente individualizadas por zonas fibrosas tangenciais mais escuras.', 0, 0, NULL),
(12, 12, 1, 'presentes em alguns espécimes.\0', NULL, NULL, NULL),
(12, 13, 1, NULL, NULL, NULL, NULL),
(12, 14, 1, 'Madeira suscetível à ação cupins e xilófagos marinhos.', 0, 0, NULL),
(12, 14, 2, 'Resistente ao apodrecimento e durável ao ataque de cupins.', 0, 0, NULL),
(12, 15, 1, 'o cerne é difícil de ser tratado, entretanto, o alburno é permeável. ', 0, 0, NULL),
(12, 16, 1, NULL, NULL, NULL, NULL),
(12, 17, 1, 'Madeira excelente para serraria, no entanto, requer o uso de técnicas apropriadas de desdobro para minimizar os efeitos das tensões de crescimento. Apresenta boas características de aplainamento, lixamento, furação e acabamento.', 0, 0, NULL),
(12, 18, 1, 'em geral, as Madeiras de espécies de eucalipto são consideradas como difíceis de secar, podendo ocorrer defeitos como colapso, empenamentos e rachas. A secagem em estufa deve ser feita de acordo com programas suaves, combinando, por exemplo, baixas temperaturas com altas umidades relativas. É recomendável a secagem ao ar, ou o uso de pré-secador, antes da secagem em estufa.', 0, 0, NULL),
(12, 19, 1, NULL, NULL, NULL, NULL),
(12, 20, 1, NULL, NULL, NULL, NULL),
(12, 21, 1, NULL, 1040, NULL, NULL),
(12, 24, 1, NULL, 867, NULL, NULL),
(12, 25, 1, NULL, NULL, NULL, NULL),
(12, 26, 1, NULL, 6, 6, NULL),
(12, 27, 1, NULL, 9, 5, NULL),
(12, 28, 1, NULL, 19, 4, NULL),
(12, 30, 1, NULL, NULL, NULL, NULL),
(12, 31, 1, NULL, NULL, NULL, NULL),
(12, 32, 1, NULL, NULL, NULL, NULL),
(12, 33, 1, NULL, 111, 8, NULL),
(12, 34, 1, NULL, 121, 4, NULL),
(12, 36, 1, NULL, 47, 2, NULL),
(12, 37, 1, NULL, 13337, NULL, NULL),
(12, 39, 1, NULL, NULL, NULL, NULL),
(12, 40, 1, NULL, NULL, NULL, NULL),
(12, 41, 1, NULL, 51, 1, NULL),
(12, 42, 1, NULL, 62, 8, NULL),
(12, 44, 1, NULL, 4, 7, NULL),
(12, 45, 1, NULL, 33, 7, NULL),
(12, 46, 1, NULL, 15867, NULL, NULL),
(12, 51, 1, NULL, NULL, NULL, NULL),
(12, 82, 1, '', 45, 3, NULL),
(12, 53, 1, NULL, 16, 3, NULL),
(12, 55, 1, NULL, 10, 1, NULL),
(12, 57, 1, NULL, 1, 2, NULL),
(12, 59, 1, NULL, 8757, NULL, NULL),
(12, 63, 1, NULL, NULL, NULL, NULL),
(12, 64, 1, NULL, NULL, NULL, NULL),
(12, 65, 1, NULL, NULL, NULL, 75),
(12, 65, 2, NULL, NULL, NULL, 47),
(12, 65, 3, NULL, NULL, NULL, 50),
(12, 65, 4, NULL, NULL, NULL, 61),
(12, 66, 1, NULL, NULL, NULL, 91),
(12, 66, 2, NULL, NULL, NULL, 43),
(12, 67, 1, NULL, NULL, NULL, 81),
(12, 73, 1, NULL, NULL, NULL, NULL),
(12, 75, 1, NULL, NULL, NULL, 63),
(12, 76, 1, NULL, NULL, NULL, 5),
(12, 76, 2, NULL, NULL, NULL, 14),
(12, 77, 1, NULL, NULL, NULL, 2),
(12, 78, 1, NULL, NULL, NULL, 97),
(12, 79, 1, '', 0, 0, 101),
(12, 80, 1, '', 0, 0, 104),
(13, 1, 1, NULL, NULL, NULL, NULL),
(13, 2, 1, 'cerne e alburno distintos pela cor, cerne castanho-rosado-claro, alburno bege-rosado; pouco brilho; cheiro e gosto imperceptíveis; densidade baixa; macia ao corte; grã direita; textura fina a média.\0', NULL, NULL, NULL),
(13, 3, 1, NULL, NULL, NULL, NULL),
(13, 4, 1, 'indistinto mesmo sob lente, paratraqueal vasicêntrico escasso.\0', NULL, NULL, NULL),
(13, 5, 1, 'visíveis apenas sob lente no topo, finos. \0', NULL, NULL, NULL),
(13, 6, 1, 'visíveis a olho nu, pequenos a médios; poucos; porosidade difusa; arranjo diagonal; solitários; obstruídos por tilos. \0', NULL, NULL, NULL),
(13, 7, 1, 'distintas, individualizadas por zonas fibrosas tangenciais mais escuras.', 0, 0, NULL),
(13, 13, 1, NULL, NULL, NULL, NULL),
(13, 14, 1, 'madeira considerada com moderada durabilidade aos fungos apodrecedores e cupins', 0, 0, NULL),
(13, 14, 2, 'e com baixa durabilidade aos fungos de podridão mole e cupins-de-solo (Nasutitermes sp.).', 0, 0, NULL),
(13, 15, 1, 'o cerne é difícil de ser tratado, entretanto, o alburno é permeável.\0', NULL, NULL, NULL),
(13, 16, 1, NULL, NULL, NULL, NULL),
(13, 17, 1, 'Madeira excelente para serraria, no entanto, requer o uso de técnicas apropriadas de desdobro para minimizar os efeitos das tensões de crescimento. Apresenta boas características de aplainamento, lixamento, torneamento, furação e acabamento.', 0, 0, NULL),
(13, 18, 1, 'em geral, as madeiras de espécies de eucalipto são consideradas como difíceis de secar, podendo ocorrer defeitos como colapso, empenamentos e rachas. A secagem em estufa deve ser feita de acordo com programas suaves, combinando, por exemplo, baixas temperaturas com altas umidades relativas. É recomendável a secagem ao ar, ou o uso de pré-secador, antes da secagem em estufa.', 0, 0, NULL),
(13, 19, 1, NULL, NULL, NULL, NULL),
(13, 20, 1, NULL, NULL, NULL, NULL),
(13, 21, 1, NULL, 500, NULL, NULL),
(13, 24, 1, NULL, 420, NULL, NULL),
(13, 25, 1, NULL, NULL, NULL, NULL),
(13, 26, 1, NULL, 5, 3, NULL),
(13, 27, 1, NULL, 8, 7, NULL),
(13, 28, 1, NULL, 15, 7, NULL),
(13, 30, 1, NULL, NULL, NULL, NULL),
(13, 31, 1, NULL, NULL, NULL, NULL),
(13, 32, 1, NULL, NULL, NULL, NULL),
(13, 33, 1, NULL, 53, 8, NULL),
(13, 34, 1, NULL, 75, 6, NULL),
(13, 37, 1, NULL, 9689, NULL, NULL),
(13, 39, 1, NULL, NULL, NULL, NULL),
(13, 40, 1, NULL, NULL, NULL, NULL),
(13, 41, 1, NULL, 26, 3, NULL),
(13, 42, 1, NULL, 42, 1, NULL),
(13, 45, 1, NULL, 19, 7, NULL),
(13, 46, 1, NULL, 11572, NULL, NULL),
(13, 51, 1, NULL, NULL, NULL, NULL),
(13, 59, 1, NULL, 2687, NULL, NULL),
(13, 63, 1, NULL, NULL, NULL, NULL),
(13, 64, 1, NULL, NULL, NULL, NULL),
(13, 67, 1, NULL, NULL, NULL, 80),
(13, 67, 2, NULL, NULL, NULL, 81),
(13, 67, 3, NULL, NULL, NULL, 68),
(13, 70, 1, NULL, NULL, NULL, 78),
(13, 70, 2, NULL, NULL, NULL, 71),
(13, 71, 1, NULL, NULL, NULL, 46),
(13, 71, 2, NULL, NULL, NULL, 56),
(13, 71, 3, NULL, NULL, NULL, 79),
(13, 71, 4, NULL, NULL, NULL, 55),
(13, 71, 5, NULL, NULL, NULL, 58),
(13, 72, 1, NULL, NULL, NULL, 88),
(13, 72, 2, NULL, NULL, NULL, 89),
(13, 73, 1, NULL, NULL, NULL, NULL),
(13, 75, 1, NULL, NULL, NULL, 63),
(13, 75, 2, NULL, NULL, NULL, 70),
(13, 76, 1, NULL, NULL, NULL, 23),
(13, 76, 2, NULL, NULL, NULL, 8),
(13, 76, 3, NULL, NULL, NULL, 13),
(13, 77, 1, NULL, NULL, NULL, 2),
(13, 78, 1, NULL, NULL, NULL, 94),
(13, 79, 1, '', 0, 0, 101),
(13, 80, 1, '', 0, 0, 104),
(14, 1, 1, NULL, NULL, NULL, NULL),
(14, 2, 1, 'cerne e alburno distintos pela cor, cerne variando do castanho-amarelado ao castanho-avermelhado, alburno branco-amarelado; cheiro e gosto imperceptíveis; densidade alta; dura ao corte; grã regular a irregular; textura média; superfície pouco lustrosa.', 0, 0, NULL),
(14, 3, 1, NULL, NULL, NULL, NULL),
(14, 4, 1, 'visível a olho nu, em faixas marginais associadas ao paratraqueal vasicêntrico ou aliforme. \0', NULL, NULL, NULL),
(14, 5, 1, 'visíveis a olho nu no topo e visíveis sob lente na face tangencial, poucos.\0', NULL, NULL, NULL),
(14, 6, 1, 'visíveis a olho nu, médios; muito poucos; porosidade difusa; solitários e múltiplos; obstruídos por óleo-resina. \0', NULL, NULL, NULL),
(14, 7, 1, 'distintas, individualizadas por parênquima marginal.\0', NULL, NULL, NULL),
(14, 13, 1, NULL, NULL, NULL, NULL),
(14, 14, 1, 'a espécie <I>Hymenaea courbaril</I> L. é considerada altamente resistente aos térmitas e fungos de podridão branca e parda, mas susceptível aos perfuradores marinhos.', 0, 0, NULL),
(14, 14, 2, 'Em contato com o solo <I>Hymenaea stilbocarpa</I> Hayne apresentou vida média inferior a 9 anos sendo considerada moderadamente durável\0', NULL, NULL, NULL),
(14, 14, 3, ', já em ensaios de laboratório apresentou resistência média a alta ao ataque de organismos xilófagos.\0', NULL, NULL, NULL),
(14, 14, 4, 'Em ambiente marinho a Madeira de <I>Hymenaea</I> sp. ensaiada foi intensamente atacada por organismos perfuradores.', 0, 0, NULL),
(14, 15, 1, 'o cerne de jatobá, quando submetido à impregnação sob pressão, demonstrou ser impermeável às soluções preservativas.', 0, 0, NULL),
(14, 16, 1, '\r\n\0', NULL, NULL, NULL),
(14, 17, 1, 'a Madeira de jatobá é moderadamente fácil de trabalhar, pode ser aplainada, colada, parafusada e pregada sem problemas. Apresenta resistência para tornear e faquear. O acabamento é bom. Aceitapintura, verniz e lustre.', 0, 0, NULL),
(14, 18, 1, 'a Madeira seca ao ar com poucas deformações. Observa-se a presença de rachaduras e empenamentos quando a secagem é muito rápida.', 0, 0, NULL),
(14, 18, 2, 'A secagem ao ar deve ser realizada em local protegido da luz solar direta, com boa ventilação, para evitar rachaduras radiais.', 0, 0, NULL),
(14, 19, 1, NULL, NULL, NULL, NULL),
(14, 20, 1, NULL, NULL, NULL, NULL),
(14, 21, 1, NULL, 960, NULL, NULL),
(14, 24, 1, NULL, 800, NULL, NULL),
(14, 25, 1, NULL, NULL, NULL, NULL),
(14, 26, 1, NULL, 3, 1, NULL),
(14, 27, 1, NULL, 7, 2, NULL),
(14, 28, 1, NULL, 10, 7, NULL),
(14, 30, 1, NULL, NULL, NULL, NULL),
(14, 31, 1, NULL, NULL, NULL, NULL),
(14, 32, 1, NULL, NULL, NULL, NULL),
(14, 33, 1, NULL, 131, 6, NULL),
(14, 34, 1, NULL, 151, 8, NULL),
(14, 36, 1, NULL, 55, 8, NULL),
(14, 37, 1, NULL, 14837, NULL, NULL),
(14, 39, 1, NULL, NULL, NULL, NULL),
(14, 40, 1, NULL, NULL, NULL, NULL),
(14, 41, 1, NULL, 67, 0, NULL),
(14, 42, 1, NULL, 82, 2, NULL),
(14, 44, 1, NULL, 3, 2, NULL),
(14, 45, 1, NULL, 46, 3, NULL),
(14, 46, 1, NULL, 17691, NULL, NULL),
(14, 51, 1, NULL, NULL, NULL, NULL),
(14, 52, 1, NULL, 33, 7, NULL),
(14, 53, 1, NULL, 17, 5, NULL);
INSERT INTO `Madeira_Item` (`Cod_Madeira`, `Cod_Item`, `Num_Linha`, `Desc_Item`, `Valor_Inteiro`, `Valor_Decimal`, `Cod_Conteudo`) VALUES
(14, 55, 1, NULL, 13, 1, NULL),
(14, 57, 1, NULL, 1, 5, NULL),
(14, 59, 1, NULL, 11180, NULL, NULL),
(14, 63, 1, NULL, NULL, NULL, NULL),
(14, 64, 1, NULL, NULL, NULL, NULL),
(14, 65, 1, NULL, NULL, NULL, 50),
(14, 65, 2, NULL, NULL, NULL, 47),
(14, 66, 1, NULL, NULL, NULL, 91),
(14, 66, 2, NULL, NULL, NULL, 43),
(14, 66, 3, NULL, NULL, NULL, 83),
(14, 67, 1, NULL, NULL, NULL, 80),
(14, 67, 2, NULL, NULL, NULL, 81),
(14, 67, 3, NULL, NULL, NULL, 68),
(14, 67, 4, NULL, NULL, NULL, 49),
(14, 68, 1, NULL, NULL, NULL, 74),
(14, 68, 2, NULL, NULL, NULL, 57),
(14, 68, 3, NULL, NULL, NULL, 42),
(14, 69, 1, NULL, NULL, NULL, 56),
(14, 69, 2, NULL, NULL, NULL, 79),
(14, 69, 3, NULL, NULL, NULL, 67),
(14, 69, 4, NULL, NULL, NULL, 55),
(14, 69, 5, NULL, NULL, NULL, 58),
(14, 73, 1, NULL, NULL, NULL, NULL),
(14, 74, 1, NULL, NULL, NULL, 64),
(14, 76, 1, NULL, NULL, NULL, 3),
(14, 76, 2, NULL, NULL, NULL, 5),
(14, 76, 3, NULL, NULL, NULL, 17),
(14, 76, 4, NULL, NULL, NULL, 31),
(14, 76, 5, NULL, NULL, NULL, 37),
(14, 77, 1, NULL, NULL, NULL, 1),
(14, 78, 1, NULL, NULL, NULL, 94),
(14, 79, 1, '', 0, 0, 101),
(14, 80, 1, '', 0, 0, 104),
(15, 1, 1, NULL, NULL, NULL, NULL),
(15, 2, 1, 'cerne e alburno pouco distintos pela cor, cerne bege-claro levemente rosado a avermelhado; brilho moderado; cheiro e gosto imperceptíveis; densidade média; moderadamente dura ao corte; grã revessa; textura média (aspecto fibroso).\0', NULL, NULL, NULL),
(15, 3, 1, NULL, NULL, NULL, NULL),
(15, 4, 1, 'visível apenas sob lente, paratraqueal aliforme com aletas curtas, eventualmente confluente, podendo formar arranjos oblíquos. ', 0, 0, NULL),
(15, 5, 1, 'visíveis apenas sob lente no topo e na face tangencial; poucos.\0', NULL, NULL, NULL),
(15, 6, 1, 'visíveis a olho nu, grandes; muito poucos a poucos; porosidade difusa; solitários e múltiplos; eventualmente obstruídos por substância branca.\0', NULL, NULL, NULL),
(15, 7, 1, 'distintas, individualizadas por zonas fibrosas tangenciais mais escuras. ', 0, 0, NULL),
(15, 13, 1, NULL, NULL, NULL, NULL),
(15, 14, 1, 'a Madeira de mandioqueira apresenta baixa resistência ao ataque de organismos xilófagos.', 0, 0, NULL),
(15, 14, 2, 'Apresenta resistência moderada ao ataque de cupins-de-Madeira-seca.', 0, 0, NULL),
(15, 14, 3, 'Para ', 0, 0, NULL),
(15, 14, 4, 'esta Madeira é considerada moderadamente susceptível ao ataque de térmitas e susceptível aos perfuradores marinhos.', 0, 0, NULL),
(15, 15, 1, 'a Madeira de mandioqueira deve ser moderadamente permeável às soluções preservantes quando submetida a tratamento sob pressão.', 0, 0, NULL),
(15, 16, 1, NULL, NULL, NULL, NULL),
(15, 17, 1, 'a Madeira de mandioqueira é moderadamente dura ao corte, com ferramentas manuais ou mecânicas, devido à presença de sílica nas  células do raio. Apresenta um bom acabamento, boa colagem e é fácil de tornear, porém com tendência para apresentar superfície felpuda. ', 0, 0, NULL),
(15, 18, 1, 'a Madeira de mandioqueira seca bem ao ar livre, sem apresentar defeitos. A secagem artificial deve ser cuidadosa.', 0, 0, NULL),
(15, 19, 1, NULL, NULL, NULL, NULL),
(15, 20, 1, NULL, NULL, NULL, NULL),
(15, 21, 1, NULL, 650, NULL, NULL),
(15, 24, 1, '', 540, 0, NULL),
(15, 25, 1, NULL, NULL, NULL, NULL),
(15, 26, 1, NULL, 4, 5, NULL),
(15, 27, 1, NULL, 8, 9, NULL),
(15, 28, 1, NULL, 15, 1, NULL),
(15, 30, 1, NULL, NULL, NULL, NULL),
(15, 31, 1, NULL, NULL, NULL, NULL),
(15, 32, 1, NULL, NULL, NULL, NULL),
(15, 33, 1, NULL, 61, 1, NULL),
(15, 34, 1, NULL, 87, 3, NULL),
(15, 36, 1, NULL, 34, 3, NULL),
(15, 37, 1, NULL, 11023, NULL, NULL),
(15, 39, 1, NULL, NULL, NULL, NULL),
(15, 40, 1, NULL, NULL, NULL, NULL),
(15, 41, 1, NULL, 31, 8, NULL),
(15, 42, 1, NULL, 56, 5, NULL),
(15, 44, 1, '', 3, 7, NULL),
(15, 45, 1, NULL, 22, 8, NULL),
(15, 46, 1, NULL, 13700, NULL, NULL),
(15, 51, 1, NULL, NULL, NULL, NULL),
(15, 52, 1, NULL, 20, 1, NULL),
(15, 53, 1, NULL, 7, 8, NULL),
(15, 55, 1, NULL, 4, 2, NULL),
(15, 57, 1, NULL, 0, 6, NULL),
(15, 59, 1, NULL, 3864, NULL, NULL),
(15, 63, 1, NULL, NULL, NULL, NULL),
(15, 64, 1, NULL, NULL, NULL, NULL),
(15, 70, 1, NULL, NULL, NULL, 78),
(15, 70, 2, NULL, NULL, NULL, 71),
(15, 71, 1, NULL, NULL, NULL, 55),
(15, 71, 2, NULL, NULL, NULL, 56),
(15, 71, 3, NULL, NULL, NULL, 46),
(15, 71, 4, NULL, NULL, NULL, 79),
(15, 72, 1, NULL, NULL, NULL, 88),
(15, 72, 2, NULL, NULL, NULL, 89),
(15, 72, 3, NULL, NULL, NULL, 90),
(15, 73, 1, NULL, NULL, NULL, NULL),
(15, 75, 1, NULL, NULL, NULL, 63),
(15, 75, 2, NULL, NULL, NULL, 70),
(15, 76, 1, NULL, NULL, NULL, 8),
(15, 76, 2, NULL, NULL, NULL, 13),
(15, 77, 1, NULL, NULL, NULL, 2),
(15, 78, 1, NULL, NULL, NULL, 96),
(15, 79, 1, '', 0, 0, 101),
(15, 80, 1, '', 0, 0, 104),
(16, 1, 1, NULL, NULL, NULL, NULL),
(16, 2, 1, 'cerne castanho-claro levemente rosado; sem brilho; cheiro e gosto imperceptíveis; densidade média; macia ao corte; grã direita; textura média.\0', NULL, NULL, NULL),
(16, 3, 1, NULL, NULL, NULL, NULL),
(16, 4, 1, 'visível a olho nu, em linhas \r\nregularmente espaçadas.\0', NULL, NULL, NULL),
(16, 5, 1, 'visíveis a olho nu no topo, na face tangencial é visível apenas sob lente, finos, poucos.&nbsp;', 0, 0, NULL),
(16, 6, 1, 'visíveis a olho nu, grandes; muito poucos; porosidade difusa; solitários, múltiplos de dois a cinco; obstruídos por tilos. \0', NULL, NULL, NULL),
(16, 7, 1, 'distintas, individualizadas por zonas fibrosas tangenciais mais escuras.&nbsp;', 0, 0, NULL),
(16, 12, 1, 'presentes em séries tangenciais.\0', NULL, NULL, NULL),
(16, 13, 1, NULL, NULL, NULL, NULL),
(16, 14, 1, 'em ensaio de laboratório, a Madeira de castanheira demonstrou ser resistente ao ataque de organismos xilófagos (fungos e insetos).', 0, 0, NULL),
(16, 14, 2, 'O cerne é resistente a muito resistente ao ataque de fungos apodrecedores (podridão branca e parda).', 0, 0, NULL),
(16, 14, 3, 'Estudo realizado pela', 0, 0, NULL),
(16, 14, 4, 'verificou que a durabilidade desta Madeira é inferior a 12 anos de serviço em contato com o solo.', 0, 0, NULL),
(16, 15, 1, 'o cerne é difícil de preservar em processo sob pressão (retenção de preservativo oleossolúvel abaixo de 100 kg/m3). No alburno, a penetração de preservativo oleossolúvel é total e uniforme.', 0, 0, NULL),
(16, 16, 1, NULL, NULL, NULL, NULL),
(16, 17, 1, 'UM Madeira de Castanheira É moderadamente trabalhada Difícil de Ser, Mas Apresenta Superfície lisa de acabamento. O desdobro EO São aplainamento Regulares, enquanto o Que Torneamento, hum Colagem EA Fixação fáceis São moderadamente.', 0, 0, NULL),
(16, 18, 1, 'a secagem é muito lenta, podendo apresentar rachaduras, encanoamentos, torcimentos e endurecimento superficial moderados.', 0, 0, NULL),
(16, 18, 2, 'A secagem ao Ar É Fácil, Rápida um moderadamente Rápida, podendo apresentar Rachas, empenamentos e endurecimento superficial.', 0, 0, NULL),
(16, 19, 1, NULL, NULL, NULL, NULL),
(16, 20, 1, NULL, NULL, NULL, NULL),
(16, 21, 1, NULL, 750, NULL, NULL),
(16, 23, 1, NULL, 1120, NULL, NULL),
(16, 24, 1, NULL, 630, NULL, NULL),
(16, 25, 1, NULL, NULL, NULL, NULL),
(16, 26, 1, NULL, 4, 3, NULL),
(16, 27, 1, NULL, 8, 4, NULL),
(16, 28, 1, NULL, 13, 2, NULL),
(16, 30, 1, NULL, NULL, NULL, NULL),
(16, 31, 1, NULL, NULL, NULL, NULL),
(16, 32, 1, NULL, NULL, NULL, NULL),
(16, 33, 1, NULL, 76, 8, NULL),
(16, 35, 1, NULL, 116, 0, NULL),
(16, 37, 1, NULL, 10101, NULL, NULL),
(16, 38, 1, NULL, 12553, NULL, NULL),
(16, 39, 1, NULL, NULL, NULL, NULL),
(16, 40, 1, NULL, NULL, NULL, NULL),
(16, 41, 1, NULL, 36, 0, NULL),
(16, 43, 1, NULL, 58, 3, NULL),
(16, 51, 1, NULL, NULL, NULL, NULL),
(16, 82, 1, '', 26, 5, NULL),
(16, 53, 1, NULL, 7, 7, NULL),
(16, 54, 1, NULL, 11, 5, NULL),
(16, 55, 1, NULL, 3, 7, NULL),
(16, 56, 1, NULL, 4, 2, NULL),
(16, 59, 1, NULL, 5080, NULL, NULL),
(16, 60, 1, NULL, 8071, NULL, NULL),
(16, 61, 1, NULL, 5178, NULL, NULL),
(16, 62, 1, NULL, 6541, NULL, NULL),
(16, 63, 1, NULL, NULL, NULL, NULL),
(16, 64, 1, NULL, NULL, NULL, NULL),
(16, 68, 1, NULL, NULL, NULL, 74),
(16, 68, 2, NULL, NULL, NULL, 85),
(16, 68, 3, NULL, NULL, NULL, 44),
(16, 69, 1, NULL, NULL, NULL, 55),
(16, 69, 2, NULL, NULL, NULL, 58),
(16, 69, 3, NULL, NULL, NULL, 67),
(16, 70, 1, NULL, NULL, NULL, 78),
(16, 72, 1, NULL, NULL, NULL, 89),
(16, 72, 2, NULL, NULL, NULL, 90),
(16, 72, 3, NULL, NULL, NULL, 88),
(16, 73, 1, NULL, NULL, NULL, NULL),
(16, 75, 1, NULL, NULL, NULL, 63),
(16, 75, 2, NULL, NULL, NULL, 70),
(16, 76, 1, NULL, NULL, NULL, 23),
(16, 76, 2, NULL, NULL, NULL, 8),
(16, 76, 3, NULL, NULL, NULL, 13),
(16, 77, 1, NULL, NULL, NULL, 1),
(16, 78, 1, NULL, NULL, NULL, 94),
(16, 79, 1, '', 0, 0, 101),
(16, 80, 1, '', 0, 0, 104),
(17, 1, 1, NULL, NULL, NULL, NULL),
(17, 2, 1, 'cerne e alburno pouco distintos pela cor, cerne rosado e alburno cinza-claro a cinza-rosado; brilho moderado ou ausente; cheiro e gosto imperceptíveis; densidade baixa; macia ao corte; grã revessa; textura média a grossa.\0', NULL, NULL, NULL),
(17, 3, 1, NULL, NULL, NULL, NULL),
(17, 4, 1, 'visível a olho nu, paratraqueal aliforme com extensões longas e estreitas unindo vários vasos.\0', NULL, NULL, NULL),
(17, 5, 1, 'os mais largos são visíveis a olho nu no topo, na face tangencial visíveis apenas sob lente.', 0, 0, NULL),
(17, 6, 1, 'visíveis a olho nu, médios a grandes; poucos; porosidade difusa; solitários em maioria; alguns obstruídos por tilos.\0', NULL, NULL, NULL),
(17, 7, 1, 'indistintas.', 0, 0, NULL),
(17, 12, 1, 'presentes em alguns espécimes.\0', NULL, NULL, NULL),
(17, 13, 1, NULL, NULL, NULL, NULL),
(17, 14, 1, 'a resistência da Madeira ao apodrecimento varia conforme a espécie. Com relação ao ataque de cupins e fungos, geralmente as Madeiras desse gênero são susceptíveis a moderadamente resistentes ao ataque de cupins-de-Madeira-seca.', 0, 0, NULL),
(17, 14, 2, 'A espécie <I>V. guianensis</I> é considerada moderadamente resistente ao ataque de cupins, entretanto, pode apresentar uma baixa resistência ao ataque de perfuradores marinhos. O alburno pode ser susceptível ao ataque de brocas do gênero <I>Lyctus</I>.', 0, 0, NULL),
(17, 14, 3, 'Em ensaio de campo, com a Madeira em contato com o solo, a espécie <I>V. guianensis</I>  foi considerada moderadamente durável, com vida útil entre dois e cinco anos, e a espécie <I>V. maxima</I> foi considerada não durável, com vida útil inferior a dois anos.', 0, 0, NULL),
(17, 15, 1, 'o alburno é muito fácil de preservar com creosoto (oleossolúvel) e CCA-A (hidrossolúvel) aplicados sob pressão.', 0, 0, NULL),
(17, 15, 2, 'O cerne de <I>V. guianensis</I> é resistente ao tratamento preservante. ', 0, 0, NULL),
(17, 15, 3, 'Em ensaio laboratorial realizado pelo IPT, em tratamento sob pressão, o alburno apresentou alta permeabilidade ao pentaclorofenol.\0', NULL, NULL, NULL),
(17, 16, 1, NULL, NULL, NULL, NULL),
(17, 17, 1, 'a Madeira de quaruba é fácil de ser trabalhada tanto com ferramentas manuais como com máquinas. Alguns defeitos comuns são a superfície felpuda e fibras arrancadas. A colagem e a aplicação de tintas e vernizes não apresentam problemas. O polimento é bom.', 0, 0, NULL),
(17, 17, 2, 'É fácil de aplainar, lixar, tornear e furar, podendo apresentar, entretanto, acabamento ruim.', 0, 0, NULL),
(17, 18, 1, 'a secagem ao ar é moderada, com tendência a empenamento e rachaduras. A secagem em estufa é rápida, mas pode agravar os defeitos se não for bem controlada. Peças espessas estão sujeitas a colapso.', 0, 0, NULL),
(17, 19, 1, NULL, NULL, NULL, NULL),
(17, 20, 1, NULL, NULL, NULL, NULL),
(17, 22, 1, NULL, 600, NULL, NULL),
(17, 23, 1, NULL, 1140, NULL, NULL),
(17, 24, 1, NULL, 490, NULL, NULL),
(17, 25, 1, NULL, NULL, NULL, NULL),
(17, 26, 1, NULL, 4, 0, NULL),
(17, 27, 1, NULL, 8, 8, NULL),
(17, 28, 1, NULL, 12, 1, NULL),
(17, 30, 1, NULL, NULL, NULL, NULL),
(17, 31, 1, NULL, NULL, NULL, NULL),
(17, 32, 1, NULL, NULL, NULL, NULL),
(17, 33, 1, NULL, 60, 5, NULL),
(17, 35, 1, NULL, 91, 2, NULL),
(17, 37, 1, NULL, 9316, NULL, NULL),
(17, 38, 1, NULL, 11180, NULL, NULL),
(17, 39, 1, NULL, NULL, NULL, NULL),
(17, 40, 1, NULL, NULL, NULL, NULL),
(17, 41, 1, NULL, 29, 4, NULL),
(17, 43, 1, NULL, 47, 6, NULL),
(17, 47, 1, NULL, NULL, NULL, NULL),
(17, 48, 1, NULL, NULL, NULL, NULL),
(17, 49, 1, NULL, 4, 8, NULL),
(17, 50, 1, NULL, 5, 7, NULL),
(17, 51, 1, NULL, NULL, NULL, NULL),
(17, 53, 1, NULL, 8, 4, NULL),
(17, 54, 1, NULL, 10, 0, NULL),
(17, 55, 1, NULL, 3, 7, NULL),
(17, 56, 1, NULL, 3, 4, NULL),
(17, 59, 1, NULL, 4335, NULL, NULL),
(17, 60, 1, NULL, 5492, NULL, NULL),
(17, 63, 1, NULL, NULL, NULL, NULL),
(17, 64, 1, NULL, NULL, NULL, NULL),
(17, 70, 1, NULL, NULL, NULL, 78),
(17, 70, 2, NULL, NULL, NULL, 71),
(17, 71, 1, NULL, NULL, NULL, 46),
(17, 71, 2, NULL, NULL, NULL, 56),
(17, 71, 3, NULL, NULL, NULL, 79),
(17, 71, 4, NULL, NULL, NULL, 55),
(17, 71, 5, NULL, NULL, NULL, 58),
(17, 72, 1, NULL, NULL, NULL, 90),
(17, 72, 2, NULL, NULL, NULL, 88),
(17, 73, 1, NULL, NULL, NULL, NULL),
(17, 75, 1, NULL, NULL, NULL, 63),
(17, 75, 2, NULL, NULL, NULL, 70),
(17, 76, 1, NULL, NULL, NULL, 27),
(17, 76, 2, NULL, NULL, NULL, 31),
(17, 76, 3, NULL, NULL, NULL, 14),
(17, 76, 4, NULL, NULL, NULL, 8),
(17, 76, 5, NULL, NULL, NULL, 23),
(17, 76, 6, NULL, NULL, NULL, 3),
(17, 76, 7, NULL, NULL, NULL, 13),
(17, 76, 8, NULL, NULL, NULL, 29),
(17, 76, 9, NULL, NULL, NULL, 4),
(17, 77, 1, '', 0, 0, 2),
(17, 78, 1, '', 0, 0, 96),
(17, 79, 1, '', 0, 0, 101),
(17, 80, 1, '', 0, 0, 104),
(18, 1, 1, NULL, NULL, NULL, NULL),
(18, 2, 1, 'alburno e cerne pouco distintos pela cor, cerne branco-amarelado, freqüentemente com manchas largas róseo-avermelhadas (em árvores mais velhas, o cerne pode apresentar coloração amarronzada); brilho moderado; cheiro e gosto pouco acentuados, característicos de resina, agradável; densidade baixa; macia ao corte; grã direita; textura fina.', 0, 0, NULL),
(18, 3, 1, NULL, NULL, NULL, NULL),
(18, 4, 1, 'invisível mesmo sob lente.', 0, 0, NULL),
(18, 5, 1, 'visíveis apenas sob lente no topo, na face tangencial é invisível mesmo sob lente.', 0, 0, NULL),
(18, 7, 1, 'distintas; transição suave entre o lenho inicial e tardio.', 0, 0, NULL),
(18, 11, 1, 'ausentes.', 0, 0, NULL),
(18, 13, 1, NULL, NULL, NULL, NULL),
(18, 14, 1, 'a Madeira de pinho-do-paraná, em ensaio de laboratório, demonstrou ter baixa resistência ao apodrecimento e ao ataque de cupins-de-Madeira-seca', 0, 0, NULL),
(18, 14, 2, 'A Madeira é muito susceptível aos fungos causadores da mancha azul, cupins e perfuradores marinhos. Ocasionalmente podem ocorrer danos causados por brocas do grupo dos curculionídeos. O alburno não é susceptível às brocas de Madeiras do gênero Lyctus', 0, 0, NULL),
(18, 15, 1, 'a Madeira de pinho-do-paraná, em ensaios de laboratório, quando submetida à impregnação sob pressão, demonstrou ter alta permeabilidade às soluções preservantes', 0, 0, NULL),
(18, 16, 1, NULL, NULL, NULL, NULL),
(18, 17, 1, 'a Madeira de pinho-do-paraná é fácil de ser trabalhada com ferramentas manuais ou máquinas. Se ocorrer Madeira de compressão, pode haver distorção durante o aplainamento. Fácil de colar e aceita bem acabamentos superficiais', 0, 0, NULL),
(18, 17, 2, '.É fácil de desdobrar, aplainar e colar permitindo bom acabamento.', 0, 0, NULL),
(18, 18, 1, 'a secagem ao ar é difícil por apresentar tendência à torção e rachaduras. O processo de secagem em estufa deve ser controlado cuidadosamente, para que se possa obter Madeira de qualidade.', 0, 0, NULL),
(18, 19, 1, NULL, NULL, NULL, NULL),
(18, 20, 1, NULL, NULL, NULL, NULL),
(18, 21, 1, '', 550, 0, NULL),
(18, 24, 1, '', 458, 0, NULL),
(18, 25, 1, NULL, NULL, NULL, NULL),
(18, 26, 1, '', 4, 0, NULL),
(18, 27, 1, '', 7, 8, NULL),
(18, 28, 1, '', 13, 2, NULL),
(18, 30, 1, NULL, NULL, NULL, NULL),
(18, 31, 1, NULL, NULL, NULL, NULL),
(18, 32, 1, NULL, NULL, NULL, NULL),
(18, 33, 1, '', 59, 7, NULL),
(18, 34, 1, '', 85, 6, NULL),
(18, 36, 1, '', 25, 1, NULL),
(18, 37, 1, '', 10719, 0, NULL),
(18, 39, 1, NULL, NULL, NULL, NULL),
(18, 40, 1, NULL, NULL, NULL, NULL),
(18, 41, 1, '', 26, 3, NULL),
(18, 42, 1, '', 41, 4, NULL),
(18, 44, 1, '', 4, 7, NULL),
(18, 45, 1, '', 20, 6, NULL),
(18, 46, 1, '', 13514, 0, NULL),
(18, 51, 1, NULL, NULL, NULL, NULL),
(18, 52, 1, '', 14, 7, NULL),
(18, 53, 1, '', 6, 7, NULL),
(18, 55, 1, '', 3, 4, NULL),
(18, 57, 1, '', 0, 4, NULL),
(18, 59, 1, '', 2687, 0, NULL),
(18, 63, 1, NULL, NULL, NULL, NULL),
(18, 64, 1, NULL, NULL, NULL, NULL),
(18, 70, 1, '', 0, 0, 78),
(18, 70, 2, '', 0, 0, 71),
(18, 71, 1, '', 0, 0, 46),
(18, 71, 2, '', 0, 0, 56),
(18, 71, 3, '', 0, 0, 79),
(18, 71, 4, '', 0, 0, 55),
(18, 71, 5, '', 0, 0, 58),
(18, 72, 1, '', 0, 0, 88),
(18, 72, 2, '', 0, 0, 89),
(18, 72, 3, '', 0, 0, 90),
(18, 73, 1, NULL, NULL, NULL, NULL),
(18, 75, 1, '', 0, 0, 63),
(18, 75, 2, '', 0, 0, 70),
(18, 76, 1, '', 0, 0, 26),
(18, 76, 2, '', 0, 0, 27),
(18, 76, 3, '', 0, 0, 20),
(18, 76, 4, '', 0, 0, 6),
(18, 76, 5, '', 0, 0, 24),
(18, 76, 6, '', 0, 0, 29),
(18, 76, 7, '', 0, 0, 8),
(18, 76, 8, '', 0, 0, 23),
(18, 76, 9, '', 0, 0, 3),
(18, 76, 10, '', 0, 0, 13),
(18, 76, 11, '', 0, 0, 39),
(18, 76, 12, '', 0, 0, 28),
(18, 77, 1, '', 0, 0, 2),
(18, 78, 1, '', 0, 0, 92),
(18, 79, 1, '', 0, 0, 102),
(18, 80, 1, '', 0, 0, 104),
(19, 1, 1, NULL, NULL, NULL, NULL),
(19, 2, 1, 'cerne e alburno distintos pela cor, cerne róseo-acastanhado e alburno bege-pálido; cheiro e gosto imperceptíveis; densidade média; dura ao corte; grã ondulada; textura grossa; superfície lustrosa.', 0, 0, NULL),
(19, 3, 1, NULL, NULL, NULL, NULL),
(19, 4, 1, 'visível apenas sob lente, em linhas finas, algumas associadas aos vasos e parte independentes e interpostas entre aquelas.', 0, 0, NULL),
(19, 5, 1, 'visíveis a olho nu no topo e na face tangencial; largos; muito poucos. ', 0, 0, NULL),
(19, 6, 1, 'visíveis a olho nu, médios; poucos; porosidade difusa; arranjo tangencial; solitários e múltiplos; vazios.', 0, 0, NULL),
(19, 7, 1, 'indistintas.', 0, 0, NULL),
(19, 13, 1, NULL, NULL, NULL, NULL),
(19, 14, 1, 'Madeira considerada de baixa durabilidade natural.', 0, 0, NULL),
(19, 15, 1, 'considerando sua estrutura anatômica o cerne desta Madeira deve apresentar baixa permeabilidade às soluções preservativas. ', 0, 0, NULL),
(19, 16, 1, NULL, NULL, NULL, NULL),
(19, 17, 1, 'a Madeira de louro-faia é fácil de ser trabalhada. ', 0, 0, NULL),
(19, 18, 1, 'por apresentar contrações tangencial e volumétrica altas e grã ondulada, a secagem deve ser cuidadosa. Não há indicações de programas de secagem artificial específicos para esta Madeira.', 0, 0, NULL),
(19, 19, 1, NULL, NULL, NULL, NULL),
(19, 20, 1, NULL, NULL, NULL, NULL),
(19, 21, 1, '', 680, 0, NULL),
(19, 24, 1, '', 567, 0, NULL),
(19, 25, 1, NULL, NULL, NULL, NULL),
(19, 26, 1, '', 3, 2, NULL),
(19, 27, 1, '', 14, 0, NULL),
(19, 28, 1, '', 20, 3, NULL),
(19, 30, 1, NULL, NULL, NULL, NULL),
(19, 31, 1, NULL, NULL, NULL, NULL),
(19, 32, 1, NULL, NULL, NULL, NULL),
(19, 33, 1, '', 65, 4, NULL),
(19, 34, 1, '', 98, 2, NULL),
(19, 36, 1, '', 23, 9, NULL),
(19, 37, 1, '', 11150, 0, NULL),
(19, 39, 1, NULL, NULL, NULL, NULL),
(19, 40, 1, NULL, NULL, NULL, NULL),
(19, 41, 1, '', 25, 2, NULL),
(19, 42, 1, '', 43, 1, NULL),
(19, 44, 1, '', 6, 1, NULL),
(19, 45, 1, '', 17, 8, NULL),
(19, 46, 1, '', 13563, 0, NULL),
(19, 51, 1, NULL, NULL, NULL, NULL),
(19, 52, 1, '', 35, 1, NULL),
(19, 53, 1, '', 7, 4, NULL),
(19, 55, 1, '', 9, 3, NULL),
(19, 57, 1, '', 1, 0, NULL),
(19, 59, 1, '', 3736, 0, NULL),
(19, 63, 1, NULL, NULL, NULL, NULL),
(19, 64, 1, NULL, NULL, NULL, NULL),
(19, 69, 1, '', 0, 0, 67),
(19, 69, 2, '', 0, 0, 55),
(19, 69, 3, '', 0, 0, 58),
(19, 73, 1, NULL, NULL, NULL, NULL),
(19, 74, 1, '', 0, 0, 62),
(19, 76, 1, '', 0, 0, 23),
(19, 76, 2, '', 0, 0, 31),
(19, 76, 3, '', 0, 0, 10),
(19, 77, 1, '', 0, 0, 2),
(19, 78, 1, '', 0, 0, 94),
(19, 79, 1, '', 0, 0, 101),
(19, 80, 1, '', 0, 0, 104),
(20, 1, 1, NULL, NULL, NULL, NULL),
(20, 2, 1, 'cerne e alburno distintos pela cor, cerne castanho-avermelhado; cheiro perceptível agradável e gosto levemente adstringente; densidade alta; dura ao corte; grã revessa; textura média; superfície irregularmente lustrosa.', 0, 0, NULL),
(20, 3, 1, NULL, NULL, NULL, NULL),
(20, 4, 1, 'visível apenas sob lente, paratraqueal escasso vasicêntrico, ocasionalmente aliforme com extensões muito curtas.', 0, 0, NULL),
(20, 5, 1, 'visíveis apenas sob lente no topo e na face tangencial, onde sua estratificação é regular (4 por mm); finos; numerosos.', 0, 0, NULL),
(20, 6, 1, 'visíveis a olho nu, pequenos a médios; numerosos; porosidade difusa; solitários e múltiplos de 2 a 4; obstruídos por óleo-resina.', 0, 0, NULL),
(20, 7, 1, 'indistintas, às vezes individualizadas por zonas fibrosas tangenciais mais escuras ou parênquima marginal.', 0, 0, NULL),
(20, 13, 1, NULL, NULL, NULL, NULL),
(20, 14, 1, 'Madeira de alta resistência a fungos apodrecedores.', 0, 0, NULL),
(20, 14, 2, 'Apresenta resistência a fungos e insetos xilófagos.', 0, 0, NULL),
(20, 14, 3, 'Em ensaios de campo com estacas no solo, esta Madeira apresentou uma vida média de oito anos.', 0, 0, NULL),
(20, 15, 1, 'o cerne e o alburno são impermeáveis.', 0, 0, NULL),
(20, 15, 2, 'Apresenta baixa retenção às substâncias preservativas.', 0, 0, NULL),
(20, 16, 1, NULL, NULL, NULL, NULL),
(20, 17, 1, 'a Madeira de cabriúva-vermelha é difícil de ser trabalhada, mas apresenta bom acabamento. Embora não possua sílica, provoca desgaste nas ferramentas.', 0, 0, NULL),
(20, 18, 1, 'não há informações disponíveis sobre secagem.', 0, 0, NULL),
(20, 19, 1, NULL, NULL, NULL, NULL),
(20, 20, 1, NULL, NULL, NULL, NULL),
(20, 21, 1, '', 950, 0, NULL),
(20, 24, 1, '', 780, 0, NULL),
(20, 25, 1, NULL, NULL, NULL, NULL),
(20, 26, 1, '', 4, 0, NULL),
(20, 27, 1, '', 6, 7, NULL),
(20, 28, 1, '', 11, 0, NULL),
(20, 30, 1, NULL, NULL, NULL, NULL),
(20, 31, 1, NULL, NULL, NULL, NULL),
(20, 32, 1, NULL, NULL, NULL, NULL),
(20, 33, 1, '', 116, 9, NULL),
(20, 34, 1, '', 132, 6, NULL),
(20, 36, 1, '', 53, 0, NULL),
(20, 37, 1, '', 12533, 0, NULL),
(20, 39, 1, NULL, NULL, NULL, NULL),
(20, 40, 1, NULL, NULL, NULL, NULL),
(20, 41, 1, '', 59, 5, NULL),
(20, 42, 1, '', 71, 1, NULL),
(20, 44, 1, '', 3, 1, NULL),
(20, 45, 1, '', 39, 4, NULL),
(20, 46, 1, '', 15230, 0, NULL),
(20, 51, 1, NULL, NULL, NULL, NULL),
(20, 82, 1, '', 41, 4, NULL),
(20, 53, 1, '', 18, 0, NULL),
(20, 55, 1, '', 11, 3, NULL),
(20, 57, 1, '', 1, 2, NULL),
(20, 58, 1, '', 10140, 0, NULL),
(20, 63, 1, NULL, NULL, NULL, NULL),
(20, 64, 1, NULL, NULL, NULL, NULL),
(20, 65, 1, '', 0, 0, 86),
(20, 65, 2, '', 0, 0, 75),
(20, 65, 3, '', 0, 0, 50),
(20, 65, 4, '', 0, 0, 47),
(20, 66, 1, '', 0, 0, 91),
(20, 66, 2, '', 0, 0, 43),
(20, 67, 1, '', 0, 0, 81),
(20, 67, 2, '', 0, 0, 80),
(20, 67, 3, '', 0, 0, 68),
(20, 68, 1, '', 0, 0, 74),
(20, 68, 2, '', 0, 0, 85),
(20, 68, 3, '', 0, 0, 57),
(20, 68, 4, '', 0, 0, 42),
(20, 69, 1, '', 0, 0, 106),
(20, 73, 1, NULL, NULL, NULL, NULL),
(20, 74, 1, '', 0, 0, 62),
(20, 76, 1, '', 0, 0, 31),
(20, 76, 2, '', 0, 0, 37),
(20, 76, 3, '', 0, 0, 5),
(20, 76, 4, '', 0, 0, 12),
(20, 76, 5, '', 0, 0, 23),
(20, 77, 1, '', 0, 0, 1),
(20, 78, 1, '', 0, 0, 94),
(20, 79, 1, '', 0, 0, 102),
(20, 80, 1, '', 0, 0, 105),
(21, 1, 1, NULL, NULL, NULL, NULL),
(21, 2, 1, 'cerne e alburno distintos pela cor, cerne castanho-avermelhado e alburno castanho-claro; brilho moderado; cheiro e gosto imperceptíveis; densidade alta; moderadamente dura ao corte; grã direita; textura grossa.', 0, 0, NULL),
(21, 3, 1, NULL, NULL, NULL, NULL),
(21, 4, 1, 'visível a olho nu, em linhas finas, associando tangencialmente os vasos.', 0, 0, NULL),
(21, 5, 1, 'visíveis a olho nu no topo e na face tangencial; largos.', 0, 0, NULL),
(21, 6, 1, 'visíveis apenas sob lente, muito pequenos a pequenos; poucos; porosidade difusa; em pequenos grupos ou cadeias tangenciais.', 0, 0, NULL),
(21, 7, 1, 'indistintas.', 0, 0, NULL),
(21, 13, 1, NULL, NULL, NULL, NULL),
(21, 14, 1, 'informações não disponíveis.', 0, 0, NULL),
(21, 15, 1, 'o alburno é fácil de preservar com creosoto e com CCA-A, quando tratado sob pressão. O cerne é difícil de tratar com CCA-A, mesmo sob pressão', 0, 0, NULL),
(21, 16, 1, NULL, NULL, NULL, NULL),
(21, 17, 1, 'a Madeira é fácil de aplainar e lixar com acabamento regular, é moderadamente fácil de tornear e furar com bom acabamento', 0, 0, NULL),
(21, 18, 1, 'a secagem é muito rápida em estufa, apresentando tendência moderada a encanoamento forte e a torcimento médio em programas de secagem severos', 0, 0, NULL),
(21, 19, 1, NULL, NULL, NULL, NULL),
(21, 20, 1, NULL, NULL, NULL, NULL),
(21, 22, 1, '', 930, 0, NULL),
(21, 23, 1, '', 1240, 0, NULL),
(21, 24, 1, '', 770, 0, NULL),
(21, 25, 1, NULL, NULL, NULL, NULL),
(21, 26, 1, '', 6, 3, NULL),
(21, 27, 1, '', 12, 3, NULL),
(21, 28, 1, '', 18, 0, NULL),
(21, 30, 1, NULL, NULL, NULL, NULL),
(21, 31, 1, NULL, NULL, NULL, NULL),
(21, 32, 1, NULL, NULL, NULL, NULL),
(21, 33, 1, '', 97, 5, NULL),
(21, 35, 1, '', 158, 3, NULL),
(21, 37, 1, '', 14514, 0, NULL),
(21, 38, 1, '', 16966, 0, NULL),
(21, 39, 1, NULL, NULL, NULL, NULL),
(21, 40, 1, NULL, NULL, NULL, NULL),
(21, 41, 1, '', 48, 7, NULL),
(21, 43, 1, '', 83, 0, NULL),
(21, 47, 1, NULL, NULL, NULL, NULL),
(21, 48, 1, NULL, NULL, NULL, NULL),
(21, 49, 1, '', 8, 5, NULL),
(21, 50, 1, '', 11, 0, NULL),
(21, 51, 1, NULL, NULL, NULL, NULL),
(21, 53, 1, '', 10, 7, NULL),
(21, 54, 1, '', 15, 4, NULL),
(21, 55, 1, '', 6, 0, NULL),
(21, 56, 1, '', 6, 2, NULL),
(21, 59, 1, '', 7894, 0, NULL),
(21, 60, 1, '', 9571, 0, NULL),
(21, 63, 1, NULL, NULL, NULL, NULL),
(21, 64, 1, NULL, NULL, NULL, NULL),
(21, 68, 1, '', 0, 0, 42),
(21, 68, 2, '', 0, 0, 74),
(21, 68, 3, '', 0, 0, 57),
(21, 69, 1, '', 0, 0, 67),
(21, 69, 2, '', 0, 0, 55),
(21, 69, 3, '', 0, 0, 58),
(21, 73, 1, NULL, NULL, NULL, NULL),
(21, 74, 1, '', 0, 0, 62),
(21, 76, 1, '', 0, 0, 10),
(21, 78, 1, '', 0, 0, 94),
(21, 79, 1, '', 0, 0, 101),
(21, 80, 1, '', 0, 0, 104),
(22, 1, 1, NULL, NULL, NULL, NULL),
(22, 2, 1, 'cerne e alburno distintos pela cor, cerne amarelo-limão quando recém cortado, tornando-se castanho-claro-amarelado, alburno branco-amarelado; cheiro e gosto imperceptíveis; densidade alta; Madeira dura; grã revessa; textura média; superfície lustrosa.', 0, 0, NULL),
(22, 3, 1, NULL, NULL, NULL, NULL),
(22, 4, 1, 'visível a olho nu, paratraqueal vasicêntrico, aliforme confluente e marginal ocasionalmente presente.', 0, 0, NULL),
(22, 5, 1, 'visíveis apenas sob lente no topo e na face tangencial, irregularmente dispostos. ', 0, 0, NULL),
(22, 6, 1, 'visíveis a olho nu, médios a grandes; numerosos; porosidade difusa; solitários e múltiplos; obstruídos por tilos. ', 0, 0, NULL),
(22, 7, 1, 'pouco distintas, demarcadas por zonas fibrosas e eventualmente pelo parênquima marginal.', 0, 0, NULL),
(22, 13, 1, NULL, NULL, NULL, NULL),
(22, 14, 1, 'apresenta alta resistência ao ataque de organismos xilófagos (fungos apodrecedores causadores de podridão branca e parda e cupins-de-Madeira-seca) ', 0, 0, NULL),
(22, 15, 1, 'cerne não tratável com creosoto (retenção de oleossolúvel abaixo de 10 kg/m3) e nem com CCA-A (retenção de hidrossolúvel abaixo de 4 kg/m3)', 0, 0, NULL),
(22, 16, 1, NULL, NULL, NULL, NULL),
(22, 17, 1, 'na Madeira de amoreira o aplainamento é regular, a colagem e fixação por pregos e parafusos é moderadamente fácil e apresenta bom acabamento ', 0, 0, NULL),
(22, 18, 1, 'a secagem é considerada fácil, mas com defeitos ', 0, 0, NULL),
(22, 18, 2, 'Durante a secagem ao ar (de moderada a rápida) podem ocorrer rachas e empenamento', 0, 0, NULL),
(22, 19, 1, NULL, NULL, NULL, NULL),
(22, 20, 1, NULL, NULL, NULL, NULL),
(22, 21, 1, '', 880, 0, NULL),
(22, 23, 1, '', 1220, 0, NULL),
(22, 24, 1, '', 730, 0, NULL),
(22, 25, 1, NULL, NULL, NULL, NULL),
(22, 26, 1, '', 2, 3, NULL),
(22, 27, 1, '', 4, 3, NULL),
(22, 28, 1, '', 7, 2, NULL),
(22, 29, 1, '', 0, 44, NULL),
(22, 30, 1, NULL, NULL, NULL, NULL),
(22, 31, 1, NULL, NULL, NULL, NULL),
(22, 32, 1, NULL, NULL, NULL, NULL),
(22, 33, 1, '', 138, 2, NULL),
(22, 34, 1, '', 149, 4, NULL),
(22, 36, 1, '', 54, 3, NULL),
(22, 37, 1, '', 13239, 0, NULL),
(22, 39, 1, NULL, NULL, NULL, NULL),
(22, 40, 1, NULL, NULL, NULL, NULL),
(22, 41, 1, '', 66, 9, NULL),
(22, 42, 1, '', 82, 6, NULL),
(22, 44, 1, '', 3, 1, NULL),
(22, 45, 1, '', 47, 7, NULL),
(22, 46, 1, '', 15230, 0, NULL),
(22, 51, 1, NULL, NULL, NULL, NULL),
(22, 52, 1, '', 40, 9, NULL),
(22, 53, 1, '', 16, 5, NULL),
(22, 55, 1, '', 11, 2, NULL),
(22, 57, 1, '', 1, 3, NULL),
(22, 59, 1, '', 10179, 0, NULL),
(22, 63, 1, NULL, NULL, NULL, NULL),
(22, 64, 1, NULL, NULL, NULL, NULL),
(22, 65, 1, '', 0, 0, 47),
(22, 65, 2, '', 0, 0, 52),
(22, 65, 3, '', 0, 0, 51),
(22, 65, 4, '', 0, 0, 50),
(22, 66, 1, '', 0, 0, 91),
(22, 66, 2, '', 0, 0, 43),
(22, 67, 1, '', 0, 0, 81),
(22, 67, 2, '', 0, 0, 80),
(22, 67, 3, '', 0, 0, 68),
(22, 68, 1, '', 0, 0, 42),
(22, 68, 2, '', 0, 0, 57),
(22, 73, 1, NULL, NULL, NULL, NULL),
(22, 74, 1, '', 0, 0, 76),
(22, 74, 2, '', 0, 0, 31),
(22, 76, 1, '', 0, 0, 23),
(22, 76, 2, '', 0, 0, 8),
(22, 76, 3, '', 0, 0, 5),
(22, 76, 4, '', 0, 0, 15),
(22, 76, 5, '', 0, 0, 12),
(22, 77, 1, '', 0, 0, 1),
(22, 78, 1, '', 0, 0, 95),
(22, 79, 1, '', 0, 0, 101),
(22, 80, 1, '', 0, 0, 105),
(23, 1, 1, NULL, NULL, NULL, NULL),
(23, 2, 1, 'cerne e alburno pouco distintos pela cor, cerne castanho-avermelhado; brilho moderado; cheiro desagradável e gosto imperceptível; densidade alta; dura ao corte; grã direita a irregular; textura média a grossa; superfície pouco lustrosa.', 0, 0, NULL),
(23, 3, 1, NULL, NULL, NULL, NULL),
(23, 4, 1, 'visível a olho nu, paratraqueal aliforme de extensão losangular, ocasionalmente confluente.', 0, 0, NULL),
(23, 5, 1, 'visíveis apenas sob lente no topo e na face tangencial; poucos.', 0, 0, NULL),
(23, 6, 1, 'visíveis a olho nu, pequenos a médios; poucos; porosidade difusa; solitários, múltiplos e às vezes em cadeias radiais; obstruídos por óleo-resina ou substância esbranquiçada.', 0, 0, NULL),
(23, 7, 1, 'distintas, ligeiramente individualizadas por zonas fibrosas tangenciais mais escuras e por linhas de parênquima marginal.', 0, 0, NULL),
(23, 13, 1, NULL, NULL, NULL, NULL),
(23, 14, 1, 'o cerne apresenta alta resistência ao ataque de organismos xilófagos (fungos e insetos).', 0, 0, NULL),
(23, 14, 2, 'Em ensaios de campo com estacas, esta Madeira foi considerada altamente durável com vida média maior que oito anos.', 0, 0, NULL),
(23, 15, 1, 'impermeável às soluções preservativas.', 0, 0, NULL),
(23, 15, 2, 'o cerne não é tratável com creosoto (oleossolúvel) e nem com CCA (hidrossolúvel), mesmo em processo sob pressão.', 0, 0, NULL),
(23, 16, 1, NULL, NULL, NULL, NULL),
(23, 17, 1, 'a Madeira de angelim-vermelho é difícil de ser trabalhada, mas recebe bom acabamento. ', 0, 0, NULL),
(23, 17, 2, 'A Madeira é fácil de tornear com bom acabamento e na furação apresenta desempenho regular.', 0, 0, NULL),
(23, 18, 1, 'rápida em programas mais severo.', 0, 0, NULL),
(23, 18, 2, 'Apresenta tendência moderada ao torcimento e leve ao colapso; seca relativamente bem ao ar.', 0, 0, NULL),
(23, 19, 1, NULL, NULL, NULL, NULL),
(23, 20, 1, NULL, NULL, NULL, NULL),
(23, 21, 1, '', 1090, 0, NULL),
(23, 23, 1, '', 1260, 0, NULL),
(23, 24, 1, '', 830, 0, NULL),
(23, 25, 1, NULL, NULL, NULL, NULL),
(23, 26, 1, '', 4, 2, NULL),
(23, 27, 1, '', 6, 6, NULL),
(23, 28, 1, '', 14, 6, NULL),
(23, 30, 1, NULL, NULL, NULL, NULL),
(23, 31, 1, NULL, NULL, NULL, NULL),
(23, 32, 1, NULL, NULL, NULL, NULL),
(23, 33, 1, '', 99, 7, NULL),
(23, 34, 1, '', 138, 1, NULL),
(23, 36, 1, '', 59, 1, NULL),
(23, 37, 1, '', 14073, 0, NULL),
(23, 39, 1, NULL, NULL, NULL, NULL),
(23, 40, 1, NULL, NULL, NULL, NULL),
(23, 41, 1, '', 65, 2, NULL),
(23, 42, 1, '', 80, 9, NULL),
(23, 44, 1, '', 4, 0, NULL),
(23, 51, 1, NULL, NULL, NULL, NULL),
(23, 82, 1, '', 48, 7, NULL),
(23, 53, 1, '', 13, 1, NULL),
(23, 54, 1, '', 17, 7, NULL),
(23, 55, 1, '', 8, 5, NULL),
(23, 57, 1, '', 1, 1, NULL),
(23, 59, 1, '', 9993, 0, NULL),
(23, 60, 1, '', 14318, 0, NULL),
(23, 61, 1, '', 10866, 0, NULL),
(23, 62, 1, '', 13543, 0, NULL),
(23, 63, 1, NULL, NULL, NULL, NULL),
(23, 64, 1, NULL, NULL, NULL, NULL),
(23, 65, 1, '', 0, 0, 73),
(23, 65, 2, '', 0, 0, 75),
(23, 65, 3, '', 0, 0, 52),
(23, 65, 4, '', 0, 0, 53),
(23, 65, 5, '', 0, 0, 47),
(23, 65, 6, '', 0, 0, 50),
(23, 65, 7, '', 0, 0, 66),
(23, 66, 1, '', 0, 0, 91),
(23, 66, 2, '', 0, 0, 43),
(23, 76, 1, '', 0, 0, 5),
(23, 76, 2, '', 0, 0, 37),
(23, 77, 1, '', 0, 0, 1),
(23, 78, 1, '', 0, 0, 94),
(23, 79, 1, '', 0, 0, 103),
(23, 80, 1, '', 0, 0, 105),
(24, 1, 1, NULL, NULL, NULL, NULL),
(24, 2, 1, 'cerne e alburno distintos pela cor, cerne amarelo quando recém cortado escurecendo para castanho-amarelado, alburno branco-amarelado; brilho moderado; cheiro e gosto imperceptíveis; densidade média; moderadamente dura ao corte; grã direita ou entrecruzada; textura média.', 0, 0, NULL),
(24, 3, 1, NULL, NULL, NULL, NULL),
(24, 4, 1, 'visível a olho nu, paratraqueal aliforme confluente em faixas regulares contínuas, em trechos curtos, intercalado por parênquima vasicêntrico escasso. ', 0, 0, NULL),
(24, 5, 1, 'visíveis a olho nu no topo, na face tangencial é visível apenas sob lente, poucos.', 0, 0, NULL),
(24, 6, 1, 'visíveis a olho nu, médios a grandes; muito poucos a poucos; porosidade difusa; solitários e múltiplos; obstruídos por tilos.', 0, 0, NULL),
(24, 7, 1, 'distintas, demarcadas pelo parênquima marginal e zonas fibrosas mais escuras.', 0, 0, NULL),
(24, 13, 1, NULL, NULL, NULL, NULL),
(24, 14, 1, 'em ensaio de laboratório apresentou baixa durabilidade a organismos xilófagos (fungos, cupins e organismos marinhos)', 0, 0, NULL),
(24, 14, 2, 'Baixa resistência ao ataque de fungos e cupins de Madeira seca', 0, 0, NULL),
(24, 15, 1, 'o cerne é difícil de ser tratado e o alburno é moderadamente difícil de tratar', 0, 0, NULL),
(24, 15, 2, 'Cerne impermeável às soluções preservantes tanto de creosoto como de CCA-A, mesmo em tratamento sob pressão', 0, 0, NULL),
(24, 16, 1, NULL, NULL, NULL, NULL),
(24, 17, 1, 'moderadamente difícil de serrar. É fácil de aplainar, furar e pregar. Recebe bom acabamento', 0, 0, NULL),
(24, 17, 2, 'A presença da grã entrecruzada requer ferramentas bem afiadas para se obter uma superfície bem acabada', 0, 0, NULL),
(24, 18, 1, 'a secagem ao ar é moderadamente rápida com leve tendência ao empenamento e rachaduras. A secagem em estufa deve ser cuidadosamente controlada para evitar o agravamento desses efeitos', 0, 0, NULL),
(24, 19, 1, NULL, NULL, NULL, NULL),
(24, 20, 1, NULL, NULL, NULL, NULL),
(24, 21, 1, '', 560, 0, NULL),
(24, 24, 1, '', 467, 0, NULL),
(24, 25, 1, NULL, NULL, NULL, NULL),
(24, 26, 1, '', 2, 2, NULL),
(24, 27, 1, '', 4, 4, NULL),
(24, 28, 1, '', 7, 3, NULL),
(24, 30, 1, NULL, NULL, NULL, NULL),
(24, 31, 1, NULL, NULL, NULL, NULL),
(24, 32, 1, NULL, NULL, NULL, NULL),
(24, 33, 1, '', 72, 0, NULL),
(24, 34, 1, '', 80, 3, NULL),
(24, 36, 1, '', 37, 5, NULL),
(24, 37, 1, '', 7963, 0, NULL),
(24, 39, 1, NULL, NULL, NULL, NULL),
(24, 40, 1, NULL, NULL, NULL, NULL),
(24, 41, 1, '', 36, 9, NULL),
(24, 42, 1, '', 45, 1, NULL),
(24, 44, 1, '', 2, 1, NULL),
(24, 45, 1, '', 30, 1, NULL),
(24, 46, 1, '', 11513, 0, NULL),
(24, 51, 1, NULL, NULL, NULL, NULL),
(24, 52, 1, '', 9, 8, NULL),
(24, 53, 1, '', 9, 8, NULL),
(24, 55, 1, '', 5, 8, NULL),
(24, 57, 1, '', 0, 6, NULL),
(24, 59, 1, '', 4835, 0, NULL),
(24, 63, 1, NULL, NULL, NULL, NULL),
(24, 64, 1, NULL, NULL, NULL, NULL),
(24, 68, 1, '', 0, 0, 72),
(24, 68, 2, '', 0, 0, 85),
(24, 69, 1, '', 0, 0, 79),
(24, 69, 2, '', 0, 0, 55),
(24, 69, 3, '', 0, 0, 58),
(24, 70, 1, '', 0, 0, 78),
(24, 70, 2, '', 0, 0, 71),
(24, 73, 1, NULL, NULL, NULL, NULL),
(24, 74, 1, '', 0, 0, 62),
(24, 76, 1, '', 0, 0, 20),
(24, 76, 2, '', 0, 0, 10),
(24, 76, 3, '', 0, 0, 21),
(24, 76, 4, '', 0, 0, 8),
(24, 76, 5, '', 0, 0, 5),
(24, 76, 6, '', 0, 0, 40),
(24, 76, 7, '', 0, 0, 13),
(24, 77, 1, '', 0, 0, 2),
(24, 78, 1, '', 0, 0, 95),
(24, 79, 1, '', 0, 0, 101),
(24, 80, 1, '', 0, 0, 105),
(25, 1, 1, NULL, NULL, NULL, NULL),
(25, 2, 1, 'alburno indistinto, cerne róseo quando recém cortado passando a amarelo-rosado com o tempo, uniforme ou com veios mais escuros; sem brilho; cheiro imperceptível e gosto ligeiramente amargo; densidade média; moderadamente dura ao corte; grã direita ou revessa; textura fina.', 0, 0, NULL),
(25, 3, 1, NULL, NULL, NULL, NULL),
(25, 4, 1, 'invisível mesmo sob lente. ', 0, 0, NULL),
(25, 5, 1, 'visíveis apenas sob lente no topo e na face tangencial; finos; poucos.', 0, 0, NULL),
(25, 6, 1, 'visíveis apenas sob lente, pequenos; muito numerosos; porosidade difusa; solitários predominantes, vazios, às vezes obstruídos por óleo-resina. ', 0, 0, NULL),
(25, 7, 1, 'individualizadas por zonas fibrosas tangenciais mais escuras.', 0, 0, NULL),
(25, 13, 1, NULL, NULL, NULL, NULL),
(25, 14, 1, 'As informações disponíveis na literatura são controversas em relação à durabilidade natural do cerne de peroba-rosa.', 0, 0, NULL),
(25, 14, 2, 'Observações feitas pelo IPT em exame de estruturas de cobertura, complementadas por ensaios de laboratório, permItem considerar esta Madeira como de moderada resistência aos cupins e com baixa a moderada resistência aos fungos apodrecedores.', 0, 0, NULL),
(25, 14, 3, 'Dormentes dessa Madeira, sem tratamento preservante, apresentam uma vida útil média de seis anos.', 0, 0, NULL),
(25, 14, 4, 'A peroba-rosa é susceptível ao ataque de perfuradores marinhos.', 0, 0, NULL),
(25, 15, 1, 'Apresenta baixa permeabilidade às soluções preservantes.', 0, 0, NULL),
(25, 16, 1, NULL, NULL, NULL, NULL),
(25, 17, 1, 'A Madeira de peroba-rosa é moderadamente fácil de ser trabalhada, porém pode apresentar certa dificuldade quando ocorre grã revessa. Permite bom acabamento e é fácil de colar.', 0, 0, NULL),
(25, 18, 1, 'Na secagem em estufa, a ocorrência de rachas é baixa, entretanto, podem ocorrer empenamentos.', 0, 0, NULL),
(25, 19, 1, NULL, NULL, NULL, NULL),
(25, 20, 1, NULL, NULL, NULL, NULL),
(25, 21, 1, '', 790, 0, NULL),
(25, 24, 1, '', 660, 0, NULL),
(25, 25, 1, NULL, NULL, NULL, NULL),
(25, 26, 1, '', 4, 0, NULL),
(25, 27, 1, '', 7, 8, NULL),
(25, 28, 1, '', 13, 1, NULL),
(25, 30, 1, NULL, NULL, NULL, NULL),
(25, 31, 1, NULL, NULL, NULL, NULL),
(25, 32, 1, NULL, NULL, NULL, NULL),
(25, 33, 1, '', 88, 2, NULL),
(25, 34, 1, '', 103, 8, NULL),
(25, 36, 1, '', 35, 6, NULL),
(25, 37, 1, '', 9248, 0, NULL),
(25, 39, 1, NULL, NULL, NULL, NULL),
(25, 40, 1, NULL, NULL, NULL, NULL),
(25, 41, 1, '', 41, 6, NULL),
(25, 42, 1, '', 54, 4, NULL),
(25, 44, 1, '', 3, 8, NULL),
(25, 45, 1, '', 27, 9, NULL),
(25, 46, 1, '', 11739, 0, NULL),
(25, 51, 1, NULL, NULL, NULL, NULL),
(25, 52, 1, '', 23, 3, NULL),
(25, 53, 1, '', 11, 9, NULL),
(25, 55, 1, '', 8, 1, NULL),
(25, 57, 1, '', 0, 9, NULL),
(25, 59, 1, '', 6776, 0, NULL),
(25, 63, 1, NULL, NULL, NULL, NULL),
(25, 64, 1, NULL, NULL, NULL, NULL),
(25, 65, 1, '', 0, 0, 50),
(25, 65, 2, '', 0, 0, 47),
(25, 66, 1, '', 0, 0, 83),
(25, 66, 2, '', 0, 0, 91),
(25, 66, 3, '', 0, 0, 43),
(25, 67, 1, '', 0, 0, 80),
(25, 67, 2, '', 0, 0, 81),
(25, 67, 3, '', 0, 0, 68),
(25, 68, 1, '', 0, 0, 42),
(25, 68, 2, '', 0, 0, 57),
(25, 68, 3, '', 0, 0, 85),
(25, 68, 4, '', 0, 0, 74),
(25, 73, 1, NULL, NULL, NULL, NULL),
(25, 75, 1, '', 0, 0, 65),
(25, 75, 2, '', 0, 0, 45),
(25, 76, 1, '', 0, 0, 37),
(25, 76, 2, '', 0, 0, 30),
(25, 76, 3, '', 0, 0, 13),
(25, 77, 1, '', 0, 0, 1),
(25, 78, 1, '', 0, 0, 96),
(25, 79, 1, '', 0, 0, 101),
(25, 80, 1, '', 0, 0, 105),
(26, 1, 1, NULL, NULL, NULL, NULL),
(26, 2, 1, 'cerne e alburno distintos pela cor, cerne castanho-escuro, alburno castanho acinzentado; brilho moderado; cheiro e gosto imperceptíveis; densidade média; grã direita, cruzada ou ondulada; textura média; superfície irregularmente lustrosa.', 0, 0, NULL),
(26, 3, 1, NULL, NULL, NULL, NULL),
(26, 4, 1, 'visível apenas sob lente, em faixas estreitas, irregularmente espaçadas.', 0, 0, NULL),
(26, 5, 1, 'visíveis a olho nu no topo, na face tangencial visíveis só sob lente; não estratificados; finos; poucos.', 0, 0, NULL),
(26, 6, 1, 'visíveis a olho nu, médios; poucos; porosidade difusa; solitários (predominantes) e múltiplos.', 0, 0, NULL),
(26, 7, 1, 'distintas, individualizadas pelo parênquima marginal.', 0, 0, NULL),
(26, 13, 1, NULL, NULL, NULL, NULL),
(26, 14, 1, 'a durabilidade é muito variável. Em testes de laboratório apresentou tanto alta como baixa resistência ao ataque de fungos de podridão-branca e podridão-parda. É muito suscetível ao ataque de cupins-de-Madeira-seca', 0, 0, NULL),
(26, 14, 2, 'Em laboratório apresentou moderada resistência a fungos apodrecedores, pouco resistente ao ataque de cupins e não resistente a broca-de-Madeira (gênero <EM>Lyctus</EM>)', 0, 0, NULL),
(26, 14, 3, 'A Madeira é considerada moderadamente resistente ao ataque de perfuradores marinhos', 0, 0, NULL),
(26, 14, 4, 'Foi considerada Madeira não durável à deterioração por fungos em condições propicias ao desenvolvimento desses organismos', 0, 0, NULL),
(26, 14, 5, 'Entretanto, muito resistente a resistente aos cupins-de-solo <EM>Nasutitermes macrocephalus</EM> e <EM>Nasutitermes surinamensis</EM>, respectivamente ', 0, 0, NULL),
(26, 15, 1, 'em tratamento sob pressão demonstrou ser de baixa permeabilidade às soluções preservantes', 0, 0, NULL),
(26, 15, 2, 'O cerne se apresentou totalmente impermeável ao tratamento com produto oleossolúvel.', 0, 0, NULL),
(26, 16, 1, NULL, NULL, NULL, NULL),
(26, 17, 1, 'a Madeira de andiroba apresenta um aplainamento regular e o desdobro, desenrolamento, faqueamento, colagem, fixação, torneamento, lixamento e pintura são fáceis', 0, 0, NULL),
(26, 18, 1, 'a secagem é muito rápida em estufa, porém com o surgimento de rachas, colapsos e empenamentos. É aconselhável uma secagem lenta e cuidadosa para evitar defeitos. A combinação de secagem ao ar e em estufa dá resultados satisfatórios, especialmente quando se utiliza temperaturas mais baixas e alta umidade durante o estágio inicial de secagem em estufa', 0, 0, NULL),
(26, 19, 1, NULL, NULL, NULL, NULL),
(26, 20, 1, NULL, NULL, NULL, NULL),
(26, 21, 1, '', 720, 0, NULL),
(26, 23, 1, '', 1030, 0, NULL),
(26, 24, 1, '', 590, 0, NULL),
(26, 25, 1, NULL, NULL, NULL, NULL),
(26, 26, 1, '', 4, 3, NULL),
(26, 27, 1, '', 7, 4, NULL),
(26, 28, 1, '', 13, 4, NULL),
(26, 30, 1, NULL, NULL, NULL, NULL),
(26, 31, 1, NULL, NULL, NULL, NULL),
(26, 32, 1, NULL, NULL, NULL, NULL),
(26, 33, 1, '', 77, 5, NULL),
(26, 34, 1, '', 102, 4, NULL),
(26, 36, 1, '', 34, 0, NULL),
(26, 37, 1, '', 11376, 0, NULL),
(26, 39, 1, NULL, NULL, NULL, NULL),
(26, 40, 1, NULL, NULL, NULL, NULL),
(26, 41, 1, '', 36, 8, NULL),
(26, 42, 1, '', 54, 1, NULL),
(26, 44, 1, '', 3, 8, NULL),
(26, 45, 1, '', 27, 5, NULL),
(26, 46, 1, '', 14190, 0, NULL),
(26, 51, 1, NULL, NULL, NULL, NULL),
(26, 82, 1, '', 35, 3, NULL),
(26, 53, 1, '', 9, 6, NULL),
(26, 55, 1, '', 6, 5, NULL),
(26, 57, 1, '', 0, 7, NULL),
(26, 58, 1, '', 4776, 0, NULL),
(26, 63, 1, NULL, NULL, NULL, NULL),
(26, 64, 1, NULL, NULL, NULL, NULL),
(26, 68, 1, '', 0, 0, 74),
(26, 68, 2, '', 0, 0, 85),
(26, 68, 3, '', 0, 0, 44),
(26, 68, 4, '', 0, 0, 42),
(26, 69, 1, '', 0, 0, 55),
(26, 69, 2, '', 0, 0, 58),
(26, 69, 3, '', 0, 0, 46),
(26, 69, 4, '', 0, 0, 56),
(26, 69, 5, '', 0, 0, 79),
(26, 73, 1, NULL, NULL, NULL, NULL),
(26, 74, 1, '', 0, 0, 62),
(26, 76, 1, '', 0, 0, 8),
(26, 76, 2, '', 0, 0, 23),
(26, 77, 1, '', 0, 0, 2),
(26, 78, 1, '', 0, 0, 94),
(26, 79, 1, '', 0, 0, 101),
(26, 80, 1, '', 0, 0, 105),
(27, 1, 1, NULL, NULL, NULL, NULL),
(27, 2, 1, 'cerne e alburno distintos pela cor, cerne castanho-avermelhado escurecendo com o tempo para vermelho-queimado, com veios enegrecidos; cheiro imperceptível e gosto levemente adstringente; densidade muito alta; grã irregular a revessa; textura média; superfície pouco lustrosa.', 0, 0, NULL),
(27, 3, 1, NULL, NULL, NULL, NULL),
(27, 4, 1, 'visível apenas sob lente, paratraqueal vasicêntrico escasso com tendência para aliforme; às vezes em finas linhas marginais.', 0, 0, NULL),
(27, 5, 1, 'visíveis apenas sob lente no topo e na face tangencial.', 0, 0, NULL),
(27, 6, 1, 'pouco visíveis a olho nu, muito pequenos a pequenos; numerosos a muito numerosos; porosidade difusa; solitários e múltiplos de dois e três; obstruídos por óleo-resina.', 0, 0, NULL),
(27, 7, 1, 'distintas demarcadas por finas linhas de parênquima marginal.', 0, 0, NULL),
(27, 13, 1, NULL, NULL, NULL, NULL),
(27, 14, 1, 'Madeira considerada muito durável', 0, 0, NULL),
(27, 14, 2, 'Apresenta alta durabilidade a fungos apodrecedores', 0, 0, NULL),
(27, 14, 3, 'Resistente ao ataque de alguns insetos xilófagos como brocas-de-Madeira e provavelmente cupins', 0, 0, NULL),
(27, 15, 1, 'apresenta baixa permeabilidade em processo sob pressão', 0, 0, NULL),
(27, 16, 1, NULL, NULL, NULL, NULL),
(27, 17, 1, 'a Madeira de angico-preto é difícil de ser trabalhada devido à sua dureza, provocando rápido desgaste das ferramentas de corte; no aplainamento, a presença de irregularidades da grã pode ocasionar o arrancamento das fibras', 0, 0, NULL),
(27, 17, 2, 'Um superaquecimento e vibração dos dentes da serra podem ocorrer; é boa para tornear; permite bom acabamento; na conexão com pregos é aconselhável furar com broca para evitar rachas', 0, 0, NULL),
(27, 18, 1, 'a secagem é muito lenta, com pequena tendência ao torcimento; apresenta tendência a rachas e colapso, durante a secagem em estufa', 0, 0, NULL),
(27, 19, 1, NULL, NULL, NULL, NULL),
(27, 20, 1, NULL, NULL, NULL, NULL),
(27, 21, 1, '', 1050, 0, NULL),
(27, 24, 1, '', 840, 0, NULL),
(27, 25, 1, NULL, NULL, NULL, NULL),
(27, 26, 1, '', 4, 9, NULL),
(27, 27, 1, '', 8, 1, NULL),
(27, 28, 1, '', 13, 9, NULL),
(27, 30, 1, NULL, NULL, NULL, NULL),
(27, 31, 1, NULL, NULL, NULL, NULL),
(27, 32, 1, NULL, NULL, NULL, NULL),
(27, 33, 1, '', 153, 6, NULL),
(27, 34, 1, '', 185, 3, NULL),
(27, 36, 1, '', 71, 5, NULL),
(27, 37, 1, '', 16358, 0, NULL),
(27, 39, 1, NULL, NULL, NULL, NULL),
(27, 40, 1, NULL, NULL, NULL, NULL),
(27, 41, 1, '', 69, 9, NULL),
(27, 42, 1, '', 86, 9, NULL),
(27, 44, 1, '', 2, 5, NULL),
(27, 45, 1, '', 55, 8, NULL),
(27, 46, 1, '', 20310, 0, NULL),
(27, 51, 1, NULL, NULL, NULL, NULL),
(27, 82, 1, '', 77, 4, NULL),
(27, 53, 1, '', 19, 4, NULL),
(27, 55, 1, '', 13, 6, NULL),
(27, 57, 1, '', 1, 5, NULL),
(27, 58, 1, '', 11523, 0, NULL),
(27, 63, 1, NULL, NULL, NULL, NULL),
(27, 64, 1, NULL, NULL, NULL, NULL),
(27, 65, 1, '', 0, 0, 73),
(27, 65, 2, '', 0, 0, 75),
(27, 65, 3, '', 0, 0, 61),
(27, 65, 4, '', 0, 0, 52),
(27, 65, 5, '', 0, 0, 53),
(27, 65, 6, '', 0, 0, 47),
(27, 65, 7, '', 0, 0, 50),
(27, 65, 8, '', 0, 0, 59),
(27, 66, 1, '', 0, 0, 91),
(27, 66, 2, '', 0, 0, 43),
(27, 67, 1, '', 0, 0, 81),
(27, 67, 2, '', 0, 0, 80),
(27, 73, 1, NULL, NULL, NULL, NULL),
(27, 74, 1, '', 0, 0, 69),
(27, 76, 1, '', 0, 0, 31),
(27, 77, 1, '', 0, 0, 1),
(27, 78, 1, '', 0, 0, 94),
(27, 79, 1, '', 0, 0, 101),
(27, 80, 1, '', 0, 0, 105),
(28, 1, 1, NULL, NULL, NULL, NULL),
(28, 2, 1, 'cerne e alburno distintos pela cor, cerne amarelo-escuro, alburno branco-amarelado; brilho moderado; cheiro e gosto imperceptíveis; densidade alta; dura ao corte; grã direita; textura grossa, aspecto fibroso; superfície moderadamente áspera ao tato.', 0, 0, NULL),
(28, 3, 1, NULL, NULL, NULL, NULL),
(28, 4, 1, 'visível a olho nu, paratraqueal em faixas largas.', 0, 0, NULL),
(28, 5, 1, 'visíveis apenas sob lente topo e na face tangencial. Vasos: visíveis a olho nu, médios a grandes; poucos; porosidade difusa; solitários e múltiplos; obstruídos por tilos e substância amarelada.', 0, 0, NULL),
(28, 7, 1, 'distintas, individualizadas por zonas fibrosas tangenciais mais escuras.', 0, 0, NULL),
(28, 8, 1, 'freqüentes.', 0, 0, NULL),
(28, 13, 1, NULL, NULL, NULL, NULL),
(28, 14, 1, 'Madeira de alta resistência à ação de fungos apodrecedores e moderada resistência ao ataque de cupins.', 0, 0, NULL),
(28, 14, 2, 'Resistente a ação de cupins.', 0, 0, NULL),
(28, 15, 1, 'Madeira pouco permeável a soluções preservativas em tratamento sob pressão.', 0, 0, NULL),
(28, 16, 1, NULL, NULL, NULL, NULL),
(28, 17, 1, 'A Madeira de bacuri é fácil de ser trabalhada tanto com ferramentas manuais como mecânicas, com bom polimento. Apresenta dificuldades para pregar.', 0, 0, NULL),
(28, 18, 1, 'A secagem ao ar livre é moderadamente difícil. A secagem deve ser lenta.', 0, 0, NULL),
(28, 18, 2, 'Deve ser feita com prudência afim de evitar rachas e empenamentos.', 0, 0, NULL),
(28, 19, 1, NULL, NULL, NULL, NULL),
(28, 20, 1, NULL, NULL, NULL, NULL),
(28, 21, 1, '', 830, 0, NULL),
(28, 22, 1, '', 820, 0, NULL),
(28, 24, 1, '', 670, 0, NULL),
(28, 25, 1, NULL, NULL, NULL, NULL),
(28, 26, 1, '', 4, 6, NULL),
(28, 27, 1, '', 8, 1, NULL),
(28, 28, 1, '', 13, 4, NULL),
(28, 30, 1, NULL, NULL, NULL, NULL),
(28, 31, 1, NULL, NULL, NULL, NULL),
(28, 32, 1, NULL, NULL, NULL, NULL),
(28, 33, 1, '', 96, 8, NULL),
(28, 34, 1, '', 109, 3, NULL),
(28, 36, 1, '', 100, 5, NULL),
(28, 37, 1, '', 12739, 0, NULL),
(28, 39, 1, NULL, NULL, NULL, NULL),
(28, 40, 1, NULL, NULL, NULL, NULL),
(28, 41, 1, '', 42, 9, NULL),
(28, 42, 1, '', 49, 4, NULL),
(28, 44, 1, '', 3, 6, NULL),
(28, 45, 1, '', 37, 6, NULL),
(28, 46, 1, '', 16465, 0, NULL),
(28, 51, 1, NULL, NULL, NULL, NULL),
(28, 82, 1, '', 38, 7, NULL),
(28, 53, 1, '', 10, 1, NULL),
(28, 55, 1, '', 6, 2, NULL),
(28, 57, 1, '', 0, 8, NULL),
(28, 58, 1, '', 6953, 0, NULL),
(28, 63, 1, NULL, NULL, NULL, NULL),
(28, 64, 1, NULL, NULL, NULL, NULL),
(28, 65, 1, '', 0, 0, 50),
(28, 65, 2, '', 0, 0, 52),
(28, 65, 3, '', 0, 0, 53),
(28, 65, 4, '', 0, 0, 47),
(28, 66, 1, '', 0, 0, 91),
(28, 66, 2, '', 0, 0, 43),
(28, 67, 1, '', 0, 0, 81),
(28, 67, 2, '', 0, 0, 80),
(28, 67, 3, '', 0, 0, 68),
(28, 68, 1, '', 0, 0, 42),
(28, 68, 2, '', 0, 0, 74),
(28, 68, 3, '', 0, 0, 57),
(28, 69, 1, '', 0, 0, 58),
(28, 69, 2, '', 0, 0, 55),
(28, 69, 3, '', 0, 0, 67),
(28, 72, 1, '', 0, 0, 89),
(28, 72, 2, '', 0, 0, 88),
(28, 72, 3, '', 0, 0, 90),
(28, 73, 1, NULL, NULL, NULL, NULL),
(28, 74, 1, '', 0, 0, 62),
(28, 76, 1, '', 0, 0, 31),
(28, 76, 2, '', 0, 0, 36),
(28, 76, 3, '', 0, 0, 39),
(28, 76, 4, '', 0, 0, 13),
(28, 76, 5, '', 0, 0, 16),
(28, 77, 1, '', 0, 0, 1),
(28, 78, 1, '', 0, 0, 95),
(28, 79, 1, '', 0, 0, 101),
(28, 80, 1, '', 0, 0, 105),
(29, 1, 1, NULL, NULL, NULL, NULL),
(29, 2, 1, 'cerne e alburno distintos pela cor, cerne bege rosado; superfície lustrosa; cheiro perceptível, agradável e característico, gosto ligeiramente amargo; densidade baixa; grã direita; textura média a grossa.', 0, 0, NULL),
(29, 3, 1, NULL, NULL, NULL, NULL),
(29, 4, 1, 'visível a olho nu, em faixas marginais afastadas e contrastadas.', 0, 0, NULL),
(29, 5, 1, 'visíveis a olho nu no topo e na face tangencial, finos, muito poucos a poucos.', 0, 0, NULL),
(29, 6, 1, 'visíveis a olho nu, pequenos a grandes; muito poucos a poucos, dispostos em anéis semiporosos; solitários em maioria; obstruídos por óleo-resina ou substância branca.', 0, 0, NULL),
(29, 7, 1, 'distintas individualizadas pelo parênquima marginal e distribuição dos vasos em anéis semiporosos.', 0, 0, NULL),
(29, 13, 1, NULL, NULL, NULL, NULL),
(29, 14, 1, 'a madeira de cedro apresenta durabilidade moderada ao ataque de organismos xilófagos (fungos e insetos).', 0, 0, NULL);
INSERT INTO `Madeira_Item` (`Cod_Madeira`, `Cod_Item`, `Num_Linha`, `Desc_Item`, `Valor_Inteiro`, `Valor_Decimal`, `Cod_Conteudo`) VALUES
(29, 14, 2, 'Existe variação quanto a durabilidade do cerne, algumas espécies são resistentes ao ataque de cupins subterrâneos e cupins-de-madeira-seca, outras espécies (por exemplo <EM>Cedrela fissilis</EM>) são muito susceptíveis ao ataque por esses organismos. Apresenta baixa resistência ao ataque de xilófagos marinhos.', 0, 0, NULL),
(29, 14, 3, 'Estudo realizado pela', 0, 0, NULL),
(29, 14, 4, 'verificou que a durabilidade desta madeira é inferior a 12 anos de serviço em contato com o solo.', 0, 0, NULL),
(29, 15, 1, 'o cerne apresenta baixa permeabilidade às soluções preservativas. O alburno é permeável', 0, 0, NULL),
(29, 16, 1, NULL, NULL, NULL, NULL),
(29, 17, 1, 'a madeira de cedro é fácil de aplainar, serrar, lixar, furar, pregar, colar e tornear. Apresenta bom acabamento, em alguns casos pode ocorrer exudação de resina.', 0, 0, NULL),
(29, 18, 1, 'a secagem ao ar é rápida com pouca ocorrência de defeitos. A secagem em estufa é fácil, não ocorrendo empenamentos e rachaduras', 0, 0, NULL),
(29, 19, 1, NULL, NULL, NULL, NULL),
(29, 20, 1, NULL, NULL, NULL, NULL),
(29, 21, 1, '', 530, 0, NULL),
(29, 24, 1, '', 440, 0, NULL),
(29, 25, 1, NULL, NULL, NULL, NULL),
(29, 26, 1, '', 4, 0, NULL),
(29, 27, 1, '', 6, 2, NULL),
(29, 28, 1, '', 11, 6, NULL),
(29, 30, 1, NULL, NULL, NULL, NULL),
(29, 31, 1, NULL, NULL, NULL, NULL),
(29, 32, 1, NULL, NULL, NULL, NULL),
(29, 33, 1, '', 62, 8, NULL),
(29, 34, 1, '', 81, 2, NULL),
(29, 36, 1, '', 25, 5, NULL),
(29, 37, 1, '', 8336, 0, NULL),
(29, 39, 1, NULL, NULL, NULL, NULL),
(29, 40, 1, NULL, NULL, NULL, NULL),
(29, 41, 1, '', 28, 0, NULL),
(29, 42, 1, '', 39, 1, NULL),
(29, 44, 1, '', 3, 4, NULL),
(29, 45, 1, '', 20, 1, NULL),
(29, 46, 1, '', 9630, 0, NULL),
(29, 51, 1, NULL, NULL, NULL, NULL),
(29, 82, 1, '', 19, 7, NULL),
(29, 53, 1, '', 7, 1, NULL),
(29, 55, 1, '', 5, 1, NULL),
(29, 57, 1, '', 0, 6, NULL),
(29, 58, 1, '', 3138, 0, NULL),
(29, 63, 1, NULL, NULL, NULL, NULL),
(29, 64, 1, NULL, NULL, NULL, NULL),
(29, 68, 1, '', 0, 0, 74),
(29, 68, 2, '', 0, 0, 85),
(29, 68, 3, '', 0, 0, 44),
(29, 69, 1, '', 0, 0, 58),
(29, 69, 2, '', 0, 0, 67),
(29, 69, 3, '', 0, 0, 60),
(29, 69, 4, '', 0, 0, 56),
(29, 69, 5, '', 0, 0, 55),
(29, 73, 1, NULL, NULL, NULL, NULL),
(29, 74, 1, '', 0, 0, 64),
(29, 74, 2, '', 0, 0, 62),
(29, 76, 1, '', 0, 0, 8),
(29, 76, 2, '', 0, 0, 13),
(29, 76, 3, '', 0, 0, 27),
(29, 76, 4, '', 0, 0, 26),
(29, 76, 5, '', 0, 0, 11),
(29, 76, 6, '', 0, 0, 10),
(29, 76, 7, '', 0, 0, 20),
(29, 76, 8, '', 0, 0, 15),
(29, 77, 1, '', 0, 0, 2),
(29, 78, 1, '', 0, 0, 96),
(29, 79, 1, '', 0, 0, 102),
(29, 80, 1, '', 0, 0, 104),
(30, 1, 1, NULL, NULL, NULL, NULL),
(30, 2, 1, 'cerne e alburno indistintos pela cor, bege-rosado; cheiro perceptível, desagradável quando a Madeira está úmida e imperceptível depois da Madeira seca; gosto indistinto; densidade baixa; grã ondulada; textura grossa.', 0, 0, NULL),
(30, 3, 1, NULL, NULL, NULL, NULL),
(30, 4, 1, 'visível apenas sob lente, paratraqueal vasicêntrico e aliforme losangular de expansões curtas.', 0, 0, NULL),
(30, 5, 1, 'visíveis apenas sob lente no topo e na face tangencial, onde se observa a olho nu um ondulado, lembrando estratificação, finos. ', 0, 0, NULL),
(30, 6, 1, 'visíveis a olho nu, grandes; poucos, disposição difusa; solitários e múltiplos; vazios.', 0, 0, NULL),
(30, 7, 1, 'indistintas.', 0, 0, NULL),
(30, 13, 1, NULL, NULL, NULL, NULL),
(30, 14, 1, 'a Madeira de cedrorana apresenta durabilidade moderada ao ataque de fungos apodrecedores e cupins.', 0, 0, NULL),
(30, 14, 2, 'Estudo realizado verificou que a durabilidade desta Madeira é inferior a 12 anos de serviço em contato com o solo.', 0, 0, NULL),
(30, 15, 1, 'cerne e alburno difíceis de tratar com produtos preservativos hidrossolúveis, mesmo em tratamento sob pressão.', 0, 0, NULL),
(30, 16, 1, NULL, NULL, NULL, NULL),
(30, 17, 1, 'A Madeira de cedrorana é fácil de aplainar, serrar, pregar e parafusar. Recebe bom acabamento.', 0, 0, NULL),
(30, 18, 1, 'Com empilhamento bem feito e realizado em local coberto, a secagem é boa e ocasiona poucos defeitos de rachaduras ou empenamentos. A secagem artificial precisa de atenção e deve ser bem controlada.', 0, 0, NULL),
(30, 19, 1, NULL, NULL, NULL, NULL),
(30, 20, 1, NULL, NULL, NULL, NULL),
(30, 22, 1, '', 520, 0, NULL),
(30, 23, 1, '', 900, 0, NULL),
(30, 24, 1, '', 440, 0, NULL),
(30, 25, 1, NULL, NULL, NULL, NULL),
(30, 26, 1, '', 4, 8, NULL),
(30, 27, 1, '', 7, 9, NULL),
(30, 28, 1, '', 11, 8, NULL),
(30, 30, 1, NULL, NULL, NULL, NULL),
(30, 31, 1, NULL, NULL, NULL, NULL),
(30, 32, 1, NULL, NULL, NULL, NULL),
(30, 33, 1, '', 70, 8, NULL),
(30, 35, 1, '', 77, 8, NULL),
(30, 37, 1, '', 12258, 0, NULL),
(30, 38, 1, '', 12847, 0, NULL),
(30, 39, 1, NULL, NULL, NULL, NULL),
(30, 40, 1, NULL, NULL, NULL, NULL),
(30, 41, 1, '', 40, 6, NULL),
(30, 43, 1, '', 46, 6, NULL),
(30, 47, 1, NULL, NULL, NULL, NULL),
(30, 48, 1, NULL, NULL, NULL, NULL),
(30, 49, 1, '', 3, 2, NULL),
(30, 50, 1, '', 3, 6, NULL),
(30, 51, 1, NULL, NULL, NULL, NULL),
(30, 53, 1, '', 6, 7, NULL),
(30, 54, 1, '', 7, 2, NULL),
(30, 55, 1, '', 4, 4, NULL),
(30, 56, 1, '', 4, 5, NULL),
(30, 59, 1, '', 3932, 0, NULL),
(30, 60, 1, '', 3962, 0, NULL),
(30, 61, 1, '', 3570, 0, NULL),
(30, 62, 1, '', 3785, 0, NULL),
(30, 63, 1, NULL, NULL, NULL, NULL),
(30, 64, 1, NULL, NULL, NULL, NULL),
(30, 68, 1, '', 0, 0, 74),
(30, 68, 2, '', 0, 0, 85),
(30, 70, 1, '', 0, 0, 78),
(30, 71, 1, '', 0, 0, 46),
(30, 71, 2, '', 0, 0, 56),
(30, 71, 3, '', 0, 0, 79),
(30, 72, 1, '', 0, 0, 90),
(30, 73, 1, NULL, NULL, NULL, NULL),
(30, 75, 1, '', 0, 0, 63),
(30, 75, 2, '', 0, 0, 70),
(30, 76, 1, '', 0, 0, 23),
(30, 76, 2, '', 0, 0, 8),
(30, 76, 3, '', 0, 0, 13),
(30, 77, 1, '', 0, 0, 2),
(30, 78, 1, '', 0, 0, 94),
(30, 79, 1, '', 0, 0, 103),
(30, 80, 1, '', 0, 0, 105),
(31, 1, 1, NULL, NULL, NULL, NULL),
(31, 2, 1, 'cerne e alburno distintos pela cor, cerne castanho-avermelhado, com veios mais escuros, alburno bege-rosado; superfície lustrosa; cheiro característico quando recém cortada e imperceptível depois de seca, gosto ligeiramente adstringente; densidade média; grã direita ou irregular; textura média.', 0, 0, NULL),
(31, 3, 1, NULL, NULL, NULL, NULL),
(31, 4, 1, 'visível a olho nu, em faixas marginais e vasicêntrico escasso.', 0, 0, NULL),
(31, 5, 1, 'visíveis apenas sob lente no topo e na face tangencial, finos, poucos.', 0, 0, NULL),
(31, 6, 1, 'visíveis a olho nu, pequenos a médios, poucos, porosidade difusa; solitários em maioria, geminados e múltiplos de 3 a 5; obstruídos por óleo-resina.', 0, 0, NULL),
(31, 7, 1, 'distintas individualizadas pelo parênquima marginal.', 0, 0, NULL),
(31, 10, 1, 'presentes em disposição tangencial, envolvidos pelo parênquima marginal.', 0, 0, NULL),
(31, 13, 1, NULL, NULL, NULL, NULL),
(31, 14, 1, 'em ensaios de laboratório <EM>Copaifera langsdorffii</EM> e <EM>C. reticulata</EM>, demonstraram ter alta resistência ao ataque de organismos xilófagos (fungos e cupins)', 0, 0, NULL),
(31, 14, 2, '<EM>C. officinalis</EM> apresenta baixa durabilidade ao ataque de fungos apodrecedores e cupins', 0, 0, NULL),
(31, 14, 3, 'Em ensaio de campo com estacas em contato com o solo, <EM>Copaifera </EM>sp. apresentou vida média inferior a 5,5 anos', 0, 0, NULL),
(31, 14, 4, 'Apresentou baixa resistência, em ensaios de campo, aos xilófagos marinhos', 0, 0, NULL),
(31, 15, 1, 'o cerne apresenta baixa permeabilidade às soluções preservativas (<EM>C. duckei</EM> e <EM>C. reticulata</EM>) (retenção de preservativo oleossolúvel abaixo de 100 kg/m3). O alburno é permeável', 0, 0, NULL),
(31, 16, 1, NULL, NULL, NULL, NULL),
(31, 17, 1, 'a Madeira de copaíba é fácil de ser trabalhada, resultando em superfície lisa e uniforme, é boa para pregar e parafusar. A exudação de óleo durante a secagem pode prejudicar a  colagem, dependendo do adesivo', 0, 0, NULL),
(31, 18, 1, 'a secagem ao ar é de lenta a moderada sem a ocorrência de sérios defeitos. A secagem em estufa deve ser conduzida sob rigoroso controle', 0, 0, NULL),
(31, 19, 1, NULL, NULL, NULL, NULL),
(31, 20, 1, NULL, NULL, NULL, NULL),
(31, 21, 1, '', 690, 0, NULL),
(31, 24, 1, '', 575, 0, NULL),
(31, 25, 1, NULL, NULL, NULL, NULL),
(31, 26, 1, '', 3, 8, NULL),
(31, 27, 1, '', 7, 1, NULL),
(31, 28, 1, '', 13, 4, NULL),
(31, 30, 1, NULL, NULL, NULL, NULL),
(31, 31, 1, NULL, NULL, NULL, NULL),
(31, 32, 1, NULL, NULL, NULL, NULL),
(31, 33, 1, '', 93, 5, NULL),
(31, 34, 1, '', 112, 5, NULL),
(31, 37, 1, '', 10339, 0, NULL),
(31, 39, 1, NULL, NULL, NULL, NULL),
(31, 40, 1, NULL, NULL, NULL, NULL),
(31, 41, 1, '', 38, 7, NULL),
(31, 42, 1, '', 50, 0, NULL),
(31, 44, 1, '', 3, 4, NULL),
(31, 51, 1, NULL, NULL, NULL, NULL),
(31, 82, 1, '', 30, 8, NULL),
(31, 55, 1, '', 4, 0, NULL),
(31, 57, 1, '', 0, 6, NULL),
(31, 58, 1, '', 4109, 0, NULL),
(31, 63, 1, NULL, NULL, NULL, NULL),
(31, 64, 1, NULL, NULL, NULL, NULL),
(31, 68, 1, '', 0, 0, 74),
(31, 68, 2, '', 0, 0, 85),
(31, 70, 1, '', 0, 0, 78),
(31, 71, 1, '', 0, 0, 46),
(31, 71, 2, '', 0, 0, 56),
(31, 71, 3, '', 0, 0, 79),
(31, 72, 1, '', 0, 0, 88),
(31, 72, 2, '', 0, 0, 89),
(31, 72, 3, '', 0, 0, 90),
(31, 73, 1, NULL, NULL, NULL, NULL),
(31, 75, 1, '', 0, 0, 63),
(31, 75, 2, '', 0, 0, 70),
(31, 76, 1, '', 0, 0, 23),
(31, 76, 2, '', 0, 0, 8),
(31, 76, 3, '', 0, 0, 13),
(31, 77, 1, '', 0, 0, 2),
(31, 78, 1, '', 0, 0, 94),
(31, 79, 1, '', 0, 0, 101),
(31, 80, 1, '', 0, 0, 104),
(32, 1, 1, NULL, NULL, NULL, NULL),
(32, 2, 1, 'cerne e alburno indistintos pela cor, bege-rosado; brilho moderado; cheiro e gosto imperceptíveis; densidade média; dura ao corte; grã ondulada a direita; textura fina.', 0, 0, NULL),
(32, 3, 1, NULL, NULL, NULL, NULL),
(32, 4, 1, 'pouco contrastado, visível só sob lente, em finíssimas linhas, sinuosas, aproximadas.', 0, 0, NULL),
(32, 5, 1, 'visíveis apenas sob lente no topo e na face tangencial, finos. ', 0, 0, NULL),
(32, 6, 1, 'visíveis apenas sob lente, pequenos a médios; poucos; porosidade difusa; solitários e múltiplos de 2 a 5; vazios. ', 0, 0, NULL),
(32, 7, 1, 'distintas, individualizadas por zonas fibrosas tangenciais mais escuras.', 0, 0, NULL),
(32, 13, 1, NULL, NULL, NULL, NULL),
(32, 14, 1, 'Madeira moderadamente resistente à podridão-branca e muito resistente à podridão-parda. É susceptível ao ataque de cupins-de-Madeira-seca.', 0, 0, NULL),
(32, 14, 2, 'Cerne susceptível a ação de fungos manchadores.', 0, 0, NULL),
(32, 15, 1, 'alburno moderadamente fácil de tratar.', 0, 0, NULL),
(32, 16, 1, NULL, NULL, NULL, NULL),
(32, 17, 1, 'A Madeira de curupixá é fácil de ser trabalhada no torno e na broca, resultando em excelente acabamento.', 0, 0, NULL),
(32, 18, 1, 'A secagem é rápida ao ar, com tendência a arqueamento moderado e a rachaduras leves a moderadas.', 0, 0, NULL),
(32, 19, 1, NULL, NULL, NULL, NULL),
(32, 20, 1, NULL, NULL, NULL, NULL),
(32, 22, 1, '', 790, 0, NULL),
(32, 23, 1, '', 1210, 0, NULL),
(32, 24, 1, '', 670, 0, NULL),
(32, 25, 1, NULL, NULL, NULL, NULL),
(32, 26, 1, '', 4, 7, NULL),
(32, 27, 1, '', 9, 7, NULL),
(32, 28, 1, '', 14, 0, NULL),
(32, 30, 1, NULL, NULL, NULL, NULL),
(32, 31, 1, NULL, NULL, NULL, NULL),
(32, 32, 1, NULL, NULL, NULL, NULL),
(32, 33, 1, '', 78, 8, NULL),
(32, 37, 1, '', 12749, 0, NULL),
(32, 38, 1, '', 13925, 0, NULL),
(32, 39, 1, NULL, NULL, NULL, NULL),
(32, 40, 1, NULL, NULL, NULL, NULL),
(32, 41, 1, '', 40, 5, NULL),
(32, 43, 1, '', 64, 9, NULL),
(32, 47, 1, NULL, NULL, NULL, NULL),
(32, 48, 1, NULL, NULL, NULL, NULL),
(32, 49, 1, '', 6, 5, NULL),
(32, 50, 1, '', 10, 0, NULL),
(32, 51, 1, NULL, NULL, NULL, NULL),
(32, 53, 1, '', 10, 6, NULL),
(32, 54, 1, '', 14, 4, NULL),
(32, 55, 1, '', 3, 9, NULL),
(32, 56, 1, '', 3, 9, NULL),
(32, 59, 1, '', 6325, 0, NULL),
(32, 60, 1, '', 9983, 0, NULL),
(32, 61, 1, '', 5707, 0, NULL),
(32, 62, 1, '', 7649, 0, NULL),
(32, 63, 1, NULL, NULL, NULL, NULL),
(32, 64, 1, NULL, NULL, NULL, NULL),
(32, 68, 1, '', 0, 0, 74),
(32, 68, 2, '', 0, 0, 85),
(32, 68, 3, '', 0, 0, 44),
(32, 69, 1, '', 0, 0, 58),
(32, 69, 2, '', 0, 0, 67),
(32, 69, 3, '', 0, 0, 55),
(32, 70, 1, '', 0, 0, 78),
(32, 70, 2, '', 0, 0, 71),
(32, 72, 1, '', 0, 0, 88),
(32, 72, 2, '', 0, 0, 89),
(32, 72, 3, '', 0, 0, 90),
(32, 73, 1, NULL, NULL, NULL, NULL),
(32, 74, 1, '', 0, 0, 62),
(32, 76, 1, '', 0, 0, 10),
(32, 76, 2, '', 0, 0, 3),
(32, 76, 3, '', 0, 0, 23),
(32, 76, 4, '', 0, 0, 31),
(32, 76, 5, '', 0, 0, 27),
(32, 77, 1, '', 0, 0, 2),
(32, 78, 1, '', 0, 0, 96),
(32, 79, 1, '', 0, 0, 101),
(32, 80, 1, '', 0, 0, 104),
(33, 1, 1, NULL, NULL, NULL, NULL),
(33, 2, 1, 'cerne castanho amarelado com veios mais escuros; cheiro e gosto indistintos; densidade alta; grã irregular a revessa; superfície ligeiramente aspera; aspecto fibroso atenuado; textura média.', 0, 0, NULL),
(33, 3, 1, NULL, NULL, NULL, NULL),
(33, 4, 1, 'vísivel a olho nu, paratraqueal aliforme losangular, eventualmente vasicêntrico, formando arranjos oblíquos e/ou finas linhas marginais.', 0, 0, NULL),
(33, 5, 1, 'vísiveis só sob lente no topo e na face tangencial.', 0, 0, NULL),
(33, 6, 1, 'vísiveis a olho nu, porosidade difusa, pequenos a médios, solitários e múltiplos, obstruídos por óleo-resina ou substância esbranquiçada.', 0, 0, NULL),
(33, 7, 1, 'ligeiramente demarcadas por zonas fibrosas mais escuras e eventualmente por linhas marginais.', 0, 0, NULL),
(33, 13, 1, NULL, NULL, NULL, NULL),
(33, 14, 1, 'a Madeira de fava-orelha-de-negro é resistente ao ataque de fungos apodrecedores e altamente resistente a cupins.', 0, 0, NULL),
(33, 14, 2, 'Em ensaios de campo na região amazônica, a Madeira de fava-orelha-de-negro, demostrou ser moderadamente resistente ao ataque de organismos xilófagos.', 0, 0, NULL),
(33, 15, 1, 'em ensaios de laboratório, a Madeira demostrou ser impermeável às soluções preservantes, mesmo em processos sob pressão.', 0, 0, NULL),
(33, 15, 2, 'O alburno é fácil de preservar com CCA-A.', 0, 0, NULL),
(33, 16, 1, NULL, NULL, NULL, NULL),
(33, 17, 1, 'A Madeira de fava-orelha-de-macaco é fácil de serrar, aplainar, lixar, tornear, furar, pregar e parafusar. Apresenta acabamento médio. A Madeira é fácil de faquear, gerando lâminas lisas, compactas, fáceis de secar e com superfície brilhante.', 0, 0, NULL),
(33, 18, 1, 'A secagem ao ar é lenta e sem defeitos apreciáveis; em estufa deve ser conduzida com prudência pReferencialmente em baixas temperaturas.', 0, 0, NULL),
(33, 18, 2, 'Em estufa a secagem é muito rápida, apresentando tendência moderada a rachaduras e a torcimento fortes em programas de secagem muito agressivos.', 0, 0, NULL),
(33, 19, 1, NULL, NULL, NULL, NULL),
(33, 20, 1, NULL, NULL, NULL, NULL),
(33, 21, 1, '', 790, 0, NULL),
(33, 24, 1, '', 658, 0, NULL),
(33, 25, 1, NULL, NULL, NULL, NULL),
(33, 26, 1, '', 2, 8, NULL),
(33, 27, 1, '', 9, 1, NULL),
(33, 28, 1, '', 14, 1, NULL),
(33, 30, 1, NULL, NULL, NULL, NULL),
(33, 31, 1, NULL, NULL, NULL, NULL),
(33, 32, 1, NULL, NULL, NULL, NULL),
(33, 33, 1, '', 89, 4, NULL),
(33, 34, 1, '', 113, 1, NULL),
(33, 36, 1, '', 36, 3, NULL),
(33, 37, 1, '', 12386, 0, NULL),
(33, 39, 1, NULL, NULL, NULL, NULL),
(33, 40, 1, NULL, NULL, NULL, NULL),
(33, 41, 1, '', 44, 7, NULL),
(33, 42, 1, '', 51, 3, NULL),
(33, 44, 1, '', 6, 5, NULL),
(33, 45, 1, '', 28, 1, NULL),
(33, 46, 1, '', 14671, 0, NULL),
(33, 51, 1, NULL, NULL, NULL, NULL),
(33, 82, 1, '', 39, 5, NULL),
(33, 53, 1, '', 14, 3, NULL),
(33, 55, 1, '', 10, 2, NULL),
(33, 57, 1, '', 1, 3, NULL),
(33, 58, 1, '', 6894, 0, NULL),
(33, 63, 1, NULL, NULL, NULL, NULL),
(33, 64, 1, NULL, NULL, NULL, NULL),
(33, 65, 1, '', 0, 0, 50),
(33, 65, 2, '', 0, 0, 47),
(33, 66, 1, '', 0, 0, 91),
(33, 66, 2, '', 0, 0, 43),
(33, 66, 3, '', 0, 0, 83),
(33, 67, 1, '', 0, 0, 80),
(33, 67, 2, '', 0, 0, 81),
(33, 68, 1, '', 0, 0, 42),
(33, 68, 2, '', 0, 0, 57),
(33, 69, 1, '', 0, 0, 58),
(33, 69, 2, '', 0, 0, 67),
(33, 69, 3, '', 0, 0, 60),
(33, 69, 4, '', 0, 0, 56),
(33, 69, 5, '', 0, 0, 55),
(33, 73, 1, NULL, NULL, NULL, NULL),
(33, 74, 1, '', 0, 0, 62),
(33, 76, 1, '', 0, 0, 23),
(33, 76, 2, '', 0, 0, 17),
(33, 76, 3, '', 0, 0, 37),
(33, 76, 4, '', 0, 0, 13),
(33, 77, 1, '', 0, 0, 1),
(33, 78, 1, '', 0, 0, 94),
(33, 79, 1, '', 0, 0, 101),
(33, 80, 1, '', 0, 0, 104),
(34, 1, 1, NULL, NULL, NULL, NULL),
(34, 2, 1, 'cerne e alburno distintos pela cor, cerne castanho-claro-amarelado, pode apresentar manchas e estrias enegrecidas; superfície lustrosa; cheiro e gosto imperceptíveis; densidade baixa; grã direita; textura média.', 0, 0, NULL),
(34, 3, 1, NULL, NULL, NULL, NULL),
(34, 4, 1, 'invisível mesmo sob lente, ás vezes paratraqueal vasicêntrico e aliforme escassos, ocasionalmente marginal em linhas curtas irregulares;', 0, 0, NULL),
(34, 5, 1, 'visíveis a olho nu no topo e na face tangencial, médios, muito poucos.', 0, 0, NULL),
(34, 6, 1, 'visíveis a olho nu, pequenos a grandes; muito poucos a poucos, porosidade difusa; ás vezes orientados tangencialmente; solitários e múltiplos de 2 a 4; obstruídos por tilos.', 0, 0, NULL),
(34, 7, 1, 'distintas individualizadas zonas fibrosas tangenciais mais escuras e pelo arranjo tangencial dos vasos.', 0, 0, NULL),
(34, 13, 1, NULL, NULL, NULL, NULL),
(34, 14, 1, 'a Madeira de freijó apresenta durabilidade moderada ao ataque de organismos xilófagos (fungos e insetos)', 0, 0, NULL),
(34, 14, 2, ', entretanto, para', 0, 0, NULL),
(34, 14, 3, 'apresenta baixa resistência ao ataque de cupins. Estudo realizado pela', 0, 0, NULL),
(34, 14, 4, 'verificou que a durabilidade desta Madeira é inferior a 12 anos de serviço em contato com o solo.', 0, 0, NULL),
(34, 15, 1, 'Madeira moderadamente difícil a difícil de tratar, apresentando retenções de preservativo oleossolúvel entre 200kg/m3 e 300kg/m3 ou abaixo de 100kg/m3', 0, 0, NULL),
(34, 16, 1, NULL, NULL, NULL, NULL),
(34, 17, 1, 'a Madeira de freijó é fácil de serrar, aplainar e colar. Proporciona superfície de acabamento lisa', 0, 0, NULL),
(34, 18, 1, 'a secagem ao ar é boa com pouca ocorrência de defeitos, mas com tendência ao aparecimento de rachas de topo', 0, 0, NULL),
(34, 18, 2, 'A secagem em estufa é muito rápida podendo ocorrer rachaduras e encanoamento moderados e forte endurecimento superficial', 0, 0, NULL),
(34, 19, 1, NULL, NULL, NULL, NULL),
(34, 20, 1, NULL, NULL, NULL, NULL),
(34, 21, 1, '', 590, 0, NULL),
(34, 24, 1, '', 480, 0, NULL),
(34, 25, 1, NULL, NULL, NULL, NULL),
(34, 26, 1, '', 3, 2, NULL),
(34, 27, 1, '', 6, 7, NULL),
(34, 28, 1, '', 9, 1, NULL),
(34, 30, 1, NULL, NULL, NULL, NULL),
(34, 31, 1, NULL, NULL, NULL, NULL),
(34, 32, 1, NULL, NULL, NULL, NULL),
(34, 33, 1, '', 79, 9, NULL),
(34, 34, 1, '', 93, 7, NULL),
(34, 36, 1, '', 34, 4, NULL),
(34, 37, 1, '', 11101, 0, NULL),
(34, 39, 1, NULL, NULL, NULL, NULL),
(34, 40, 1, NULL, NULL, NULL, NULL),
(34, 41, 1, '', 36, 6, NULL),
(34, 42, 1, '', 46, 1, NULL),
(34, 44, 1, '', 3, 2, NULL),
(34, 45, 1, '', 27, 9, NULL),
(34, 46, 1, '', 14631, 0, NULL),
(34, 51, 1, NULL, NULL, NULL, NULL),
(34, 82, 1, '', 27, 5, NULL),
(34, 53, 1, '', 8, 3, NULL),
(34, 55, 1, '', 4, 2, NULL),
(34, 57, 1, '', 0, 5, NULL),
(34, 58, 1, '', 3932, 0, NULL),
(34, 63, 1, NULL, NULL, NULL, NULL),
(34, 64, 1, NULL, NULL, NULL, NULL),
(34, 68, 1, '', 0, 0, 74),
(34, 68, 2, '', 0, 0, 85),
(34, 68, 3, '', 0, 0, 44),
(34, 69, 1, '', 0, 0, 58),
(34, 69, 2, '', 0, 0, 67),
(34, 69, 3, '', 0, 0, 60),
(34, 69, 4, '', 0, 0, 56),
(34, 69, 5, '', 0, 0, 55),
(34, 70, 1, '', 0, 0, 78),
(34, 73, 1, NULL, NULL, NULL, NULL),
(34, 74, 1, '', 0, 0, 64),
(34, 74, 2, '', 0, 0, 62),
(34, 76, 1, '', 0, 0, 28),
(34, 76, 2, '', 0, 0, 12),
(34, 76, 3, '', 0, 0, 3),
(34, 76, 4, '', 0, 0, 20),
(34, 76, 5, '', 0, 0, 26),
(34, 76, 6, '', 0, 0, 10),
(34, 77, 1, '', 0, 0, 2),
(34, 78, 1, '', 0, 0, 94),
(34, 79, 1, '', 0, 0, 101),
(34, 80, 1, '', 0, 0, 105),
(35, 1, 1, NULL, NULL, NULL, NULL),
(35, 2, 1, 'cerne e alburno distintos pela cor, cerne variando de bege-amarelado a castanho-amarelado; superfície lustrosa e lisa ao tato; cheiro e gosto imperceptíveis; densidade média; dura ao corte; grã revessa; textura média.', 0, 0, NULL),
(35, 3, 1, NULL, NULL, NULL, NULL),
(35, 4, 1, 'visível a olho nu, paratraqueal aliforme de extensão losangular e confluente, em trecho curtos, oblíquos, e também formando faixas tangenciais onduladas e irregulares.', 0, 0, NULL),
(35, 5, 1, 'visíveis apenas sob lente no topo e na face tangencial; finos; estratificados.', 0, 0, NULL),
(35, 6, 1, 'visíveis a olho nu, pequenos a médios; porosidade difusa; solitários e múltiplos de 2 a 4; obstruídos por óleo-resina.', 0, 0, NULL),
(35, 7, 1, 'distintas, ligeiramente individualizadas por zonas fibrosas tangenciais mais escuras.', 0, 0, NULL),
(35, 13, 1, NULL, NULL, NULL, NULL),
(35, 14, 1, 'o cerne apresenta resistência moderada ao ataque de fungos apodrecedores e alta resistência ao cupim-de-Madeira-seca. Em ensaio laboratorial, esta Madeira foi considerada resistente aos fungos apodrecedores <EM>Glocophyllum trabum</EM>, <EM>Coriolus versicola</EM> e<EM> Poria monticola</EM>. Em ensaio de campo, com estacas em contato com o solo, esta Madeira apresentou vida média inferior a 9 anos ', 0, 0, NULL),
(35, 15, 1, 'apresenta baixa permeabilidade às soluções preservativas quando submetida à impregnação sob pressão', 0, 0, NULL),
(35, 16, 1, NULL, NULL, NULL, NULL),
(35, 17, 1, 'A Madeira de garapa é fácil de ser trabalhada desde que se use ferramentas apropriadas devido à presença de sílica; porém cola bem e proporciona bom acabamento', 0, 0, NULL),
(35, 18, 1, 'É difícil de secar ao ar. A secagem deve ser lenta e bem controlada para evitar alta incidência de defeitos', 0, 0, NULL),
(35, 19, 1, NULL, NULL, NULL, NULL),
(35, 20, 1, NULL, NULL, NULL, NULL),
(35, 21, 1, '', 830, 0, NULL),
(35, 24, 1, '', 670, 0, NULL),
(35, 25, 1, NULL, NULL, NULL, NULL),
(35, 26, 1, '', 4, 4, NULL),
(35, 27, 1, '', 8, 5, NULL),
(35, 28, 1, '', 14, 0, NULL),
(35, 30, 1, NULL, NULL, NULL, NULL),
(35, 31, 1, NULL, NULL, NULL, NULL),
(35, 32, 1, NULL, NULL, NULL, NULL),
(35, 33, 1, '', 93, 8, NULL),
(35, 34, 1, '', 125, 3, NULL),
(35, 36, 1, '', 43, 1, NULL),
(35, 37, 1, '', 14107, 0, NULL),
(35, 39, 1, NULL, NULL, NULL, NULL),
(35, 40, 1, NULL, NULL, NULL, NULL),
(35, 41, 1, '', 37, 3, NULL),
(35, 42, 1, '', 54, 3, NULL),
(35, 44, 1, '', 5, 1, NULL),
(35, 45, 1, '', 29, 7, NULL),
(35, 46, 1, '', 14460, 0, NULL),
(35, 51, 1, NULL, NULL, NULL, NULL),
(35, 82, 1, '', 40, 0, NULL),
(35, 53, 1, '', 12, 7, NULL),
(35, 55, 1, '', 9, 6, NULL),
(35, 57, 1, '', 1, 0, NULL),
(35, 58, 1, '', 7257, 0, NULL),
(35, 63, 1, NULL, NULL, NULL, NULL),
(35, 64, 1, NULL, NULL, NULL, NULL),
(35, 65, 1, '', 0, 0, 73),
(35, 65, 2, '', 0, 0, 52),
(35, 65, 3, '', 0, 0, 50),
(35, 65, 4, '', 0, 0, 47),
(35, 65, 5, '', 0, 0, 61),
(35, 65, 6, '', 0, 0, 75),
(35, 66, 1, '', 0, 0, 91),
(35, 66, 2, '', 0, 0, 43),
(35, 67, 1, '', 0, 0, 81),
(35, 67, 2, '', 0, 0, 80),
(35, 67, 3, '', 0, 0, 68),
(35, 67, 4, '', 0, 0, 49),
(35, 68, 1, '', 0, 0, 74),
(35, 68, 2, '', 0, 0, 85),
(35, 68, 3, '', 0, 0, 44),
(35, 69, 1, '', 0, 0, 46),
(35, 69, 2, '', 0, 0, 56),
(35, 69, 3, '', 0, 0, 55),
(35, 69, 4, '', 0, 0, 79),
(35, 73, 1, NULL, NULL, NULL, NULL),
(35, 74, 1, '', 0, 0, 62),
(35, 76, 1, '', 0, 0, 5),
(35, 76, 2, '', 0, 0, 37),
(35, 77, 1, '', 0, 0, 1),
(35, 78, 1, '', 0, 0, 95),
(35, 79, 1, '', 0, 0, 101),
(35, 80, 1, '', 0, 0, 105),
(36, 1, 1, NULL, NULL, NULL, NULL),
(36, 2, 1, 'cerne e alburno indistintos pela cor, amarelo-pálido, brilho moderado; cheiro e gosto imperceptíveis; densidade alta; moderadamente dura ao corte; grã direita; textura fina.', 0, 0, NULL),
(36, 3, 1, NULL, NULL, NULL, NULL),
(36, 4, 1, 'visível a olho nu, em linhas finas, às vezes interrompidas, formando com os raios uma trama irregular.', 0, 0, NULL),
(36, 5, 1, 'visíveis apenas sob lente, no topo e na face tangencial; finos; numerosos.', 0, 0, NULL),
(36, 6, 1, 'pequenos; numerosos; porosidade difusa; em arranjo diagonal; solitários e múltiplos em cadeias radiais; obstruídos por tilos.', 0, 0, NULL),
(36, 7, 1, 'pouco distintas, demarcadas por zonas fibrosas tangenciais mais escuras.', 0, 0, NULL),
(36, 13, 1, NULL, NULL, NULL, NULL),
(36, 14, 1, 'Madeira suscetível à ação de fungos e cupins.', 0, 0, NULL),
(36, 15, 1, 'o cerne e o alburno são fáceis de preservar, em processo sob pressão, tanto com creosoto (preservativo oleossolúvel) como CCA (preservativo hidrossolúvel).', 0, 0, NULL),
(36, 16, 1, NULL, NULL, NULL, NULL),
(36, 17, 1, 'A Madeira de goiabão é fácil de ser processada, podendo receber bom acabamento. É fácil de tornear e furar. É moderadamente fácil de aplainar e lixar. Recomenda-se furação prévia à colocação de pregos.', 0, 0, NULL),
(36, 18, 1, 'A secagem pode ser muito rápida em estufa, apresentando tendência a encanoamento, rachadura de topo e torcimento, em programas de secagem muito agressivos. Neste caso, recomenda-se uma secagem mais lenta para se evitar ou diminuir estes defeitos.', 0, 0, NULL),
(36, 19, 1, NULL, NULL, NULL, NULL),
(36, 20, 1, NULL, NULL, NULL, NULL),
(36, 22, 1, '', 930, 0, NULL),
(36, 23, 1, '', 1190, 0, NULL),
(36, 24, 1, '', 730, 0, NULL),
(36, 25, 1, NULL, NULL, NULL, NULL),
(36, 26, 1, '', 6, 2, NULL),
(36, 27, 1, '', 11, 2, NULL),
(36, 28, 1, '', 16, 5, NULL),
(36, 30, 1, NULL, NULL, NULL, NULL),
(36, 31, 1, NULL, NULL, NULL, NULL),
(36, 32, 1, NULL, NULL, NULL, NULL),
(36, 33, 1, '', 98, 9, NULL),
(36, 35, 1, '', 155, 5, NULL),
(36, 37, 1, '', 12847, 0, NULL),
(36, 38, 1, '', 16377, 0, NULL),
(36, 39, 1, NULL, NULL, NULL, NULL),
(36, 40, 1, NULL, NULL, NULL, NULL),
(36, 41, 1, '', 45, 1, NULL),
(36, 43, 1, '', 74, 0, NULL),
(36, 47, 1, NULL, NULL, NULL, NULL),
(36, 48, 1, NULL, NULL, NULL, NULL),
(36, 49, 1, '', 7, 1, NULL),
(36, 50, 1, '', 11, 6, NULL),
(36, 51, 1, NULL, NULL, NULL, NULL),
(36, 53, 1, '', 10, 0, NULL),
(36, 54, 1, '', 18, 1, NULL),
(36, 55, 1, '', 4, 5, NULL),
(36, 56, 1, '', 5, 8, NULL),
(36, 59, 1, '', 8120, 0, NULL),
(36, 60, 1, '', 15220, 0, NULL),
(36, 61, 1, '', 7296, 0, NULL),
(36, 62, 1, '', 12817, 0, NULL),
(36, 63, 1, NULL, NULL, NULL, NULL),
(36, 64, 1, NULL, NULL, NULL, NULL),
(36, 66, 1, '', 0, 0, 91),
(36, 66, 2, '', 0, 0, 43),
(36, 67, 1, '', 0, 0, 81),
(36, 67, 2, '', 0, 0, 68),
(36, 68, 1, '', 0, 0, 77),
(36, 69, 1, '', 0, 0, 67),
(36, 69, 2, '', 0, 0, 55),
(36, 69, 3, '', 0, 0, 58),
(36, 73, 1, NULL, NULL, NULL, NULL),
(36, 74, 1, '', 0, 0, 62),
(36, 76, 1, '', 0, 0, 23),
(36, 76, 2, '', 0, 0, 39),
(36, 76, 3, '', 0, 0, 31),
(36, 77, 1, '', 0, 0, 2),
(36, 78, 1, '', 0, 0, 95),
(36, 79, 1, '', 0, 0, 101),
(36, 80, 1, '', 0, 0, 104),
(37, 1, 1, NULL, NULL, NULL, NULL),
(37, 2, 1, 'cerne variando do pardo-claro-amarelado ao pardo-acastanhado, geralmente com veios escuros; cheiro perceptível, característico e agradável, gosto amargo e adstringente; densidade média; dura ao corte; grã direita a revessa; textura média; superfície irregularmente lustrosa.', 0, 0, NULL),
(37, 3, 1, NULL, NULL, NULL, NULL),
(37, 4, 1, 'invisível mesmo sob lente, vasicêntrico escasso.', 0, 0, NULL),
(37, 5, 1, 'visíveis apenas sob lente no topo e na face tangencial; poucos.', 0, 0, NULL),
(37, 6, 1, 'visíveis apenas sob lente, pequenos; poucos; porosidade difusa; solitários e múltiplos; tilos e óleo-resina presentes.', 0, 0, NULL),
(37, 7, 1, 'distintas, individualizadas por zonas fibrosas tangenciais mais escuras.', 0, 0, NULL),
(37, 13, 1, NULL, NULL, NULL, NULL),
(37, 14, 1, 'é considerada resistente ao ataque de organismos xilófagos, sendo raramente atacada por cupins', 0, 0, NULL),
(37, 14, 2, 'Em ensaio de campo, de estacas em contato com o solo, apresentou vida média de nove anos', 0, 0, NULL),
(37, 15, 1, 'o cerne e o alburno são moderadamente resistentes à impregnação por substâncias preservantes', 0, 0, NULL),
(37, 15, 2, 'entretanto em ensaios de laboratório, quando submetida a tratamentos sob pressão, demonstrou ser impermeável às soluções preservantes', 0, 0, NULL),
(37, 16, 1, NULL, NULL, NULL, NULL),
(37, 17, 1, 'a Madeira de imbuia é fácil de ser trabalhada, proporcionando bom acabamento. O torneamento é satisfatório. Cola e verniz secam rápido É fácil de pregar', 0, 0, NULL),
(37, 18, 1, 'a secagem ao ar é de média a difícil; muito lenta para peças mais espessas e que apresentam maiores riscos de ocorrência de colapso e rachaduras internas. A secagem artificial, em estufa, deve ser lenta e cuidadosa ', 0, 0, NULL),
(37, 19, 1, NULL, NULL, NULL, NULL),
(37, 20, 1, NULL, NULL, NULL, NULL),
(37, 21, 1, '', 650, 0, NULL),
(37, 24, 1, '', 540, 0, NULL),
(37, 25, 1, NULL, NULL, NULL, NULL),
(37, 26, 1, '', 2, 7, NULL),
(37, 27, 1, '', 6, 3, NULL),
(37, 28, 1, '', 9, 8, NULL),
(37, 30, 1, NULL, NULL, NULL, NULL),
(37, 31, 1, NULL, NULL, NULL, NULL),
(37, 32, 1, NULL, NULL, NULL, NULL),
(37, 33, 1, '', 76, 9, NULL),
(37, 34, 1, '', 91, 6, NULL),
(37, 36, 1, '', 28, 4, NULL),
(37, 37, 1, '', 7738, 0, NULL),
(37, 39, 1, NULL, NULL, NULL, NULL),
(37, 40, 1, NULL, NULL, NULL, NULL),
(37, 41, 1, '', 32, 0, NULL),
(37, 42, 1, '', 44, 1, NULL),
(37, 44, 1, '', 4, 8, NULL),
(37, 45, 1, '', 23, 0, NULL),
(37, 46, 1, '', 8826, 0, NULL),
(37, 51, 1, NULL, NULL, NULL, NULL),
(37, 82, 1, '', 20, 6, NULL),
(37, 53, 1, '', 9, 6, NULL),
(37, 55, 1, '', 6, 7, NULL),
(37, 57, 1, '', 0, 8, NULL),
(37, 58, 1, '', 4276, 0, NULL),
(37, 63, 1, NULL, NULL, NULL, NULL),
(37, 64, 1, NULL, NULL, NULL, NULL),
(37, 66, 1, '', 0, 0, 91),
(37, 66, 2, '', 0, 0, 43),
(37, 67, 1, '', 0, 0, 80),
(37, 67, 2, '', 0, 0, 81),
(37, 67, 3, '', 0, 0, 68),
(37, 68, 1, '', 0, 0, 74),
(37, 68, 2, '', 0, 0, 42),
(37, 68, 3, '', 0, 0, 85),
(37, 68, 4, '', 0, 0, 44),
(37, 69, 1, '', 0, 0, 67),
(37, 69, 2, '', 0, 0, 55),
(37, 69, 3, '', 0, 0, 58),
(37, 73, 1, NULL, NULL, NULL, NULL),
(37, 74, 1, '', 0, 0, 64),
(37, 74, 2, '', 0, 0, 62),
(37, 76, 1, '', 0, 0, 31),
(37, 76, 2, '', 0, 0, 9),
(37, 76, 3, '', 0, 0, 20),
(37, 76, 4, '', 0, 0, 23),
(37, 76, 5, '', 0, 0, 10),
(37, 77, 1, '', 0, 0, 1),
(37, 78, 1, '', 0, 0, 97),
(37, 79, 1, '', 0, 0, 102),
(37, 80, 1, '', 0, 0, 105),
(38, 1, 1, NULL, NULL, NULL, NULL),
(38, 2, 1, 'cerne e alburno distintos pela cor, cerne pardo ou castanho com reflexos amarelados ou esverdeados, alburno branco-amarelado; superfície sem brilho; cheiro e gosto imperceptíveis; densidade alta; dura ao corte; grã irregular a revessa; textura fina.', 0, 0, NULL),
(38, 3, 1, NULL, NULL, NULL, NULL),
(38, 4, 1, 'visível apenas sob lente, paratraqueal vasicêntrico a aliforme, confluente, formando pequenos arranjos oblíquos e ainda marginal muito fino.', 0, 0, NULL),
(38, 5, 1, 'visíveis apenas sob lente no topo, na face tangencial é visível a sua estratificação (4 a 5 por mm); poucos.', 0, 0, NULL),
(38, 6, 1, 'visíveis apenas sob lente; pequenos; muito numerosos; porosidade difusa; solitários e múltiplos; obstruídos por substância amarelada (ipeína).', 0, 0, NULL),
(38, 7, 1, 'pouco distintas, individualizadas por zonas fibrosas tangenciais mais escuras e por finas linhas de parênquima marginal.', 0, 0, NULL),
(38, 13, 1, NULL, NULL, NULL, NULL),
(38, 14, 1, 'a Madeira de ipê, em ensaios de laboratório, demonstrou ser de alta resistência ao ataque de organismos xilófagos (fungos e cupins)', 0, 0, NULL),
(38, 14, 2, 'Em experimento realizado em ambiente marinho foi moderadamente atacada por organismos perfuradores', 0, 0, NULL),
(38, 14, 3, 'Em ensaio de campo, com estacas em contato com o solo apresentou vida média de 8 a 9 anos', 0, 0, NULL),
(38, 14, 4, 'Em observações práticas, é considerada muito resistente ao apodrecimento', 0, 0, NULL),
(38, 15, 1, 'em tratamento sob pressão demonstrou ser impermeável às soluções preservantes', 0, 0, NULL),
(38, 16, 1, NULL, NULL, NULL, NULL),
(38, 17, 1, 'a Madeira de ipê é moderadamente difícil de trabalhar, principalmente com ferramentas manuais que perdem rapidamente a afiação. Recebe bom acabamento. São relatados problemas de colagem', 0, 0, NULL),
(38, 17, 2, 'O aplainamento é regular, é fácil de lixar e excelente para pregar e parafusar', 0, 0, NULL),
(38, 18, 1, 'a&nbsp;secagem ao ar é de média a rápida e apresenta pequenos problemas de rachaduras e empenamentos.&nbsp;A secagem artificial (em estufa) pode agravar a incidência de defeitos', 0, 0, NULL),
(38, 19, 1, NULL, NULL, NULL, NULL),
(38, 20, 1, NULL, NULL, NULL, NULL),
(38, 21, 1, '', 1010, 0, NULL),
(38, 24, 1, '', 840, 0, NULL),
(38, 25, 1, NULL, NULL, NULL, NULL),
(38, 26, 1, '', 4, 0, NULL),
(38, 27, 1, '', 5, 9, NULL),
(38, 28, 1, '', 10, 9, NULL),
(38, 30, 1, NULL, NULL, NULL, NULL),
(38, 31, 1, NULL, NULL, NULL, NULL),
(38, 32, 1, NULL, NULL, NULL, NULL),
(38, 33, 1, '', 148, 5, NULL),
(38, 34, 1, '', 160, 5, NULL),
(38, 36, 1, '', 60, 3, NULL),
(38, 37, 1, '', 15298, 0, NULL),
(38, 39, 1, NULL, NULL, NULL, NULL),
(38, 40, 1, NULL, NULL, NULL, NULL),
(38, 41, 1, '', 73, 4, NULL),
(38, 42, 1, '', 82, 9, NULL),
(38, 44, 1, '', 1, 6, NULL),
(38, 45, 1, '', 50, 4, NULL),
(38, 46, 1, '', 18054, 0, NULL),
(38, 51, 1, NULL, NULL, NULL, NULL),
(38, 82, 1, '', 42, 5, NULL),
(38, 53, 1, '', 15, 4, NULL),
(38, 55, 1, '', 11, 1, NULL),
(38, 57, 1, '', 1, 2, NULL),
(38, 59, 1, '', 10807, 0, NULL),
(38, 63, 1, NULL, NULL, NULL, NULL),
(38, 64, 1, NULL, NULL, NULL, NULL),
(38, 65, 1, '', 0, 0, 73),
(38, 65, 2, '', 0, 0, 50),
(38, 65, 3, '', 0, 0, 47),
(38, 65, 4, '', 0, 0, 48),
(38, 66, 1, '', 0, 0, 91),
(38, 66, 2, '', 0, 0, 43),
(38, 67, 1, '', 0, 0, 80),
(38, 67, 2, '', 0, 0, 81),
(38, 67, 3, '', 0, 0, 68),
(38, 67, 4, '', 0, 0, 49),
(38, 68, 1, '', 0, 0, 74),
(38, 68, 2, '', 0, 0, 57),
(38, 68, 3, '', 0, 0, 42),
(38, 69, 1, '', 0, 0, 56),
(38, 69, 2, '', 0, 0, 79),
(38, 69, 3, '', 0, 0, 55),
(38, 69, 4, '', 0, 0, 58),
(38, 73, 1, NULL, NULL, NULL, NULL),
(38, 74, 1, '', 0, 0, 69),
(38, 76, 1, '', 0, 0, 3),
(38, 76, 2, '', 0, 0, 5),
(38, 76, 3, '', 0, 0, 17),
(38, 76, 4, '', 0, 0, 31),
(38, 76, 5, '', 0, 0, 37),
(38, 76, 6, '', 0, 0, 20),
(38, 77, 1, '', 0, 0, 1),
(38, 78, 1, '', 0, 0, 94),
(38, 79, 1, '', 0, 0, 101),
(38, 80, 1, '', 0, 0, 105),
(39, 1, 1, NULL, NULL, NULL, NULL),
(39, 2, 1, 'cerne amarelo-esverdeado, quando recém serrado, tornando-se castanho-esverdeado-escuro; cheiro agradável, levemente adocicado, e gosto imperceptível; densidade alta; grã ondulada ou revessa; textura média; superfície irregularmente lustrosa.', 0, 0, NULL),
(39, 3, 1, NULL, NULL, NULL, NULL),
(39, 4, 1, 'invisível mesmo sob lente, paratraqueal escasso.', 0, 0, NULL),
(39, 5, 1, 'visíveis apenas sob lente topo e na face tangencial; finos; muito poucos a poucos. ', 0, 0, NULL),
(39, 6, 1, 'visíveis apenas sob lente, pequenos a médios; poucos; porosidade difusa; solitários, múltiplos e em cadeias radiais; obstruídos por tilos.', 0, 0, NULL),
(39, 7, 1, 'indistintas ou eventualmente delimitadas por zonas fibrosas tangenciais mais escuras.', 0, 0, NULL),
(39, 13, 1, NULL, NULL, NULL, NULL),
(39, 14, 1, 'a Madeira de itaúba é considerada de alta resistência ao ataque de organismos xilófagos (fungos apodrecedores, cupins e xilófagos marinhos).', 0, 0, NULL),
(39, 14, 2, 'Em experimento realizado em ambiente marinho foi moderadamente atacada por organismos xilófagos.', 0, 0, NULL),
(39, 15, 1, 'apresenta baixa permeabilidade às soluções preservantes.', 0, 0, NULL),
(39, 15, 2, 'Ensaios com soluções hidrossolúveis, aplicados sob pressão, demostraram que o alburno é difícil de tratar e o cerne é refratário.', 0, 0, NULL),
(39, 15, 3, 'A Madeira é difícil de preservar, apresentando retenção de preservativos oleossolúveis abaixo de 100 kg/m3.', 0, 0, NULL),
(39, 16, 1, NULL, NULL, NULL, NULL),
(39, 17, 1, 'A Madeira de itaúba é moderadamente difícil de ser trabalhada, tanto com ferramenta manuais como com máquina, devido à presença de sílica; porém permite bom acabamento.', 0, 0, NULL),
(39, 18, 1, 'A secagem ao ar é lenta e difícil, porém sem causar alta incidência de defeitos. A secagem artificial é reportada como lenta, com ocorrência acentuada de rachaduras e moderada de empenamentos. Não há indicação de programas específicos para a Madeira de itaúba.', 0, 0, NULL),
(39, 19, 1, NULL, NULL, NULL, NULL),
(39, 20, 1, NULL, NULL, NULL, NULL),
(39, 21, 1, '', 960, 0, NULL),
(39, 24, 1, '', 800, 0, NULL),
(39, 25, 1, NULL, NULL, NULL, NULL),
(39, 26, 1, '', 2, 3, NULL),
(39, 27, 1, '', 6, 7, NULL),
(39, 28, 1, '', 12, 1, NULL),
(39, 30, 1, NULL, NULL, NULL, NULL),
(39, 31, 1, NULL, NULL, NULL, NULL),
(39, 32, 1, NULL, NULL, NULL, NULL),
(39, 33, 1, '', 115, 4, NULL),
(39, 34, 1, '', 126, 5, NULL),
(39, 36, 1, '', 50, 7, NULL),
(39, 37, 1, '', 14504, 0, NULL),
(39, 39, 1, NULL, NULL, NULL, NULL),
(39, 40, 1, NULL, NULL, NULL, NULL),
(39, 41, 1, '', 57, 7, NULL),
(39, 42, 1, '', 68, 4, NULL),
(39, 44, 1, '', 3, 7, NULL),
(39, 45, 1, '', 42, 7, NULL),
(39, 46, 1, '', 16387, 0, NULL),
(39, 51, 1, NULL, NULL, NULL, NULL),
(39, 52, 1, '', 17, 1, NULL),
(39, 53, 1, '', 12, 1, NULL),
(39, 55, 1, '', 10, 8, NULL),
(39, 57, 1, '', 1, 3, NULL),
(39, 58, 1, '', 6433, 0, NULL),
(39, 63, 1, NULL, NULL, NULL, NULL),
(39, 64, 1, NULL, NULL, NULL, NULL),
(39, 65, 1, '', 0, 0, 73),
(39, 65, 2, '', 0, 0, 50),
(39, 65, 3, '', 0, 0, 75),
(39, 65, 4, '', 0, 0, 47),
(39, 65, 5, '', 0, 0, 48),
(39, 66, 1, '', 0, 0, 91),
(39, 66, 2, '', 0, 0, 43),
(39, 66, 3, '', 0, 0, 83),
(39, 67, 1, '', 0, 0, 80),
(39, 67, 2, '', 0, 0, 81),
(39, 68, 1, '', 0, 0, 42),
(39, 68, 2, '', 0, 0, 57),
(39, 73, 1, NULL, NULL, NULL, NULL),
(39, 75, 1, '', 0, 0, 63),
(39, 75, 2, '', 0, 0, 70),
(39, 76, 1, '', 0, 0, 17),
(39, 76, 2, '', 0, 0, 37),
(39, 76, 3, '', 0, 0, 31),
(39, 76, 4, '', 0, 0, 15),
(39, 77, 1, '', 0, 0, 1),
(39, 78, 1, '', 0, 0, 95),
(39, 79, 1, '', 0, 0, 102),
(39, 80, 1, '', 0, 0, 105),
(40, 1, 1, NULL, NULL, NULL, NULL),
(40, 2, 1, 'cerne e alburno pouco distintos pela cor; cerne bege-rosado tendendo para castanho, em alguns espécimes observam-se pequenas manchas longitudinais de coloração castanha mais escura; cheiro e gosto imperceptíveis; densidade média; moderadamente dura ao corte; grã irregular; textura média; superfície lustrosa.', 0, 0, NULL),
(40, 3, 1, NULL, NULL, NULL, NULL),
(40, 4, 1, 'visível apenas sob lente, em faixas contínuas ou interrompidas, afastadas.', 0, 0, NULL),
(40, 5, 1, 'visíveis apenas sob lente no topo e na face tangencial; finos; poucos.', 0, 0, NULL),
(40, 6, 1, 'visíveis a olho nu, médios; muito poucos a poucos; porosidade difusa; arranjo diagonal; solitários; obstruídos por tilos. ', 0, 0, NULL),
(40, 7, 1, 'indistintas.', 0, 0, NULL),
(40, 8, 1, 'presentes em alguns espécimes.', 0, 0, NULL),
(40, 13, 1, NULL, NULL, NULL, NULL),
(40, 14, 1, 'Madeira susceptível ao ataque de perfuradores marinhos, mas moderadamente resistente aos térmitas.', 0, 0, NULL),
(40, 14, 2, 'Moderadamente resistente aos organismos xilófagos.', 0, 0, NULL),
(40, 14, 3, 'Boa resistência aos fungos de podridão parda e branca, não susceptível ao ataque de Lyctus e baixa a média resistência ao cupim subterrâneo (Reticulitermes santonensis).', 0, 0, NULL),
(40, 15, 1, 'alburno permeável à impregnação e cerne impermeável.', 0, 0, NULL),
(40, 16, 1, NULL, NULL, NULL, NULL),
(40, 17, 1, 'A Madeira de jacareúba é relativamente fácil de ser trabalhada. Retém pregos e parafusos com firmeza e não apresenta grandes dificuldades na colagem.', 0, 0, NULL),
(40, 17, 2, 'Fácil de serrar, ocasionalmente a presença de resina pode causar problemas. É boa para faquear e desenrolar. Pintura e envernizamento podem ser aplicados sem problemas.', 0, 0, NULL),
(40, 18, 1, 'A secagem ao ar livre deve ser cuidadosa, pois a Madeira apresenta alta tendência ao surgimento de rachaduras e empenamentos.', 0, 0, NULL),
(40, 18, 2, 'A secagem em estufa deve ser feita com precaução e somente para peças com pouca grã entrecruzada.', 0, 0, NULL),
(40, 19, 1, NULL, NULL, NULL, NULL),
(40, 20, 1, NULL, NULL, NULL, NULL),
(40, 21, 1, '', 620, 0, NULL),
(40, 24, 1, '', 517, 0, NULL),
(40, 25, 1, NULL, NULL, NULL, NULL),
(40, 26, 1, '', 5, 6, NULL),
(40, 27, 1, '', 8, 7, NULL),
(40, 28, 1, '', 16, 9, NULL),
(40, 30, 1, NULL, NULL, NULL, NULL),
(40, 31, 1, NULL, NULL, NULL, NULL),
(40, 32, 1, NULL, NULL, NULL, NULL),
(40, 33, 1, '', 62, 4, NULL),
(40, 34, 1, '', 80, 4, NULL),
(40, 36, 1, '', 33, 6, NULL),
(40, 37, 1, '', 9277, 0, NULL),
(40, 39, 1, NULL, NULL, NULL, NULL),
(40, 40, 1, NULL, NULL, NULL, NULL),
(40, 41, 1, '', 32, 0, NULL),
(40, 42, 1, '', 48, 5, NULL),
(40, 44, 1, '', 3, 0, NULL),
(40, 45, 1, '', 23, 8, NULL),
(40, 46, 1, '', 12562, 0, NULL),
(40, 51, 1, NULL, NULL, NULL, NULL),
(40, 52, 1, '', 17, 6, NULL),
(40, 53, 1, '', 9, 1, NULL),
(40, 55, 1, '', 5, 1, NULL),
(40, 57, 1, '', 0, 6, NULL),
(40, 58, 1, '', 4060, 0, NULL),
(40, 63, 1, NULL, NULL, NULL, NULL),
(40, 64, 1, NULL, NULL, NULL, NULL),
(40, 69, 1, '', 0, 0, 58),
(40, 69, 2, '', 0, 0, 67),
(40, 69, 3, '', 0, 0, 55),
(40, 70, 1, '', 0, 0, 78),
(40, 70, 2, '', 0, 0, 71),
(40, 73, 1, NULL, NULL, NULL, NULL),
(40, 74, 1, '', 0, 0, 76),
(40, 76, 1, '', 0, 0, 36),
(40, 76, 2, '', 0, 0, 28),
(40, 76, 3, '', 0, 0, 13),
(40, 77, 1, '', 0, 0, 2),
(40, 78, 1, '', 0, 0, 94),
(40, 79, 1, '', 0, 0, 101),
(40, 80, 1, '', 0, 0, 104),
(41, 1, 1, NULL, NULL, NULL, NULL),
(41, 2, 1, 'cerne e alburno indistintos pela cor, castanho-rosado, escurecendo com o tempo; cheiro e gosto imperceptíveis; densidade média; grã direita; textura grossa; superfície irregularmente lustrosa.', 0, 0, NULL),
(41, 3, 1, NULL, NULL, NULL, NULL),
(41, 4, 1, 'invisível mesmo sob lente.', 0, 0, NULL),
(41, 5, 1, 'visíveis apenas sob lente no topo e na face tangencial.', 0, 0, NULL),
(41, 6, 1, 'visíveis a olho nu, médios a grandes; porosidade difusa; arranjo diagonal; solitários e múltiplos; obstruídos por tilos.', 0, 0, NULL),
(41, 7, 1, 'indistintas.', 0, 0, NULL),
(41, 13, 1, NULL, NULL, NULL, NULL),
(41, 14, 1, 'a Madeira de louro-vermelho é considerada moderadamente resistente ao ataque de organismos xilófagos (fungos e cupins), segundo observações práticas à respeito de sua utilização', 0, 0, NULL),
(41, 14, 2, 'Em ensaio de campo, foi considerada não durável', 0, 0, NULL),
(41, 15, 1, 'A Madeira, por apresentar vasos obstruídos por tilos, deve apresentar baixa permeabilidade às soluções preservantes mesmo em tratamento sob pressão', 0, 0, NULL),
(41, 16, 1, NULL, NULL, NULL, NULL),
(41, 17, 1, 'a Madeira de louro-vermelho é fácil de ser trabalhada, tanto com ferramentas manuais como com máquinas. Aceita bem pregos e parafusos. Não apresenta problemas de colagem e o acabamento é considerado bom', 0, 0, NULL),
(41, 17, 2, 'É fácil de serrar, aplainar, laminar, faquear, tornear, colar, parafusar e pregar', 0, 0, NULL),
(41, 18, 1, 'a secagem ao ar livre é lenta e com tendência a empenamentos e rachaduras. A secagem artificial também é lenta, podendo ocorrer encruamento e rachaduras internas se as condições do processo forem severas. Esta dificuldade na secagem é decorrente da presença de óleos essenciais na Madeira', 0, 0, NULL),
(41, 19, 1, NULL, NULL, NULL, NULL),
(41, 20, 1, NULL, NULL, NULL, NULL),
(41, 21, 1, '', 770, 0, NULL),
(41, 24, 1, '', 642, 0, NULL),
(41, 25, 1, NULL, NULL, NULL, NULL),
(41, 26, 1, '', 4, 0, NULL),
(41, 27, 1, '', 10, 0, NULL),
(41, 28, 1, '', 15, 9, NULL),
(41, 30, 1, NULL, NULL, NULL, NULL),
(41, 31, 1, NULL, NULL, NULL, NULL),
(41, 32, 1, NULL, NULL, NULL, NULL),
(41, 33, 1, '', 71, 5, NULL),
(41, 34, 1, '', 93, 9, NULL),
(41, 36, 1, '', 28, 0, NULL),
(41, 37, 1, '', 10032, 0, NULL),
(41, 39, 1, NULL, NULL, NULL, NULL),
(41, 40, 1, NULL, NULL, NULL, NULL),
(41, 41, 1, '', 35, 6, NULL),
(41, 42, 1, '', 49, 5, NULL),
(41, 44, 1, '', 4, 1, NULL),
(41, 45, 1, '', 23, 8, NULL),
(41, 46, 1, '', 16161, 0, NULL),
(41, 51, 1, NULL, NULL, NULL, NULL),
(41, 52, 1, '', 15, 7, NULL),
(41, 53, 1, '', 8, 5, NULL),
(41, 55, 1, '', 6, 9, NULL),
(41, 57, 1, '', 0, 8, NULL),
(41, 58, 1, '', 3079, 0, NULL),
(41, 63, 1, NULL, NULL, NULL, NULL),
(41, 64, 1, NULL, NULL, NULL, NULL),
(41, 68, 1, '', 0, 0, 42),
(41, 68, 2, '', 0, 0, 74),
(41, 68, 3, '', 0, 0, 57),
(41, 69, 1, '', 0, 0, 67),
(41, 69, 2, '', 0, 0, 55),
(41, 69, 3, '', 0, 0, 58),
(41, 70, 1, '', 0, 0, 78),
(41, 70, 2, '', 0, 0, 71),
(41, 73, 1, NULL, NULL, NULL, NULL),
(41, 74, 1, '', 0, 0, 62),
(41, 76, 1, '', 0, 0, 8),
(41, 76, 2, '', 0, 0, 10),
(41, 76, 3, '', 0, 0, 23),
(41, 77, 1, '', 0, 0, 2),
(41, 78, 1, '', 0, 0, 94),
(41, 79, 1, '', 0, 0, 101),
(41, 80, 1, '', 0, 0, 105),
(42, 1, 1, NULL, NULL, NULL, NULL),
(42, 2, 1, 'cerne e alburno distintos pela cor, cerne castanho-avermelhado, geralmente com veios mais escuros e alburno de cor mais clara; brilho moderado; cheiro e gosto imperceptíveis; densidade alta; dura ao corte; grã revessa; textura média.', 0, 0, NULL),
(42, 3, 1, NULL, NULL, NULL, NULL),
(42, 4, 1, 'visível a olho nu, paratraqueal aliforme, com extensões alongadas, raramente confluente.', 0, 0, NULL),
(42, 5, 1, 'visíveis apenas sob lente no topo e na face tangencial onde a sua estratificação (4 por mm) é irregular.', 0, 0, NULL),
(42, 6, 1, 'visíveis a olho nu, pequenos a médios; poucos; porosidade difusa; solitários raros múltiplos; vazios, às vezes obstruídos por substância esbranquiçada. ', 0, 0, NULL),
(42, 7, 1, 'indistintas.', 0, 0, NULL),
(42, 13, 1, NULL, NULL, NULL, NULL),
(42, 14, 1, 'A Madeira de macacaúba é resistente ao ataque de fungos e cupins.', 0, 0, NULL),
(42, 14, 2, 'Em ensaios de campo, com estacas em contato com o solo, esta Madeira foi considerada durável.', 0, 0, NULL),
(42, 15, 1, 'O cerne é impermeável ao tratamento preservante. O alburno apresenta boa absorção, entretanto com penetração irregular.', 0, 0, NULL),
(42, 16, 1, NULL, NULL, NULL, NULL),
(42, 17, 1, 'A Madeira de macacaúba é fácil de ser trabalhada apresentando bom acabamento.', 0, 0, NULL),
(42, 18, 1, 'A secagem é fácil e sem defeitos.', 0, 0, NULL),
(42, 18, 2, 'A secagem ao ar é lenta tendendo a empenar e rachar.', 0, 0, NULL),
(42, 19, 1, NULL, NULL, NULL, NULL),
(42, 20, 1, NULL, NULL, NULL, NULL),
(42, 21, 1, '', 910, 0, NULL),
(42, 24, 1, '', 760, 0, NULL),
(42, 25, 1, NULL, NULL, NULL, NULL),
(42, 26, 1, '', 4, 4, NULL),
(42, 27, 1, '', 6, 7, NULL),
(42, 28, 1, '', 12, 3, NULL),
(42, 30, 1, NULL, NULL, NULL, NULL),
(42, 31, 1, NULL, NULL, NULL, NULL),
(42, 32, 1, NULL, NULL, NULL, NULL),
(42, 33, 1, '', 169, 8, NULL),
(42, 37, 1, '', 18980, 0, NULL),
(42, 39, 1, NULL, NULL, NULL, NULL),
(42, 40, 1, NULL, NULL, NULL, NULL),
(42, 41, 1, '', 84, 0, NULL),
(42, 51, 1, NULL, NULL, NULL, NULL),
(42, 53, 1, '', 16, 7, NULL),
(42, 55, 1, '', 8, 4, NULL),
(42, 57, 1, '', 1, 1, NULL),
(42, 59, 1, '', 11817, 0, NULL),
(42, 63, 1, NULL, NULL, NULL, NULL),
(42, 64, 1, NULL, NULL, NULL, NULL),
(42, 65, 1, '', 0, 0, 47),
(42, 65, 2, '', 0, 0, 50),
(42, 65, 3, '', 0, 0, 52),
(42, 66, 1, '', 0, 0, 83),
(42, 66, 2, '', 0, 0, 91),
(42, 66, 3, '', 0, 0, 43),
(42, 67, 1, '', 0, 0, 80),
(42, 67, 2, '', 0, 0, 81),
(42, 67, 3, '', 0, 0, 68),
(42, 68, 1, '', 0, 0, 74),
(42, 68, 2, '', 0, 0, 57),
(42, 68, 3, '', 0, 0, 42),
(42, 69, 1, '', 0, 0, 55),
(42, 69, 2, '', 0, 0, 58),
(42, 73, 1, NULL, NULL, NULL, NULL),
(42, 74, 1, '', 0, 0, 62),
(42, 76, 1, '', 0, 0, 19),
(42, 76, 2, '', 0, 0, 34),
(42, 76, 3, '', 0, 0, 5),
(42, 76, 4, '', 0, 0, 23),
(42, 76, 5, '', 0, 0, 8),
(42, 76, 6, '', 0, 0, 10),
(42, 76, 7, '', 0, 0, 13),
(42, 77, 1, '', 0, 0, 1),
(42, 78, 1, '', 0, 0, 96),
(42, 79, 1, '', 0, 0, 101),
(42, 80, 1, '', 0, 0, 104),
(43, 1, 1, NULL, NULL, NULL, NULL),
(43, 2, 1, 'cerne e alburno indistintos pela cor, esbranquiçado a levemente amarelado; brilho moderado; cheiro imperceptível e gosto levemente amargo; densidade baixa; macia ao corte; grã direita; textura média a grossa; superfície lustrosa.', 0, 0, NULL),
(43, 3, 1, NULL, NULL, NULL, NULL),
(43, 4, 1, 'visível a olho nu, paratraqueal aliforme de extensão linear, com finos e longos prolongamentos laterais.', 0, 0, NULL),
(43, 5, 1, 'visíveis a olho nu no topo, na face tangencial é visível a sua estratificação (2 por mm).', 0, 0, NULL),
(43, 6, 1, 'visíveis a olho nu, pequenos a médios; poucos; porosidade difusa; solitários, múltiplos e às vezes em cadeias radiais; vazios.', 0, 0, NULL),
(43, 7, 1, 'indistintas.', 0, 0, NULL),
(43, 12, 1, 'presentes em alguns espécimes.', 0, 0, NULL),
(43, 13, 1, NULL, NULL, NULL, NULL),
(43, 14, 1, 'Madeira suscetível à ação de fungos manchadores', 0, 0, NULL),
(43, 14, 2, 'Em laboratório apresentou baixa durabilidade a fungos apodrecedores e ao ataque de cupins.', 0, 0, NULL),
(43, 14, 3, 'A Madeira é considerada suscetível ao ataque de cupins, perfuradores marinhos e broca-de-Madeira (gênero <EM>Lyctus</EM>)', 0, 0, NULL),
(43, 15, 1, 'o cerne e o alburno são muito fáceis de preservar, em processo sob pressão', 0, 0, NULL),
(43, 15, 2, 'tanto com creosoto (retenção de preservativo oleossolúvel acima de 300 kg/m3) como com CCA (hidrossolúvel) ', 0, 0, NULL),
(43, 15, 3, 'A penetração é total e uniforme', 0, 0, NULL),
(43, 16, 1, NULL, NULL, NULL, NULL),
(43, 17, 1, 'a Madeira de marupá é fácil de ser trabalhada. É fácil de serrar, aplainar, pregar, parafusar e permite bom acabamento', 0, 0, NULL),
(43, 17, 2, 'Fácil de colar. Para torneá-la é preciso utilizar velocidade alta e facas afiadas', 0, 0, NULL),
(43, 18, 1, 'a secagem pode ser feita ao ar livre desde que a Madeira esteja bem empilhada e coberta, para se evitar rachaduras e empenamentos. A secagem pode ser rápida sem a ocorrência de defeitos em programas brandos ou pode ser muito rápida, com pequena tendência a torcimento médio ', 0, 0, NULL),
(43, 18, 2, 'Na secagem em secadores convencionais é classificada como de secagem rápida, sem problemas com defeitos. Observações práticas têm mostrado que condições muito drásticas de secagem podem ocasionar endurecimento superficial', 0, 0, NULL),
(43, 19, 1, NULL, NULL, NULL, NULL),
(43, 20, 1, NULL, NULL, NULL, NULL),
(43, 22, 1, '', 440, 0, NULL),
(43, 23, 1, '', 1120, 0, NULL),
(43, 24, 1, '', 370, 0, NULL),
(43, 25, 1, NULL, NULL, NULL, NULL),
(43, 26, 1, '', 4, 8, NULL),
(43, 27, 1, '', 6, 8, NULL),
(43, 28, 1, '', 11, 8, NULL),
(43, 30, 1, NULL, NULL, NULL, NULL),
(43, 31, 1, NULL, NULL, NULL, NULL),
(43, 32, 1, NULL, NULL, NULL, NULL),
(43, 33, 1, '', 43, 6, NULL),
(43, 35, 1, '', 64, 0, NULL),
(43, 37, 1, '', 6570, 0, NULL),
(43, 38, 1, '', 7257, 0, NULL),
(43, 39, 1, NULL, NULL, NULL, NULL),
(43, 40, 1, NULL, NULL, NULL, NULL),
(43, 41, 1, '', 19, 5, NULL),
(43, 43, 1, '', 33, 0, NULL),
(43, 47, 1, NULL, NULL, NULL, NULL),
(43, 48, 1, NULL, NULL, NULL, NULL),
(43, 49, 1, '', 2, 8, NULL),
(43, 50, 1, '', 4, 4, NULL),
(43, 51, 1, NULL, NULL, NULL, NULL),
(43, 53, 1, '', 6, 0, NULL),
(43, 54, 1, '', 7, 0, NULL),
(43, 55, 1, '', 3, 6, NULL),
(43, 59, 1, '', 1343, 0, NULL),
(43, 60, 1, '', 2707, 0, NULL),
(43, 61, 1, '', 1206, 0, NULL),
(43, 62, 1, '', 1402, 0, NULL),
(43, 63, 1, NULL, NULL, NULL, NULL),
(43, 64, 1, NULL, NULL, NULL, NULL),
(43, 71, 1, '', 0, 0, 46),
(43, 71, 2, '', 0, 0, 56),
(43, 71, 3, '', 0, 0, 79),
(43, 71, 4, '', 0, 0, 55),
(43, 71, 5, '', 0, 0, 58),
(43, 73, 1, NULL, NULL, NULL, NULL),
(43, 75, 1, '', 0, 0, 63),
(43, 76, 1, '', 0, 0, 27),
(43, 76, 2, '', 0, 0, 20),
(43, 76, 3, '', 0, 0, 6),
(43, 76, 4, '', 0, 0, 29),
(43, 76, 5, '', 0, 0, 8),
(43, 76, 6, '', 0, 0, 23),
(43, 76, 7, '', 0, 0, 35),
(43, 76, 8, '', 0, 0, 3),
(43, 76, 9, '', 0, 0, 13),
(43, 76, 10, '', 0, 0, 33),
(43, 76, 11, '', 0, 0, 38),
(43, 77, 1, '', 0, 0, 2);
INSERT INTO `Madeira_Item` (`Cod_Madeira`, `Cod_Item`, `Num_Linha`, `Desc_Item`, `Valor_Inteiro`, `Valor_Decimal`, `Cod_Conteudo`) VALUES
(43, 78, 1, '', 0, 0, 92),
(43, 79, 1, '', 0, 0, 101),
(43, 80, 1, '', 0, 0, 104),
(44, 1, 1, NULL, NULL, NULL, NULL),
(44, 2, 1, 'cerne e alburno distintos pela cor, cerne castanho-claro-avermelhado, alburno branco-amarelado; brilho acentuado; cheiro e gosto imperceptíveis; densidade média; macia ao corte; grã direita ou entrecruzada; textura média.', 0, 0, NULL),
(44, 3, 1, NULL, NULL, NULL, NULL),
(44, 4, 1, 'visível a olho nu, em faixas estreitas marginais, regularmente espaçadas.', 0, 0, NULL),
(44, 5, 1, 'visíveis apenas sob lente no topo e na face tangencial é visível a sua estratificação (2 por mm).', 0, 0, NULL),
(44, 6, 1, 'visíveis a olho nu, médios; poucos; porosidade difusa; solitários e múltiplos; eventualmente obstruídos por substância branca ou por óleo-resina. ', 0, 0, NULL),
(44, 7, 1, 'distintas individualizadas pelo parênquima marginal.', 0, 0, NULL),
(44, 13, 1, NULL, NULL, NULL, NULL),
(44, 14, 1, 'Madeira moderadamente resistente aos térmitas, mas muito susceptível ao ataque de perfuradores marinhos.', 0, 0, NULL),
(44, 14, 2, 'Em ensaio de laboratório e de acordo com observações práticas é considerada de resistência moderada ao apodrecimento e alta ao ataque de cupins-de-madeira-seca.', 0, 0, NULL),
(44, 15, 1, 'em tratamento sob pressão, é impermeável a pouco permeável à penetração de soluções preservantes', 0, 0, NULL),
(44, 16, 1, NULL, NULL, NULL, NULL),
(44, 17, 1, 'a madeira de mogno é fácil de ser trabalhada, com obtenção de superfícies lisas na maioria das operações com máquinas.', 0, 0, NULL),
(44, 18, 1, 'a secagem é relativamente fácil. Cuidados devem ser tomados durante a fase inicial da secagem, sendo que podem ocorrer rachaduras superficiais se as condições forem muito drásticas', 0, 0, NULL),
(44, 19, 1, NULL, NULL, NULL, NULL),
(44, 20, 1, NULL, NULL, NULL, NULL),
(44, 21, 1, '', 630, 0, NULL),
(44, 24, 1, '', 520, 0, NULL),
(44, 25, 1, NULL, NULL, NULL, NULL),
(44, 26, 1, '', 3, 2, NULL),
(44, 27, 1, '', 4, 5, NULL),
(44, 28, 1, '', 8, 6, NULL),
(44, 30, 1, NULL, NULL, NULL, NULL),
(44, 31, 1, NULL, NULL, NULL, NULL),
(44, 32, 1, NULL, NULL, NULL, NULL),
(44, 33, 1, '', 80, 5, NULL),
(44, 34, 1, '', 90, 6, NULL),
(44, 36, 1, '', 47, 4, NULL),
(44, 37, 1, '', 9110, 0, NULL),
(44, 39, 1, NULL, NULL, NULL, NULL),
(44, 40, 1, NULL, NULL, NULL, NULL),
(44, 41, 1, '', 38, 8, NULL),
(44, 42, 1, '', 53, 6, NULL),
(44, 44, 1, '', 4, 5, NULL),
(44, 45, 1, '', 31, 9, NULL),
(44, 46, 1, '', 10660, 0, NULL),
(44, 51, 1, NULL, NULL, NULL, NULL),
(44, 52, 1, '', 12, 8, NULL),
(44, 53, 1, '', 10, 9, NULL),
(44, 55, 1, '', 6, 0, NULL),
(44, 57, 1, '', 0, 7, NULL),
(44, 59, 1, '', 4942, 0, NULL),
(44, 63, 1, NULL, NULL, NULL, NULL),
(44, 64, 1, NULL, NULL, NULL, NULL),
(44, 68, 1, '', 0, 0, 57),
(44, 68, 2, '', 0, 0, 74),
(44, 69, 1, '', 0, 0, 46),
(44, 69, 2, '', 0, 0, 56),
(44, 69, 3, '', 0, 0, 79),
(44, 69, 4, '', 0, 0, 55),
(44, 69, 5, '', 0, 0, 58),
(44, 73, 1, NULL, NULL, NULL, NULL),
(44, 74, 1, '', 0, 0, 64),
(44, 76, 1, '', 0, 0, 20),
(44, 76, 2, '', 0, 0, 8),
(44, 76, 3, '', 0, 0, 23),
(44, 76, 4, '', 0, 0, 15),
(44, 76, 5, '', 0, 0, 26),
(44, 76, 6, '', 0, 0, 10),
(44, 76, 7, '', 0, 0, 39),
(44, 76, 8, '', 0, 0, 9),
(44, 77, 1, '', 0, 0, 2),
(44, 78, 1, '', 0, 0, 94),
(44, 79, 1, '', 0, 0, 101),
(44, 80, 1, '', 0, 0, 105),
(45, 1, 1, NULL, NULL, NULL, NULL),
(45, 2, 1, 'cerne e alburno distintos pela cor, cerne variável do bege-rosado ao castanho-escuro-avermelhado, com estrias mais escuras; brilho moderado; cheiro e gosto imperceptíveis; densidade alta; dura ao corte; grã irregular; textura média.', 0, 0, NULL),
(45, 3, 1, NULL, NULL, NULL, NULL),
(45, 4, 1, 'invisível mesmo sob lente.', 0, 0, NULL),
(45, 5, 1, 'visíveis a olho nu no topo e na face tangencial; poucos. ', 0, 0, NULL),
(45, 6, 1, 'visíveis a olho nu, pequenos a médios; poucos; porosidade difusa; solitários e múltiplo; obstruídos por tilos. ', 0, 0, NULL),
(45, 7, 1, 'indistintas.', 0, 0, NULL),
(45, 13, 1, NULL, NULL, NULL, NULL),
(45, 14, 1, 'A Madeira de muiracatiara é muito durável, não sendo atacada por insetos ou cupins de Madeira seca.', 0, 0, NULL),
(45, 14, 2, 'Em ensaios de campo, demonstrou durabilidade natural inferior a sete anos.', 0, 0, NULL),
(45, 14, 3, 'Em ambiente marinho, foi intensamente atacada por organismos perfuradores.', 0, 0, NULL),
(45, 15, 1, 'O cerne não é tratável com CCA-A, mesmo em processo sob pressão.', 0, 0, NULL),
(45, 15, 2, 'Impermeável ou de muito baixa permeabilidade às soluções preservantes.', 0, 0, NULL),
(45, 16, 1, NULL, NULL, NULL, NULL),
(45, 17, 1, 'A Madeira de muiracatiara é fácil de ser trabalhada e permite excelente acabamento. Recebe bem pintura e verniz.', 0, 0, NULL),
(45, 18, 1, 'Na secagem ao ar a Madeira de muiracatiara apresenta problemas de empenamentos e rachaduras. Se a secagem artificial for muito drástica, poderão ocorrer rachaduras profundas e endurecimento superficial. ', 0, 0, NULL),
(45, 19, 1, NULL, NULL, NULL, NULL),
(45, 20, 1, NULL, NULL, NULL, NULL),
(45, 21, 1, '', 970, 0, NULL),
(45, 24, 1, '', 810, 0, NULL),
(45, 25, 1, NULL, NULL, NULL, NULL),
(45, 26, 1, '', 3, 3, NULL),
(45, 27, 1, '', 6, 3, NULL),
(45, 28, 1, '', 11, 2, NULL),
(45, 30, 1, NULL, NULL, NULL, NULL),
(45, 31, 1, NULL, NULL, NULL, NULL),
(45, 32, 1, NULL, NULL, NULL, NULL),
(45, 33, 1, '', 101, 6, NULL),
(45, 36, 1, '', 52, 0, NULL),
(45, 37, 1, '', 12303, 0, NULL),
(45, 39, 1, NULL, NULL, NULL, NULL),
(45, 40, 1, NULL, NULL, NULL, NULL),
(45, 41, 1, '', 51, 3, NULL),
(45, 43, 1, '', 82, 4, NULL),
(45, 47, 1, NULL, NULL, NULL, NULL),
(45, 48, 1, NULL, NULL, NULL, NULL),
(45, 49, 1, '', 9, 7, NULL),
(45, 50, 1, '', 13, 8, NULL),
(45, 51, 1, NULL, NULL, NULL, NULL),
(45, 52, 1, '', 23, 9, NULL),
(45, 53, 1, '', 23, 9, NULL),
(45, 55, 1, '', 10, 3, NULL),
(45, 57, 1, '', 1, 2, NULL),
(45, 59, 1, '', 7737, 0, NULL),
(45, 63, 1, NULL, NULL, NULL, NULL),
(45, 64, 1, NULL, NULL, NULL, NULL),
(45, 66, 1, '', 0, 0, 83),
(45, 66, 2, '', 0, 0, 91),
(45, 66, 3, '', 0, 0, 43),
(45, 67, 1, '', 0, 0, 80),
(45, 67, 2, '', 0, 0, 81),
(45, 67, 3, '', 0, 0, 68),
(45, 68, 1, '', 0, 0, 85),
(45, 68, 2, '', 0, 0, 74),
(45, 68, 3, '', 0, 0, 44),
(45, 68, 4, '', 0, 0, 42),
(45, 68, 5, '', 0, 0, 57),
(45, 69, 1, '', 0, 0, 46),
(45, 69, 2, '', 0, 0, 56),
(45, 69, 3, '', 0, 0, 79),
(45, 69, 4, '', 0, 0, 55),
(45, 69, 5, '', 0, 0, 58),
(45, 73, 1, NULL, NULL, NULL, NULL),
(45, 74, 1, '', 0, 0, 62),
(45, 76, 1, '', 0, 0, 23),
(45, 76, 2, '', 0, 0, 31),
(45, 76, 3, '', 0, 0, 10),
(45, 76, 4, '', 0, 0, 7),
(45, 76, 5, '', 0, 0, 30),
(45, 76, 6, '', 0, 0, 5),
(45, 76, 7, '', 0, 0, 17),
(45, 76, 8, '', 0, 0, 37),
(45, 76, 9, '', 0, 0, 36),
(45, 77, 1, '', 0, 0, 2),
(45, 78, 1, '', 0, 0, 94),
(45, 79, 1, '', 0, 0, 101),
(45, 80, 1, '', 0, 0, 105),
(46, 1, 1, NULL, NULL, NULL, NULL),
(46, 2, 1, 'cerne e alburno distintos pela cor, cerne vermelho-coral a castanho-avermelhado, com veios mais escuros, alburno marrom-claro; brilho moderado; cheiro e gosto imperceptíveis; densidade alta; dura ao corte; grã direita ou revessa; textura média a fina', 0, 0, NULL),
(46, 3, 1, NULL, NULL, NULL, NULL),
(46, 4, 1, 'visível apenas sob lente, paratraqueal aliforme de extensão linear, com aletas curtas.', 0, 0, NULL),
(46, 5, 1, 'visíveis apenas sob lente no topo e na face tangencial.', 0, 0, NULL),
(46, 6, 1, 'visíveis apenas sob lente, pequenos; poucos; porosidade difusa; solitários e múltiplos; obstruídos por tilos ou substância branca.', 0, 0, NULL),
(46, 7, 1, 'indistintas', 0, 0, NULL),
(46, 13, 1, NULL, NULL, NULL, NULL),
(46, 14, 1, 'a Madeira de muirapiranga é altamente resistente a fungos e cupins. Cerne e alburno suscetíveis ao ataque de brocas quando deixados por um mês na floresta', 0, 0, NULL),
(46, 14, 2, 'Madeira muito durável e altamente resistente a térmitas', 0, 0, NULL),
(46, 15, 1, 'o alburno é fácil de ser tratado e o cerne é moderadamente difícil de tratar com soluções preservantes, mesmo em processo sob pressão.', 0, 0, NULL),
(46, 16, 1, NULL, NULL, NULL, NULL),
(46, 17, 1, 'A madeira de muirapiranga é moderadamente fácil de ser trabalhada tanto com ferramentas manuais como mecânicas. Proporciona ótimo acabamento. Cola bem. Aceita prego. É fácil de faquear, resultando em lâminas lisas, compactas e de fácil secagem. O preaquecimento é necessário antes do faqueamento', 0, 0, NULL),
(46, 18, 1, 'seca bem ao ar e não apresenta problemas de rachadura e empenamento. A secagem em estufa é lenta, apresentando tendência a rachaduras de topo, encanoamento e torcimento', 0, 0, NULL),
(46, 19, 1, NULL, NULL, NULL, NULL),
(46, 20, 1, NULL, NULL, NULL, NULL),
(46, 22, 1, '', 800, 0, NULL),
(46, 23, 1, '', 1200, 0, NULL),
(46, 24, 1, '', 730, 0, NULL),
(46, 25, 1, NULL, NULL, NULL, NULL),
(46, 26, 1, '', 5, 3, NULL),
(46, 27, 1, '', 7, 8, NULL),
(46, 28, 1, '', 13, 2, NULL),
(46, 30, 1, NULL, NULL, NULL, NULL),
(46, 31, 1, NULL, NULL, NULL, NULL),
(46, 32, 1, NULL, NULL, NULL, NULL),
(46, 33, 1, '', 104, 2, NULL),
(46, 35, 1, '', 136, 7, NULL),
(46, 37, 1, '', 12749, 0, NULL),
(46, 38, 1, '', 14612, 0, NULL),
(46, 39, 1, NULL, NULL, NULL, NULL),
(46, 40, 1, NULL, NULL, NULL, NULL),
(46, 41, 1, '', 51, 8, NULL),
(46, 43, 1, '', 71, 3, NULL),
(46, 47, 1, NULL, NULL, NULL, NULL),
(46, 48, 1, NULL, NULL, NULL, NULL),
(46, 49, 1, '', 11, 7, NULL),
(46, 50, 1, '', 12, 3, NULL),
(46, 51, 1, NULL, NULL, NULL, NULL),
(46, 53, 1, '', 11, 2, NULL),
(46, 54, 1, '', 13, 4, NULL),
(46, 55, 1, '', 4, 0, NULL),
(46, 56, 1, '', 4, 1, NULL),
(46, 59, 1, '', 7639, 0, NULL),
(46, 60, 1, '', 10493, 0, NULL),
(46, 63, 1, NULL, NULL, NULL, NULL),
(46, 64, 1, NULL, NULL, NULL, NULL),
(46, 65, 1, '', 0, 0, 50),
(46, 65, 2, '', 0, 0, 47),
(46, 65, 3, '', 0, 0, 61),
(46, 65, 4, '', 0, 0, 52),
(46, 66, 1, '', 0, 0, 83),
(46, 66, 2, '', 0, 0, 91),
(46, 66, 3, '', 0, 0, 43),
(46, 67, 1, '', 0, 0, 81),
(46, 67, 2, '', 0, 0, 68),
(46, 69, 1, '', 0, 0, 67),
(46, 69, 2, '', 0, 0, 55),
(46, 69, 3, '', 0, 0, 58),
(46, 73, 1, NULL, NULL, NULL, NULL),
(46, 74, 1, '', 0, 0, 62),
(46, 76, 1, '', 0, 0, 10),
(46, 76, 2, '', 0, 0, 23),
(46, 77, 1, '', 0, 0, 1),
(46, 78, 1, '', 0, 0, 96),
(46, 79, 1, '', 0, 0, 101),
(46, 80, 1, '', 0, 0, 104),
(47, 1, 1, NULL, NULL, NULL, NULL),
(47, 2, 1, 'cerne e alburno indistintos pela cor, branco a branco-amarelado ou rosado; brilho moderado; cheiro e gosto imperceptíveis; densidade baixa; macia ao corte; grã direita; textura média.', 0, 0, NULL),
(47, 3, 1, NULL, NULL, NULL, NULL),
(47, 4, 1, 'visível apenas sob lente, paratraqueal aliforme com longos prolongamentos lineares.', 0, 0, NULL),
(47, 5, 1, 'visíveis apenas sob lente no topo e na face tangencial. ', 0, 0, NULL),
(47, 6, 1, 'visíveis a olho nu, pequenos a médios; poucos; porosidade difusa; solitários em maioria; vazios. ', 0, 0, NULL),
(47, 7, 1, 'indistintas.', 0, 0, NULL),
(47, 13, 1, NULL, NULL, NULL, NULL),
(47, 14, 1, 'A Madeira de parapará apresenta baixa durabilidade natural, é vulnerável ao ataque de insetos e de fungos causadores da mancha azul.', 0, 0, NULL),
(47, 14, 2, 'Em contato com o solo, foi considerada não durável, com vida útil inferior a dois anos.', 0, 0, NULL),
(47, 14, 3, 'Madeira considerada perecível em contato com o solo e susceptível ao ataque de insetos, quando estocada sem tratamento preventivo.', 0, 0, NULL),
(47, 15, 1, 'É fácil de ser preservada sob pressão.', 0, 0, NULL),
(47, 16, 1, NULL, NULL, NULL, NULL),
(47, 17, 1, 'A Madeira de parapará é fácil de ser trabalhada. É fácil de serrar, aplainar, faquear, pregar, parafusar e colar. Pode apresentar aparência lanosa se tiver sido serrada ou aplainada ainda verde.', 0, 0, NULL),
(47, 17, 2, 'Apresenta bom acabamento com tinta e verniz.', 0, 0, NULL),
(47, 18, 1, 'A secagem em estufa é muito rápida, com tendência a torcimento moderado.', 0, 0, NULL),
(47, 18, 2, 'Seca facilmente ao ar sem apresentar defeitos significativos.', 0, 0, NULL),
(47, 19, 1, NULL, NULL, NULL, NULL),
(47, 20, 1, NULL, NULL, NULL, NULL),
(47, 22, 1, '', 370, 0, NULL),
(47, 23, 1, '', 840, 0, NULL),
(47, 24, 1, '', 310, 0, NULL),
(47, 25, 1, NULL, NULL, NULL, NULL),
(47, 26, 1, '', 5, 4, NULL),
(47, 27, 1, '', 8, 2, NULL),
(47, 28, 1, '', 13, 9, NULL),
(47, 30, 1, NULL, NULL, NULL, NULL),
(47, 31, 1, NULL, NULL, NULL, NULL),
(47, 32, 1, NULL, NULL, NULL, NULL),
(47, 33, 1, '', 33, 9, NULL),
(47, 35, 1, '', 55, 1, NULL),
(47, 37, 1, '', 6963, 0, NULL),
(47, 38, 1, '', 8728, 0, NULL),
(47, 39, 1, NULL, NULL, NULL, NULL),
(47, 40, 1, NULL, NULL, NULL, NULL),
(47, 41, 1, '', 15, 4, NULL),
(47, 43, 1, '', 30, 7, NULL),
(47, 47, 1, NULL, NULL, NULL, NULL),
(47, 48, 1, NULL, NULL, NULL, NULL),
(47, 49, 1, '', 1, 5, NULL),
(47, 50, 1, '', 3, 0, NULL),
(47, 51, 1, NULL, NULL, NULL, NULL),
(47, 53, 1, '', 3, 9, NULL),
(47, 54, 1, '', 6, 0, NULL),
(47, 55, 1, '', 1, 7, NULL),
(47, 56, 1, '', 2, 8, NULL),
(47, 58, 1, '', 1991, 0, NULL),
(47, 60, 1, '', 3295, 0, NULL),
(47, 63, 1, NULL, NULL, NULL, NULL),
(47, 64, 1, NULL, NULL, NULL, NULL),
(47, 71, 1, '', 0, 0, 46),
(47, 71, 2, '', 0, 0, 56),
(47, 71, 3, '', 0, 0, 79),
(47, 71, 4, '', 0, 0, 55),
(47, 71, 5, '', 0, 0, 58),
(47, 73, 1, NULL, NULL, NULL, NULL),
(47, 75, 1, '', 0, 0, 70),
(47, 76, 1, '', 0, 0, 21),
(47, 76, 2, '', 0, 0, 8),
(47, 76, 3, '', 0, 0, 3),
(47, 76, 4, '', 0, 0, 26),
(47, 76, 5, '', 0, 0, 28),
(47, 76, 6, '', 0, 0, 38),
(47, 76, 7, '', 0, 0, 13),
(47, 77, 1, '', 0, 0, 2),
(47, 78, 1, '', 0, 0, 92),
(47, 79, 1, '', 0, 0, 101),
(47, 80, 1, '', 0, 0, 104),
(48, 1, 1, NULL, NULL, NULL, NULL),
(48, 2, 1, 'cerne e alburno indistintos pela cor, amarelo; brilho moderado; cheiro e gosto imperceptíveis; densidade média; moderadamente dura ao corte; grã direita, às vezes revessa; textura média a fina.', 0, 0, NULL),
(48, 3, 1, NULL, NULL, NULL, NULL),
(48, 4, 1, 'invisível mesmo sob lente.', 0, 0, NULL),
(48, 5, 1, 'visíveis a olho nu no topo, na face tangencial é visível apenas sob lente. ', 0, 0, NULL),
(48, 6, 1, 'visíveis a olho nu, pequenos a muito pequenos; pouco numerosos; porosidade difusa; múltiplos em maioria; obstruídos por óleo-resina ou substância amarelada. ', 0, 0, NULL),
(48, 7, 1, 'indistintas.', 0, 0, NULL),
(48, 13, 1, NULL, NULL, NULL, NULL),
(48, 14, 1, 'A madeira de pau-amarelo apresenta baixa resistência ao ataque de fungos.', 0, 0, NULL),
(48, 14, 2, 'Esta Madeira é considerada resistente ao ataque de térmitas, o alburno é susceptível ao ataque de brocas-de-madeira do gênero <EM>Lyctus</EM>, e em contato com o solo pode apresentar durabilidade variável de 1 a 15 anos.', 0, 0, NULL),
(48, 15, 1, 'A Madeira de pau-amarelo não é tratável com creosoto nem com CCA-A, mesmo em processo sob pressão.', 0, 0, NULL),
(48, 16, 1, NULL, NULL, NULL, NULL),
(48, 17, 1, 'A Madeira de pau-amarelo é difícil de aplainar, porém apresenta bom acabamento.', 0, 0, NULL),
(48, 17, 2, 'As operações de torneamento, fixação, faqueamento e colagem são fáceis.', 0, 0, NULL),
(48, 18, 1, 'A secagem feita ao ar livre apresenta forte tendência a gerar empenamento. A secagem em estufa é muito rápida, apresentando tendência ao torcimento.', 0, 0, NULL),
(48, 19, 1, NULL, NULL, NULL, NULL),
(48, 20, 1, NULL, NULL, NULL, NULL),
(48, 22, 1, '', 810, 0, NULL),
(48, 23, 1, '', 1200, 0, NULL),
(48, 24, 1, '', 690, 0, NULL),
(48, 25, 1, NULL, NULL, NULL, NULL),
(48, 26, 1, '', 6, 5, NULL),
(48, 27, 1, '', 7, 8, NULL),
(48, 28, 1, '', 13, 1, NULL),
(48, 30, 1, NULL, NULL, NULL, NULL),
(48, 31, 1, NULL, NULL, NULL, NULL),
(48, 32, 1, NULL, NULL, NULL, NULL),
(48, 33, 1, '', 97, 9, NULL),
(48, 35, 1, '', 126, 9, NULL),
(48, 37, 1, '', 12160, 0, NULL),
(48, 38, 1, '', 13729, 0, NULL),
(48, 39, 1, NULL, NULL, NULL, NULL),
(48, 40, 1, NULL, NULL, NULL, NULL),
(48, 41, 1, '', 46, 3, NULL),
(48, 43, 1, '', 69, 4, NULL),
(48, 47, 1, NULL, NULL, NULL, NULL),
(48, 48, 1, NULL, NULL, NULL, NULL),
(48, 49, 1, '', 9, 6, NULL),
(48, 50, 1, '', 12, 0, NULL),
(48, 51, 1, NULL, NULL, NULL, NULL),
(48, 53, 1, '', 12, 4, NULL),
(48, 54, 1, '', 17, 8, NULL),
(48, 55, 1, '', 4, 5, NULL),
(48, 56, 1, '', 4, 1, NULL),
(48, 59, 1, '', 7649, 0, NULL),
(48, 60, 1, '', 12435, 0, NULL),
(48, 63, 1, NULL, NULL, NULL, NULL),
(48, 64, 1, NULL, NULL, NULL, NULL),
(48, 66, 1, '', 0, 0, 83),
(48, 66, 2, '', 0, 0, 91),
(48, 66, 3, '', 0, 0, 43),
(48, 67, 1, '', 0, 0, 81),
(48, 67, 2, '', 0, 0, 80),
(48, 67, 3, '', 0, 0, 68),
(48, 68, 1, '', 0, 0, 74),
(48, 68, 2, '', 0, 0, 57),
(48, 68, 3, '', 0, 0, 42),
(48, 68, 4, '', 0, 0, 44),
(48, 69, 1, '', 0, 0, 67),
(48, 69, 2, '', 0, 0, 55),
(48, 69, 3, '', 0, 0, 58),
(48, 73, 1, NULL, NULL, NULL, NULL),
(48, 74, 1, '', 0, 0, 62),
(48, 76, 1, '', 0, 0, 14),
(48, 76, 2, '', 0, 0, 23),
(48, 76, 3, '', 0, 0, 10),
(48, 76, 4, '', 0, 0, 5),
(48, 76, 5, '', 0, 0, 7),
(48, 76, 6, '', 0, 0, 20),
(48, 76, 7, '', 0, 0, 12),
(48, 77, 1, '', 0, 0, 1),
(48, 78, 1, '', 0, 0, 95),
(48, 79, 1, '', 0, 0, 101),
(48, 80, 1, '', 0, 0, 105),
(49, 1, 1, NULL, NULL, NULL, NULL),
(49, 2, 1, 'cerne e alburno distintos pela cor, cerne roxo podendo escurecer com o tempo, alburno bege claro; brilho moderado a acentuado; cheiro e gosto imperceptíveis; densidade alta; dura ao corte; grã direita a irregular; textura fina a média.', 0, 0, NULL),
(49, 3, 1, NULL, NULL, NULL, NULL),
(49, 4, 1, 'visível a olho nu, eventualmente visível apenas sob lente, paratraqueal aliforme de extensão linear, confluente, unindo alguns vasos e podendo formar faixas tangenciais curtas, parênquima marginal associado.', 0, 0, NULL),
(49, 5, 1, 'visíveis apenas sob lente no topo e na face tangencial; finos; muito poucos a poucos.', 0, 0, NULL),
(49, 6, 1, 'visíveis a olho nu e eventualmente visíveis apenas sob lente, pequenos a médios; poucos a numerosos; porosidade difusa; solitários, geminados e raros múltiplos de três; vazios ou obstruídos por óleo-resina e em algumas espécies com substância branca.', 0, 0, NULL),
(49, 7, 1, 'distintas individualizadas por zonas fibrosas tangenciais mais escuras e por parênquima marginal.', 0, 0, NULL),
(49, 13, 1, NULL, NULL, NULL, NULL),
(49, 14, 1, 'a Madeira de pau-roxo é considerada de alta resistência ao ataque de organismos xilófagos (fungos apodrecedores e cupins-de-Madeira-seca). Apresenta baixa resistência a organismos xilófagos marinhos', 0, 0, NULL),
(49, 15, 1, 'apresenta baixa permeabilidade a soluções preservante', 0, 0, NULL),
(49, 15, 2, 'O cerne é impermeável ao tratamento com creosoto e CCA-A mesmo em processo sob pressão', 0, 0, NULL),
(49, 16, 1, NULL, NULL, NULL, NULL),
(49, 17, 1, 'a Madeira de pau-roxo é moderadamente difícil de ser trabalhada manualmente ou com máquinas, devido à dureza e exsudação de resina quando aquecida pelas ferramentas. É fácil de colar e apresenta bom acabamento.', 0, 0, NULL),
(49, 17, 2, 'A trabalhabilidade é regular na plaina e excelente na lixa, torno e broca; apresenta um polimento lustroso. Recomenda-se a perfuração prévia à colocação de pregos', 0, 0, NULL),
(49, 18, 1, 'a secagem ao ar livre é fácil a moderada, com pequena incidência de rachaduras e empenamentos. A secagem em estufa é rápida e com poucos defeitos', 0, 0, NULL),
(49, 18, 2, 'Para a espécie <EM>P. paniculata</EM> a secagem em estufa é rápida, com pequena tendência à rachaduras de topo, torcimento e arqueamento fortes.', 0, 0, NULL),
(49, 19, 1, NULL, NULL, NULL, NULL),
(49, 20, 1, NULL, NULL, NULL, NULL),
(49, 21, 1, '', 890, 0, NULL),
(49, 24, 1, '', 740, 0, NULL),
(49, 25, 1, NULL, NULL, NULL, NULL),
(49, 26, 1, '', 3, 5, NULL),
(49, 27, 1, '', 6, 5, NULL),
(49, 28, 1, '', 10, 7, NULL),
(49, 30, 1, NULL, NULL, NULL, NULL),
(49, 31, 1, NULL, NULL, NULL, NULL),
(49, 32, 1, NULL, NULL, NULL, NULL),
(49, 33, 1, '', 144, 8, NULL),
(49, 34, 1, '', 184, 5, NULL),
(49, 36, 1, '', 63, 5, NULL),
(49, 37, 1, '', 17721, 0, NULL),
(49, 39, 1, NULL, NULL, NULL, NULL),
(49, 40, 1, NULL, NULL, NULL, NULL),
(49, 41, 1, '', 64, 0, NULL),
(49, 42, 1, '', 84, 1, NULL),
(49, 44, 1, '', 4, 0, NULL),
(49, 45, 1, '', 49, 0, NULL),
(49, 46, 1, '', 20565, 0, NULL),
(49, 51, 1, NULL, NULL, NULL, NULL),
(49, 52, 1, '', 68, 2, NULL),
(49, 53, 1, '', 14, 9, NULL),
(49, 55, 1, '', 8, 3, NULL),
(49, 57, 1, '', 1, 1, NULL),
(49, 59, 1, '', 9728, 0, NULL),
(49, 63, 1, NULL, NULL, NULL, NULL),
(49, 64, 1, NULL, NULL, NULL, NULL),
(49, 65, 1, '', 0, 0, 50),
(49, 65, 2, '', 0, 0, 47),
(49, 65, 3, '', 0, 0, 53),
(49, 65, 4, '', 0, 0, 52),
(49, 66, 1, '', 0, 0, 83),
(49, 66, 2, '', 0, 0, 91),
(49, 66, 3, '', 0, 0, 43),
(49, 67, 1, '', 0, 0, 80),
(49, 67, 2, '', 0, 0, 81),
(49, 67, 3, '', 0, 0, 68),
(49, 68, 1, '', 0, 0, 74),
(49, 68, 2, '', 0, 0, 57),
(49, 68, 3, '', 0, 0, 42),
(49, 69, 1, '', 0, 0, 67),
(49, 69, 2, '', 0, 0, 55),
(49, 69, 3, '', 0, 0, 58),
(49, 73, 1, NULL, NULL, NULL, NULL),
(49, 74, 1, '', 0, 0, 62),
(49, 76, 1, '', 0, 0, 14),
(49, 76, 2, '', 0, 0, 23),
(49, 76, 3, '', 0, 0, 5),
(49, 76, 4, '', 0, 0, 7),
(49, 76, 5, '', 0, 0, 37),
(49, 76, 6, '', 0, 0, 10),
(49, 76, 7, '', 0, 0, 31),
(49, 76, 8, '', 0, 0, 34),
(49, 77, 1, '', 0, 0, 1),
(49, 78, 1, '', 0, 0, 98),
(49, 79, 1, '', 0, 0, 101),
(49, 80, 1, '', 0, 0, 105),
(50, 1, 1, NULL, NULL, NULL, NULL),
(50, 2, 1, 'cerne e alburno distintos pela cor; cerne amarelo-dourado, escurecendo para castanho-amarelado; brilho moderado; cheiro e gosto imperceptíveis; densidade média; moderadamente dura ao corte; grã revessa; textura média.', 0, 0, NULL),
(50, 3, 1, NULL, NULL, NULL, NULL),
(50, 4, 1, 'invisível mesmo sob lente. ', 0, 0, NULL),
(50, 5, 1, 'visíveis a olho nu no topo, na face tangencial é visível apenas sob lente. ', 0, 0, NULL),
(50, 6, 1, 'visíveis a olho nu, médios a grandes; muito poucos a poucos; porosidade difusa; solitários em predominância e múltiplos de 2 a 4; obstruídos por tilos. ', 0, 0, NULL),
(50, 7, 1, 'ligeiramente distintas, individualizadas por zonas fibrosas tangenciais mais escuras.', 0, 0, NULL),
(50, 13, 1, NULL, NULL, NULL, NULL),
(50, 14, 1, 'O cerne é resistente ao ataque de fungos de podridão-branca e parda.', 0, 0, NULL),
(50, 14, 2, 'A Madeira de tatajuba, em ensaios de campo realizados pela EMBRAPA, na Amazônia, demonstrou ter durabilidade natural superior a sete anos.', 0, 0, NULL),
(50, 14, 3, 'Considerada moderadamente resistente ao ataque de perfuradores marinhos e, em contato com o solo, pode apresentar vida útil superior a 25 anos.', 0, 0, NULL),
(50, 15, 1, 'A Madeira de tatajuba é difícil de ser tratada com soluções preservantes, mesmo em processo sob pressão.', 0, 0, NULL),
(50, 15, 2, 'Apresenta baixa permeabilidade às soluções preservantes de creosoto (oleossolúvel), mesmo em processo sob pressão.', 0, 0, NULL),
(50, 16, 1, NULL, NULL, NULL, NULL),
(50, 17, 1, 'A Madeira de tatajuba é fácil de ser trabalhada, com ferramentas manuais ou mecânicas, produzindo ótimo acabamento. Não aceita pregos com facilidade.', 0, 0, NULL),
(50, 17, 2, 'Recomenda-se a furação prévia à colocação de pregos.', 0, 0, NULL),
(50, 18, 1, 'A secagem ao ar é lenta sem a ocorrência de defeitos. Na secagem em estufa apresenta leve tendência ao empenamento, torcimento e encanoamento. Recomenda-se controle cuidadoso do processo para evitar defeitos.', 0, 0, NULL),
(50, 19, 1, NULL, NULL, NULL, NULL),
(50, 20, 1, NULL, NULL, NULL, NULL),
(50, 21, 1, '', 820, 0, NULL),
(50, 24, 1, '', 683, 0, NULL),
(50, 25, 1, NULL, NULL, NULL, NULL),
(50, 26, 1, '', 5, 5, NULL),
(50, 27, 1, '', 7, 1, NULL),
(50, 28, 1, '', 11, 4, NULL),
(50, 30, 1, NULL, NULL, NULL, NULL),
(50, 31, 1, NULL, NULL, NULL, NULL),
(50, 32, 1, NULL, NULL, NULL, NULL),
(50, 33, 1, '', 100, 0, NULL),
(50, 34, 1, '', 138, 2, NULL),
(50, 36, 1, '', 71, 3, NULL),
(50, 37, 1, '', 15857, 0, NULL),
(50, 39, 1, NULL, NULL, NULL, NULL),
(50, 40, 1, NULL, NULL, NULL, NULL),
(50, 41, 1, '', 54, 4, NULL),
(50, 42, 1, '', 79, 7, NULL),
(50, 45, 1, '', 41, 8, NULL),
(50, 46, 1, '', 17304, 0, NULL),
(50, 51, 1, NULL, NULL, NULL, NULL),
(50, 53, 1, '', 11, 5, NULL),
(50, 55, 1, '', 4, 5, NULL),
(50, 56, 1, '', 0, 8, NULL),
(50, 59, 1, '', 7208, 0, NULL),
(50, 63, 1, NULL, NULL, NULL, NULL),
(50, 64, 1, NULL, NULL, NULL, NULL),
(50, 65, 1, '', 0, 0, 50),
(50, 65, 2, '', 0, 0, 47),
(50, 65, 3, '', 0, 0, 52),
(50, 65, 4, '', 0, 0, 48),
(50, 66, 1, '', 0, 0, 83),
(50, 66, 2, '', 0, 0, 91),
(50, 66, 3, '', 0, 0, 43),
(50, 67, 1, '', 0, 0, 80),
(50, 67, 2, '', 0, 0, 81),
(50, 67, 3, '', 0, 0, 68),
(50, 68, 1, '', 0, 0, 42),
(50, 68, 2, '', 0, 0, 57),
(50, 69, 1, '', 0, 0, 67),
(50, 69, 2, '', 0, 0, 58),
(50, 69, 3, '', 0, 0, 55),
(50, 73, 1, NULL, NULL, NULL, NULL),
(50, 74, 1, '', 0, 0, 62),
(50, 76, 1, '', 0, 0, 23),
(50, 76, 2, '', 0, 0, 10),
(50, 76, 3, '', 0, 0, 31),
(50, 76, 4, '', 0, 0, 14),
(50, 76, 5, '', 0, 0, 5),
(50, 77, 1, '', 0, 0, 1),
(50, 78, 1, '', 0, 0, 95),
(50, 79, 1, '', 0, 0, 101),
(50, 80, 1, '', 0, 0, 105),
(51, 78, 1, '', 0, 0, 94),
(51, 1, 1, NULL, NULL, NULL, NULL),
(51, 79, 1, '', 0, 0, 101),
(51, 2, 1, 'cerne e alburno distintos pela cor, cerne castanho-amarelado ou castanho-avermelhado; com aspecto fibroso; cheiro imperceptível; gosto amargo, densidade alta; grã direita a irregular; textura grossa.', 0, 0, NULL),
(51, 4, 1, 'visível a olho nu paratraqueal aliforme, com extensões laterais longas e largas, formando confluências curtas oblíquas e eventualmente tendendo a formar faixas. ', 0, 0, NULL),
(51, 3, 1, NULL, NULL, NULL, NULL),
(51, 5, 1, 'visíveis só sob lente no topo e na face tangencial, podendo ocorrer estratificação irregular.', 0, 0, NULL),
(51, 6, 1, 'visíveis só sob lente no topo e na face tangencial; porosidade difusa, poucos, médios, eventualmente grandes, solitários e múltiplos, estes ocasionalmente em cadeias radiais.', 0, 0, NULL),
(51, 7, 1, 'pouco distintas demarcadas por finas faixas de parênquima marginal.', 0, 0, NULL),
(51, 77, 1, '', 0, 0, 1),
(51, 13, 1, NULL, NULL, NULL, NULL),
(51, 80, 1, '', 0, 0, 104),
(51, 15, 1, 'Em ensaios de laboratório, em tratamentos sob pressão, demonstrou ser moderadamente permeável às soluções preservativas.', 0, 0, NULL),
(51, 17, 1, 'A madeira de angelim-amargoso apresenta comportamento moderadamente bom no processamento mecânico, porém apresenta tendência a levantamento de fibras ao ser aplainada.', 0, 0, NULL),
(51, 14, 1, 'O cerne apresenta alta resistência ao apodrecimento e à ação de cupins de madeira seca. ', 0, 0, NULL),
(51, 14, 2, 'Madeira susceptível ao ataque de brocas e organismos marinhos. ', 0, 0, NULL),
(51, 16, 1, NULL, NULL, NULL, NULL),
(51, 17, 2, 'As operações de torneamento, furação e pregação são fáceis.', 0, 0, NULL),
(51, 18, 1, 'A secagem ao ar com velocidade moderada, com pouco ou nenhum defeito. Rápida em estufa, com moderada tendência a encanoamento e torcimento médios.', 0, 0, NULL),
(51, 21, 1, '', 936, 0, NULL),
(51, 19, 1, NULL, NULL, NULL, NULL),
(51, 20, 1, NULL, NULL, NULL, NULL),
(51, 26, 1, '', 4, 8, NULL),
(51, 25, 1, NULL, NULL, NULL, NULL),
(51, 27, 1, '', 9, 8, NULL),
(51, 28, 1, '', 14, 0, NULL),
(51, 37, 1, '', 13435, 0, NULL),
(51, 30, 1, NULL, NULL, NULL, NULL),
(51, 31, 1, NULL, NULL, NULL, NULL),
(51, 33, 1, '', 119, 5, NULL),
(51, 32, 1, NULL, NULL, NULL, NULL),
(51, 34, 1, '', 148, 5, NULL),
(51, 41, 1, '', 54, 8, NULL),
(51, 39, 1, NULL, NULL, NULL, NULL),
(51, 40, 1, NULL, NULL, NULL, NULL),
(51, 42, 1, '', 77, 8, NULL),
(51, 53, 1, '', 14, 2, NULL),
(51, 51, 1, NULL, NULL, NULL, NULL),
(51, 61, 1, '', 6816, 0, NULL),
(51, 55, 1, '', 3, 9, NULL),
(51, 65, 1, '', 0, 0, 50),
(51, 63, 1, NULL, NULL, NULL, NULL),
(51, 64, 1, NULL, NULL, NULL, NULL),
(51, 65, 2, '', 0, 0, 47),
(51, 65, 3, '', 0, 0, 52),
(51, 70, 1, '', 0, 0, 78),
(51, 66, 1, '', 0, 0, 43),
(51, 66, 2, '', 0, 0, 91),
(51, 74, 1, '', 0, 0, 69),
(51, 73, 1, NULL, NULL, NULL, NULL),
(51, 76, 1, '', 0, 0, 10),
(51, 76, 2, '', 0, 0, 23),
(51, 76, 3, '', 0, 0, 16),
(51, 76, 4, '', 0, 0, 13),
(51, 76, 5, '', 0, 0, 5),
(52, 78, 1, '', 0, 0, 94),
(52, 1, 1, NULL, NULL, NULL, NULL),
(52, 79, 1, '', 0, 0, 101),
(52, 2, 1, 'cerne e alburno distintos pela cor, cerne castanho-claro a castanho-rosado; cheiro imperceptível; gosto levemente adstringente, densidade alta; grã direita a irregular; textura média.', 0, 0, NULL),
(52, 4, 1, 'visível só sob lente; paratraqueal vasicêntrico, eventualmente em finas faixas marginais.', 0, 0, NULL),
(52, 6, 1, 'visíveis só sob lente no topo e na face tangencial; porosidade difusa, ocasionalmente em arranjos tangenciais no limite das camadas de crescimento; pequenos, solitários e múltiplos; obstruídos por óleo-resina.', 0, 0, NULL),
(52, 3, 1, NULL, NULL, NULL, NULL),
(52, 5, 1, 'visíveis só sob lente no topo e na face tangencial. ', 0, 0, NULL),
(52, 7, 1, 'eventualmente demarcadas por finas faixas de parênquima marginal e pelo arranjo dos vasos (poros).', 0, 0, NULL),
(52, 77, 1, '', 0, 0, 1),
(52, 13, 1, NULL, NULL, NULL, NULL),
(52, 80, 1, '', 0, 0, 105),
(52, 14, 1, 'Alta durabilidade natural.  ', 0, 0, NULL),
(52, 15, 1, 'apresenta baixa permeabilidade às soluções preservativas quando submetida à impregnação sob pressão.', 0, 0, NULL),
(52, 17, 1, 'A madeira de angico-vermelho é considerada de trabalhabilidade média a difícil em todas as operações com máquinas. ', 0, 0, NULL),
(52, 16, 1, NULL, NULL, NULL, NULL),
(52, 18, 1, 'A secagem é classificada como lenta e difícil, com a ocorrência de rachaduras e empenamentos.', 0, 0, NULL),
(52, 65, 1, '', 0, 0, 53),
(52, 63, 1, NULL, NULL, NULL, NULL),
(52, 64, 1, NULL, NULL, NULL, NULL),
(52, 65, 2, '', 0, 0, 75),
(52, 65, 3, '', 0, 0, 61),
(52, 65, 4, '', 0, 0, 50),
(52, 65, 5, '', 0, 0, 52),
(52, 66, 1, '', 0, 0, 91),
(52, 66, 2, '', 0, 0, 43),
(52, 70, 1, '', 0, 0, 71),
(52, 67, 1, '', 0, 0, 81),
(52, 67, 2, '', 0, 0, 80),
(52, 67, 3, '', 0, 0, 68),
(52, 68, 1, '', 0, 0, 42),
(52, 76, 1, '', 0, 0, 31),
(52, 76, 2, '', 0, 0, 10),
(52, 21, 1, '', 850, 0, NULL),
(52, 19, 1, NULL, NULL, NULL, NULL),
(52, 20, 1, NULL, NULL, NULL, NULL),
(52, 24, 1, '', 690, 0, NULL),
(52, 26, 1, '', 3, 8, NULL),
(52, 25, 1, NULL, NULL, NULL, NULL),
(52, 27, 1, '', 8, 4, NULL),
(52, 28, 1, '', 14, 3, NULL),
(52, 33, 1, '', 85, 0, NULL),
(52, 30, 1, NULL, NULL, NULL, NULL),
(52, 31, 1, NULL, NULL, NULL, NULL),
(52, 32, 1, NULL, NULL, NULL, NULL),
(52, 34, 1, '', 107, 1, NULL),
(52, 36, 1, '', 29, 6, NULL),
(52, 37, 1, '', 9051, 0, NULL),
(52, 41, 1, '', 38, 5, NULL),
(52, 39, 1, NULL, NULL, NULL, NULL),
(52, 40, 1, NULL, NULL, NULL, NULL),
(52, 42, 1, '', 53, 2, NULL),
(52, 45, 1, '', 22, 5, NULL),
(52, 46, 1, '', 10743, 0, NULL),
(52, 44, 1, '', 4, 2, NULL),
(52, 82, 1, '', 32, 2, NULL),
(52, 51, 1, NULL, NULL, NULL, NULL),
(52, 53, 1, '', 13, 6, NULL),
(52, 59, 1, '', 7198, 0, NULL),
(52, 55, 1, '', 9, 5, NULL),
(52, 57, 1, '', 0, 90, NULL),
(53, 78, 1, '', 0, 0, 95),
(53, 1, 1, NULL, NULL, NULL, NULL),
(53, 79, 1, '', 0, 0, 101),
(53, 2, 1, 'cerne e alburno distintos pela cor, cerne amarelo-avermelhado; cheiro imperceptível; gosto levemente amargo, densidade média; grã revessa; textura média.', 0, 0, NULL),
(53, 4, 1, 'indistinto, às vezes vasicêntrico ou aliforme com aletas muito curtas.', 0, 0, NULL),
(53, 3, 1, NULL, NULL, NULL, NULL),
(53, 5, 1, 'visíveis apenas sob lente no topo e na face tangencial.', 0, 0, NULL),
(53, 6, 1, 'visíveis apenas sob lente no topo, pequenos; numerosos; porosidade difusa; exclusivamente solitários, vazios, às vezes obstruídos por óleo-resina.', 0, 0, NULL),
(53, 7, 1, 'pouco distintas demarcadas por zonas fibrosas.', 0, 0, NULL),
(53, 77, 1, '', 0, 0, 2),
(53, 13, 1, NULL, NULL, NULL, NULL),
(53, 14, 1, 'A madeira de araracanga apresenta baixa durabilidade natural e susceptibilidade ao ataque de fungos.', 0, 0, NULL),
(53, 80, 1, '', 0, 0, 104),
(53, 15, 1, 'apresenta alta permeabilidade às soluções preservativas quando submetida à impregnação sob pressão.', 0, 0, NULL),
(53, 17, 1, 'A madeira de araracanga é considerada de fácil desdobro e bom acabamento.', 0, 0, NULL),
(53, 16, 1, NULL, NULL, NULL, NULL),
(53, 18, 1, 'A secagem é classificada como muito rápida, apresentando leve tendência com a ocorrência de rachaduras e torcimento. ', 0, 0, NULL),
(53, 65, 1, '', 0, 0, 47),
(53, 63, 1, NULL, NULL, NULL, NULL),
(53, 64, 1, NULL, NULL, NULL, NULL),
(53, 65, 2, '', 0, 0, 50),
(53, 65, 3, '', 0, 0, 53),
(53, 65, 4, '', 0, 0, 52),
(53, 65, 5, '', 0, 0, 61),
(53, 65, 6, '', 0, 0, 75),
(53, 66, 1, '', 0, 0, 43),
(53, 66, 2, '', 0, 0, 91),
(53, 70, 1, '', 0, 0, 78),
(53, 68, 1, '', 0, 0, 42),
(53, 68, 2, '', 0, 0, 74),
(53, 68, 3, '', 0, 0, 85),
(53, 68, 4, '', 0, 0, 44),
(53, 69, 1, '', 0, 0, 55),
(53, 69, 2, '', 0, 0, 58),
(53, 67, 1, '', 0, 0, 80),
(53, 67, 2, '', 0, 0, 81),
(53, 75, 1, '', 0, 0, 63),
(53, 73, 1, NULL, NULL, NULL, NULL),
(53, 21, 1, '', 800, 0, NULL),
(53, 19, 1, NULL, NULL, NULL, NULL),
(53, 20, 1, NULL, NULL, NULL, NULL),
(53, 23, 1, '', 1220, 0, NULL),
(53, 24, 1, '', 690, 0, NULL),
(53, 26, 1, '', 5, 8, NULL),
(53, 25, 1, NULL, NULL, NULL, NULL),
(53, 27, 1, '', 9, 0, NULL),
(53, 28, 1, '', 14, 5, NULL),
(53, 33, 1, '', 91, 9, NULL),
(53, 30, 1, NULL, NULL, NULL, NULL),
(53, 31, 1, NULL, NULL, NULL, NULL),
(53, 32, 1, NULL, NULL, NULL, NULL),
(53, 35, 1, '', 133, 0, NULL),
(53, 37, 1, '', 14612, 0, NULL),
(53, 41, 1, '', 47, 0, NULL),
(53, 39, 1, NULL, NULL, NULL, NULL),
(53, 40, 1, NULL, NULL, NULL, NULL),
(53, 43, 1, '', 67, 9, NULL),
(53, 53, 1, '', 11, 0, NULL),
(53, 51, 1, NULL, NULL, NULL, NULL),
(53, 54, 1, '', 12, 7, NULL),
(53, 59, 1, '', 6943, 0, NULL),
(53, 60, 1, '', 9247, 0, NULL),
(53, 61, 1, '', 6825, 0, NULL),
(53, 62, 1, '', 7815, 0, NULL),
(53, 57, 1, '', 7, 0, NULL),
(54, 78, 1, '', 0, 0, 94),
(54, 1, 1, NULL, NULL, NULL, NULL),
(54, 79, 1, '', 0, 0, 101),
(54, 2, 1, 'cerne e alburno ligeiramente distintos, cerne castanho-claro-rosado com nuances mais escuras, cheiro e gosto imperceptíveis; densidade média; grã direita; textura grossa.', 0, 0, NULL),
(54, 4, 1, 'indistinto, vasicêntrico escasso às vezes em finas faixas marginais.', 0, 0, NULL),
(54, 3, 1, NULL, NULL, NULL, NULL),
(54, 5, 1, 'visíveis a olho nu no topo e visíveis só sob lente na face tangencial.', 0, 0, NULL),
(54, 6, 1, 'visíveis a olho nu; porosidade difusa, pequenos a médios, solitários e múltiplos.', 0, 0, NULL),
(54, 7, 1, 'demarcadas por zonas fibrosas e eventualmente por finas faixas de parênquima marginal e pelo arranjo dos poros.', 0, 0, NULL),
(54, 77, 1, '', 0, 0, 2),
(54, 13, 1, NULL, NULL, NULL, NULL),
(54, 14, 1, 'A madeira de bracatinga, de acordo com observações práticas, é considerada de durabilidade natural baixa a muito baixa.', 0, 0, NULL),
(54, 80, 1, '', 0, 0, 104),
(54, 15, 1, 'pelas características anatômicas deve ser permeável a moderadamente permeável às soluções preservativas quando submetida à impregnação sob pressão.', 0, 0, NULL),
(54, 17, 1, '\r\nNas operações de corte não apresenta dificuldade. ', 0, 0, NULL),
(54, 16, 1, NULL, NULL, NULL, NULL),
(54, 70, 1, '', 0, 0, 78),
(54, 63, 1, NULL, NULL, NULL, NULL),
(54, 64, 1, NULL, NULL, NULL, NULL),
(54, 67, 1, '', 0, 0, 81),
(54, 76, 1, '', 0, 0, 8),
(54, 76, 2, '', 0, 0, 22),
(54, 76, 3, '', 0, 0, 13),
(54, 21, 1, '', 670, 0, NULL),
(54, 19, 1, NULL, NULL, NULL, NULL),
(54, 20, 1, NULL, NULL, NULL, NULL),
(54, 24, 1, '', 530, 0, NULL),
(54, 33, 1, '', 73, 9, NULL),
(54, 30, 1, NULL, NULL, NULL, NULL),
(54, 31, 1, NULL, NULL, NULL, NULL),
(54, 32, 1, NULL, NULL, NULL, NULL),
(54, 34, 1, '', 101, 9, NULL),
(54, 36, 1, '', 30, 5, NULL),
(54, 37, 1, '', 12925, 0, NULL),
(54, 41, 1, '', 29, 0, NULL),
(54, 39, 1, NULL, NULL, NULL, NULL),
(54, 40, 1, NULL, NULL, NULL, NULL),
(54, 42, 1, '', 48, 4, NULL),
(54, 44, 1, '', 5, 4, NULL),
(54, 45, 1, '', 21, 5, NULL),
(54, 46, 1, '', 14366, 0, NULL),
(54, 53, 1, '', 10, 7, NULL),
(54, 51, 1, NULL, NULL, NULL, NULL),
(54, 59, 1, '', 4972, 0, NULL),
(54, 55, 1, '', 8, 9, NULL),
(55, 78, 1, '', 0, 0, 94),
(55, 1, 1, NULL, NULL, NULL, NULL),
(55, 79, 1, '', 0, 0, 102),
(55, 2, 1, 'cerne e alburno distintos pela cor, cerne pardo-claro a pardo-escuro-rosado ou acastanhado; cheiro característico agradável; gosto imperceptível, densidade alta; grã irregular ou ondulada; aspecto fibroso atenuado, textura média.', 0, 0, NULL),
(55, 4, 1, 'visível só sob lente; relativamente escasso, paratraqueal aliforme formando confluências em trechos curtos e oblíquos, também em faixas finas irregulares.', 0, 0, NULL),
(55, 3, 1, NULL, NULL, NULL, NULL),
(55, 5, 1, 'visíveis só sob lente no topo e na face tangencial, onde se observa sua estratificação regular (5 estratos por mm). ', 0, 0, NULL),
(55, 6, 1, 'visíveis só sob lente no topo; porosidade difusa; muito pequenos a pequenos, numerosos, múltiplos e em pequenas cadeias radiais; obstruídos por óleo-resina.', 0, 0, NULL),
(55, 7, 1, 'demarcadas por zona fibrosa e, às vezes, pelo parênquima marginal.', 0, 0, NULL),
(55, 77, 1, '', 0, 0, 1),
(55, 13, 1, NULL, NULL, NULL, NULL),
(55, 14, 1, 'A madeira de cabriúva-parda em ensaios de laboratório demonstrou ser resistente ao ataque de organismos xilófagos.', 0, 0, NULL),
(55, 80, 1, '', 0, 0, 105),
(55, 15, 1, 'apresenta baixa permeabilidade às soluções preservativas quando submetida à impregnação sob pressão.', 0, 0, NULL),
(55, 17, 1, 'A madeira de cabriúva-parda apresenta comportamento ruim no aplainamento. No entanto, na operação de lixamento o desempenho é regular e no torneamento é excelente.', 0, 0, NULL),
(55, 16, 1, NULL, NULL, NULL, NULL),
(55, 18, 1, 'A secagem é muito rápida com pequena tendência ao rachamento, encanoamento e torcimento.', 0, 0, NULL),
(55, 65, 1, '', 0, 0, 75),
(55, 63, 1, NULL, NULL, NULL, NULL),
(55, 64, 1, NULL, NULL, NULL, NULL),
(55, 65, 2, '', 0, 0, 73),
(55, 65, 3, '', 0, 0, 53),
(55, 65, 4, '', 0, 0, 50),
(55, 65, 5, '', 0, 0, 47),
(55, 65, 6, '', 0, 0, 61),
(55, 66, 1, '', 0, 0, 43),
(55, 70, 1, '', 0, 0, 78),
(55, 68, 1, '', 0, 0, 42),
(55, 68, 2, '', 0, 0, 57),
(55, 68, 3, '', 0, 0, 74),
(55, 68, 4, '', 0, 0, 85),
(55, 67, 1, '', 0, 0, 80),
(55, 67, 2, '', 0, 0, 81),
(55, 74, 1, '', 0, 0, 64),
(55, 73, 1, NULL, NULL, NULL, NULL),
(55, 74, 2, '', 0, 0, 31),
(55, 74, 3, '', 0, 0, 82),
(55, 76, 1, '', 0, 0, 5),
(55, 76, 2, '', 0, 0, 7),
(55, 76, 3, '', 0, 0, 3),
(55, 76, 4, '', 0, 0, 23),
(55, 76, 5, '', 0, 0, 10),
(55, 76, 6, '', 0, 0, 37),
(55, 76, 7, '', 0, 0, 16),
(55, 21, 1, '', 910, 0, NULL),
(55, 19, 1, NULL, NULL, NULL, NULL),
(55, 20, 1, NULL, NULL, NULL, NULL),
(55, 26, 1, '', 3, 6, NULL),
(55, 25, 1, NULL, NULL, NULL, NULL),
(55, 27, 1, '', 7, 4, NULL),
(55, 28, 1, '', 12, 8, NULL),
(55, 33, 1, '', 102, 1, NULL),
(55, 30, 1, NULL, NULL, NULL, NULL),
(55, 31, 1, NULL, NULL, NULL, NULL),
(55, 32, 1, NULL, NULL, NULL, NULL),
(55, 34, 1, '', 131, 1, NULL),
(55, 36, 1, '', 45, 2, NULL),
(55, 37, 1, '', 12454, 0, NULL),
(55, 41, 1, '', 48, 7, NULL),
(55, 39, 1, NULL, NULL, NULL, NULL),
(55, 40, 1, NULL, NULL, NULL, NULL),
(55, 42, 1, '', 64, 5, NULL),
(55, 45, 1, '', 30, 9, NULL),
(55, 46, 1, '', 14690, 0, NULL),
(55, 44, 1, '', 4, 6, NULL),
(55, 82, 1, '', 41, 9, NULL),
(55, 51, 1, NULL, NULL, NULL, NULL),
(55, 53, 1, '', 14, 1, NULL),
(55, 59, 1, '', 7845, 0, NULL),
(55, 55, 1, '', 9, 3, NULL),
(55, 57, 1, '', 1, 0, NULL),
(56, 78, 1, '', 0, 0, 92),
(56, 1, 1, NULL, NULL, NULL, NULL),
(56, 79, 1, '', 0, 0, 101),
(56, 2, 1, 'cerne e alburno indistintos pela cor, cerne branco-amarelado-claro a branco-amarelado-rosado; cheiro e gosto imperceptíveis; densidade baixa; leve; grã direita a irregular; textura média.', 0, 0, NULL),
(56, 4, 1, 'visível só sob lente; paratraqueal aliforme losangular e vasicêntrico.', 0, 0, NULL),
(56, 3, 1, NULL, NULL, NULL, NULL),
(56, 5, 1, 'visíveis só sob lente no topo e pouco notados a olho nu na face tangencial.', 0, 0, NULL),
(56, 6, 1, 'visíveis a olho nu; porosidade difusa; médios e raros grandes; solitários e múltiplos; parcialmente obstruídos por óleo-resina.', 0, 0, NULL),
(56, 7, 1, 'indistintas.', 0, 0, NULL),
(56, 77, 1, '', 0, 0, 2),
(56, 13, 1, NULL, NULL, NULL, NULL),
(56, 14, 1, 'Em ensaios de laboratório demonstrou ser de baixa resistência ao ataque de organismos xilófagos.', 0, 0, NULL),
(56, 80, 1, '', 0, 0, 104),
(56, 15, 1, 'apresenta alta permeabilidade às soluções preservativas quando submetida à impregnação sob pressão.', 0, 0, NULL),
(56, 17, 1, 'A madeira de cajuaçu é considerada de fácil trabalhabilidade nas operações de serrar, aplainar, faquear, desenrolar, tornear, colar e parafusar . Na utilização de pregos pode ocorrer rachaduras. Bom acabamento.', 0, 0, NULL),
(56, 16, 1, NULL, NULL, NULL, NULL),
(56, 17, 2, 'Devido a presença sílica recomenda-se cuidados especiais com as ferramentas de corte.', 0, 0, NULL),
(56, 18, 1, 'A secagem é classificada como fácil, porém moderadamente lenta, com pequena tendência a ocorrência de rachaduras e empenamentos.', 0, 0, NULL),
(56, 71, 1, '', 0, 0, 46),
(56, 63, 1, NULL, NULL, NULL, NULL),
(56, 64, 1, NULL, NULL, NULL, NULL),
(56, 71, 2, '', 0, 0, 55),
(56, 71, 3, '', 0, 0, 56),
(56, 71, 4, '', 0, 0, 60),
(56, 76, 1, '', 0, 0, 3),
(56, 76, 2, '', 0, 0, 22),
(56, 76, 3, '', 0, 0, 8),
(56, 76, 4, '', 0, 0, 13),
(56, 21, 1, '', 520, 0, NULL),
(56, 19, 1, NULL, NULL, NULL, NULL),
(56, 20, 1, NULL, NULL, NULL, NULL),
(56, 24, 1, '', 430, 0, NULL),
(56, 23, 1, '', 1040, 0, NULL),
(56, 26, 1, '', 3, 4, NULL),
(56, 25, 1, NULL, NULL, NULL, NULL),
(56, 27, 1, '', 6, 3, NULL),
(56, 28, 1, '', 10, 3, NULL),
(56, 34, 1, '', 68, 9, NULL),
(56, 30, 1, NULL, NULL, NULL, NULL),
(56, 31, 1, NULL, NULL, NULL, NULL),
(56, 32, 1, NULL, NULL, NULL, NULL),
(56, 41, 1, '', 29, 3, NULL),
(56, 39, 1, NULL, NULL, NULL, NULL),
(56, 40, 1, NULL, NULL, NULL, NULL),
(56, 44, 1, '', 9, 0, NULL),
(56, 82, 1, '', 18, 3, NULL),
(56, 51, 1, NULL, NULL, NULL, NULL),
(56, 53, 1, '', 6, 0, NULL),
(56, 54, 1, '', 7, 7, NULL),
(56, 59, 1, '', 2402, 0, NULL),
(56, 60, 1, '', 3667, 0, NULL),
(56, 61, 1, '', 1922, 0, NULL),
(56, 62, 1, '', 2246, 0, NULL),
(56, 55, 1, '', 2, 4, NULL),
(56, 57, 1, '', 3, 1, NULL),
(57, 78, 1, '', 0, 0, 94),
(57, 1, 1, NULL, NULL, NULL, NULL),
(57, 79, 1, '', 0, 0, 101),
(57, 2, 1, 'cerne e alburno pouco diferenciados pela cor, cerne acastanhado; cheiro e gosto imperceptíveis; densidade alta; grã direita a irregular; textura média.', 0, 0, NULL),
(57, 4, 1, 'visível a olho nu; apotraqueal em faixas envolvendo ou ligando os vasos.', 0, 0, NULL),
(57, 3, 1, NULL, NULL, NULL, NULL),
(57, 5, 1, 'pouco visíveis só sob lente no topo e na face tangencial.', 0, 0, NULL),
(57, 6, 1, 'visíveis a olho nu; porosidade difusa, médios, exclusivamente solitários; tilos em abundância.', 0, 0, NULL),
(57, 7, 1, 'indistintas.', 0, 0, NULL),
(57, 77, 1, '', 0, 0, 2),
(57, 13, 1, NULL, NULL, NULL, NULL),
(57, 14, 1, 'A madeira de caraipé apresenta baixa a muito baixa resistência ao apodrecimento. A resistência natural ao ataque de cupins é considerada média a baixa. Porém, é altamente resistente à ação de brocas marinhas (teredo) desde que permanentemente submersa.', 0, 0, NULL),
(57, 80, 1, '', 0, 0, 105),
(57, 15, 1, 'apresenta moderada permeabilidade às soluções preservativas quando submetida à impregnação sob pressão.', 0, 0, NULL),
(57, 17, 1, 'A madeira de caraipé é considerada de trabalhabilidade difícil nas operações de desdobro e aplainamento. O acabamento é considerado irregular.', 0, 0, NULL),
(57, 16, 1, NULL, NULL, NULL, NULL),
(57, 18, 1, 'A secagem é classificada como rápida com a ocorrência de defeitos leves.', 0, 0, NULL),
(57, 65, 1, '', 0, 0, 66),
(57, 63, 1, NULL, NULL, NULL, NULL),
(57, 64, 1, NULL, NULL, NULL, NULL),
(57, 66, 1, '', 0, 0, 43),
(57, 66, 2, '', 0, 0, 91),
(57, 21, 1, '', 1010, 0, NULL),
(57, 19, 1, NULL, NULL, NULL, NULL),
(57, 20, 1, NULL, NULL, NULL, NULL),
(57, 23, 1, '', 1230, 0, NULL),
(57, 24, 1, '', 820, 0, NULL),
(57, 33, 1, '', 102, 9, NULL),
(57, 30, 1, NULL, NULL, NULL, NULL),
(57, 31, 1, NULL, NULL, NULL, NULL),
(57, 32, 1, NULL, NULL, NULL, NULL),
(57, 34, 1, '', 144, 6, NULL),
(57, 36, 1, '', 49, 3, NULL),
(57, 37, 1, '', 16465, 0, NULL),
(57, 41, 1, '', 47, 6, NULL),
(57, 39, 1, NULL, NULL, NULL, NULL),
(57, 40, 1, NULL, NULL, NULL, NULL),
(57, 42, 1, '', 81, 9, NULL),
(57, 44, 1, '', 5, 2, NULL),
(57, 45, 1, '', 38, 7, NULL),
(57, 46, 1, '', 23232, 0, NULL),
(57, 82, 1, '', 36, 1, NULL),
(57, 51, 1, NULL, NULL, NULL, NULL),
(57, 53, 1, '', 10, 6, NULL),
(57, 59, 1, '', 6923, 0, NULL),
(57, 55, 1, '', 4, 9, NULL),
(57, 57, 1, '', 0, 7, NULL),
(58, 78, 1, '', 0, 0, 107),
(58, 1, 1, NULL, NULL, NULL, NULL),
(58, 79, 1, '', 0, 0, 102),
(58, 2, 1, 'cerne e alburno distintos pela cor, cerne castanho-amarelado-claro, às vezes com estrias mais escuras; cheiro característico e agradável; gosto adocicado; densidade média; grã direita; textura média, aspecto fibroso atenuado.', 0, 0, NULL),
(58, 4, 1, 'visível a olho nu; paratraqueal aliforme e vasicêntrico, formando confluências em trechos curtos e oblíquos.', 0, 0, NULL),
(58, 3, 1, NULL, NULL, NULL, NULL),
(58, 5, 1, 'pouco visíveis a olho nu no topo e na face tangencial a estratificação irregular só é visível sob lente.', 0, 0, NULL),
(58, 6, 1, 'porosidade difusa, pequenos a médios, solitários e múltiplos; às vezes obstruídos por substância branca.', 0, 0, NULL),
(58, 7, 1, 'demarcadas por zonas fibrosas.', 0, 0, NULL),
(58, 77, 1, '', 0, 0, 2),
(58, 13, 1, NULL, NULL, NULL, NULL),
(58, 14, 1, 'A madeira de cerejeira é considerada não durável, com baixa resistência ao ataque de fungos.', 0, 0, NULL),
(58, 80, 1, '', 0, 0, 104),
(58, 15, 1, 'Moderadamente permeável.', 0, 0, NULL),
(58, 17, 1, 'A madeira de cerejeira é considerada de fácil desdobro, aplainamento, torneamento, desenrolamento e colagem.', 0, 0, NULL),
(58, 16, 1, NULL, NULL, NULL, NULL),
(58, 18, 1, 'A secagem é classificada como fácil.', 0, 0, NULL),
(58, 69, 1, '', 0, 0, 55),
(58, 63, 1, NULL, NULL, NULL, NULL),
(58, 64, 1, NULL, NULL, NULL, NULL),
(58, 69, 2, '', 0, 0, 58),
(58, 69, 3, '', 0, 0, 67),
(58, 68, 1, '', 0, 0, 77),
(58, 74, 1, '', 0, 0, 62),
(58, 73, 1, NULL, NULL, NULL, NULL),
(58, 76, 1, '', 0, 0, 23),
(58, 76, 2, '', 0, 0, 36),
(58, 76, 3, '', 0, 0, 10),
(58, 76, 4, '', 0, 0, 7),
(58, 76, 5, '', 0, 0, 108),
(58, 21, 1, '', 600, 0, NULL),
(58, 19, 1, NULL, NULL, NULL, NULL),
(58, 20, 1, NULL, NULL, NULL, NULL),
(58, 26, 1, '', 2, 9, NULL),
(58, 25, 1, NULL, NULL, NULL, NULL),
(58, 27, 1, '', 6, 2, NULL),
(58, 28, 1, '', 9, 3, NULL),
(58, 33, 1, '', 68, 3, NULL),
(58, 30, 1, NULL, NULL, NULL, NULL),
(58, 31, 1, NULL, NULL, NULL, NULL),
(58, 32, 1, NULL, NULL, NULL, NULL),
(58, 34, 1, '', 88, 5, NULL),
(58, 36, 1, '', 29, 9, NULL),
(58, 37, 1, '', 9277, 0, NULL),
(58, 41, 1, '', 32, 3, NULL),
(58, 39, 1, NULL, NULL, NULL, NULL),
(58, 40, 1, NULL, NULL, NULL, NULL),
(58, 42, 1, '', 47, 4, NULL),
(58, 45, 1, '', 26, 6, NULL),
(58, 44, 1, '', 3, 4, NULL),
(58, 46, 1, '', 10670, 0, NULL),
(58, 82, 1, '', 17, 5, NULL),
(58, 51, 1, NULL, NULL, NULL, NULL),
(58, 53, 1, '', 8, 5, NULL),
(58, 59, 1, '', 3325, 0, NULL),
(58, 55, 1, '', 5, 3, NULL),
(58, 57, 1, '', 0, 6, NULL),
(59, 78, 1, '', 0, 0, 94),
(59, 1, 1, NULL, NULL, NULL, NULL),
(59, 79, 1, '', 0, 0, 101),
(59, 2, 1, 'cerne e alburno distintos pela cor, cerne acastanhado-claro-avermelhado; cheiro e gosto imperceptíveis; densidade baixa; grã direita; textura média.', 0, 0, NULL),
(59, 4, 1, 'em faixas marginais e paratraqueal vasicêntrico formando confluências. ', 0, 0, NULL),
(59, 3, 1, NULL, NULL, NULL, NULL),
(59, 5, 1, 'visíveis só sob lente no topo e na face tangencial.', 0, 0, NULL),
(59, 6, 1, 'porosidade variando de anéis semi-porosos a porosos; arranjos tangenciais no lenho tardio; pequenos (no lenho tardio) a grandes (no anel poroso); solitários e múltiplos; obstruídos por óleo-resina.', 0, 0, NULL),
(59, 7, 1, 'demarcadas pelos anéis porosos e semi-porosos, pela faixa de parênquima marginal e pelo arranjo dos poros.', 0, 0, NULL),
(59, 77, 1, '', 0, 0, 2),
(59, 13, 1, NULL, NULL, NULL, NULL),
(59, 14, 1, 'Madeira com informações conflitantes a respeito de sua durabilidade natural, variando de baixa a alta durabilidade natural aos organismos xilófagos.', 0, 0, NULL),
(59, 80, 1, '', 0, 0, 105),
(59, 15, 1, 'cerne moderadamente a resistente à impregnação com produtos preservativos.', 0, 0, NULL),
(59, 17, 1, 'A madeira de cinamomo é de fácil aplainamento, desdobro, furação, torneamento, faqueamento e lixamento. O acabamento é considerado bom.', 0, 0, NULL),
(59, 16, 1, NULL, NULL, NULL, NULL),
(59, 18, 1, 'A secagem é classificada como fácil.', 0, 0, NULL),
(59, 69, 1, '', 0, 0, 55),
(59, 63, 1, NULL, NULL, NULL, NULL),
(59, 64, 1, NULL, NULL, NULL, NULL),
(59, 69, 2, '', 0, 0, 58),
(59, 69, 3, '', 0, 0, 60),
(59, 74, 1, '', 0, 0, 87),
(59, 73, 1, NULL, NULL, NULL, NULL),
(59, 74, 2, '', 0, 0, 76),
(59, 76, 1, '', 0, 0, 3),
(59, 76, 2, '', 0, 0, 13),
(59, 76, 3, '', 0, 0, 23),
(59, 21, 1, '', 510, 0, NULL),
(59, 19, 1, NULL, NULL, NULL, NULL),
(59, 20, 1, NULL, NULL, NULL, NULL),
(59, 26, 1, '', 3, 1, NULL),
(59, 25, 1, NULL, NULL, NULL, NULL),
(59, 27, 1, '', 7, 2, NULL),
(59, 28, 1, '', 11, 6, NULL),
(59, 33, 1, '', 50, 0, NULL),
(59, 30, 1, NULL, NULL, NULL, NULL),
(59, 31, 1, NULL, NULL, NULL, NULL),
(59, 32, 1, NULL, NULL, NULL, NULL),
(59, 34, 1, '', 70, 0, NULL),
(59, 36, 1, '', 22, 0, NULL),
(59, 37, 1, '', 6540, 0, NULL),
(59, 41, 1, '', 22, 0, NULL),
(59, 39, 1, NULL, NULL, NULL, NULL),
(59, 40, 1, NULL, NULL, NULL, NULL),
(59, 42, 1, '', 32, 0, NULL),
(59, 44, 1, '', 3, 4, NULL),
(59, 45, 1, '', 14, 5, NULL),
(59, 46, 1, '', 6940, 0, NULL),
(59, 82, 1, '', 21, 4, NULL),
(59, 51, 1, NULL, NULL, NULL, NULL),
(59, 53, 1, '', 6, 7, NULL),
(59, 59, 1, '', 2922, 0, NULL),
(60, 78, 1, '', 0, 0, 96),
(60, 1, 1, NULL, NULL, NULL, NULL),
(60, 79, 1, '', 0, 0, 101),
(60, 2, 1, 'cerne e alburno distintos pela cor, cerne avermelhado ou castanho-avermelhado-claro; cheiro e gosto imperceptíveis; densidade média; grã direita; textura média.', 0, 0, NULL),
(60, 4, 1, 'indistinto mesmo sob lente; as vezes paratraqueal vasicêntrico formando confluências curtas e oblíquas.', 0, 0, NULL),
(60, 3, 1, NULL, NULL, NULL, NULL),
(60, 5, 1, 'visíveis só sob lente no topo e na face tangencial.', 0, 0, NULL),
(60, 6, 1, 'visíveis só sob lente no topo e na face tangencial; porosidade difusa, disposição diagonal; numerosos, médios, exclusivamente solitários; obstruídos por tilos.', 0, 0, NULL),
(60, 7, 1, 'variando de distintas a indistintas.', 0, 0, NULL),
(60, 77, 1, '', 0, 0, 2),
(60, 13, 1, NULL, NULL, NULL, NULL),
(60, 14, 1, 'Cerne considerado de moderada a baixa resistência aos organismos xilófagos.', 0, 0, NULL),
(60, 80, 1, '', 0, 0, 105),
(60, 15, 1, 'cerne impermeável às soluções preservativas mesmo quando submetida à impregnação sob pressão, porém o alburno é fácil de tratar.', 0, 0, NULL),
(60, 17, 1, 'A madeira de eucalipto-saligna é considerada fácil de ser desdobrada quando utilizados os métodos adequados. É fácil de ser trabalhada em operações de usinagem (torneamento, furação e lixamento). Apresenta bom acabamento.', 0, 0, NULL),
(60, 16, 1, NULL, NULL, NULL, NULL),
(60, 18, 1, 'A secagem é classificada como rápida com a ocorrência de rachaduras e empenamentos.', 0, 0, NULL),
(60, 65, 1, '', 0, 0, 75),
(60, 63, 1, NULL, NULL, NULL, NULL),
(60, 64, 1, NULL, NULL, NULL, NULL),
(60, 65, 2, '', 0, 0, 61),
(60, 65, 3, '', 0, 0, 47),
(60, 66, 1, '', 0, 0, 43),
(60, 66, 2, '', 0, 0, 91),
(60, 70, 1, '', 0, 0, 78),
(60, 67, 1, '', 0, 0, 81),
(60, 75, 1, '', 0, 0, 63);
INSERT INTO `Madeira_Item` (`Cod_Madeira`, `Cod_Item`, `Num_Linha`, `Desc_Item`, `Valor_Inteiro`, `Valor_Decimal`, `Cod_Conteudo`) VALUES
(60, 73, 1, NULL, NULL, NULL, NULL),
(60, 75, 2, '', 0, 0, 70),
(60, 76, 1, '', 0, 0, 22),
(60, 76, 2, '', 0, 0, 8),
(60, 76, 3, '', 0, 0, 13),
(60, 21, 1, '', 690, 0, NULL),
(60, 19, 1, NULL, NULL, NULL, NULL),
(60, 20, 1, NULL, NULL, NULL, NULL),
(60, 26, 1, '', 6, 8, NULL),
(60, 25, 1, NULL, NULL, NULL, NULL),
(60, 27, 1, '', 13, 4, NULL),
(60, 28, 1, '', 23, 4, NULL),
(60, 33, 1, '', 77, 4, NULL),
(60, 30, 1, NULL, NULL, NULL, NULL),
(60, 31, 1, NULL, NULL, NULL, NULL),
(60, 32, 1, NULL, NULL, NULL, NULL),
(60, 34, 1, '', 101, 6, NULL),
(60, 36, 1, '', 29, 7, NULL),
(60, 37, 1, '', 11876, 0, NULL),
(60, 41, 1, '', 32, 1, NULL),
(60, 39, 1, NULL, NULL, NULL, NULL),
(60, 40, 1, NULL, NULL, NULL, NULL),
(60, 42, 1, '', 49, 2, NULL),
(60, 44, 1, '', 4, 6, NULL),
(60, 45, 1, '', 25, 1, NULL),
(60, 46, 1, '', 13288, 0, NULL),
(60, 82, 1, '', 32, 2, NULL),
(60, 51, 1, NULL, NULL, NULL, NULL),
(60, 53, 1, '', 9, 2, NULL),
(60, 59, 1, '', 4531, 0, NULL),
(60, 55, 1, '', 6, 3, NULL),
(62, 78, 1, '', 0, 0, 92),
(62, 1, 1, NULL, NULL, NULL, NULL),
(62, 79, 1, '', 0, 0, 101),
(62, 2, 1, 'cerne e alburno indistintos pela cor, cerne branco-palha, ou ainda, castanho-claro a castanho-rosado; cheiro e gosto imperceptíveis; densidade baixa; grã direita a revessa; textura grossa.', 0, 0, NULL),
(62, 4, 1, 'visível a olho nu; predominantemente paratraqueal vasicêntrico, aliforme losangular, confluente e finas faixas de marginal.', 0, 0, NULL),
(62, 3, 1, NULL, NULL, NULL, NULL),
(62, 5, 1, 'visíveis só sob lente no topo e na face tangencial.', 0, 0, NULL),
(62, 6, 1, 'visíveis a olho nu no topo e na face tangencial; porosidade difusa, médios, poucos, solitários e múltiplos.', 0, 0, NULL),
(62, 7, 1, 'demarcadas por zonas fibrosas e/ou por faixas de parênquima marginal.', 0, 0, NULL),
(62, 77, 1, '', 0, 0, 2),
(62, 13, 1, NULL, NULL, NULL, NULL),
(62, 14, 1, 'A madeira de faveira, em geral, é de baixa resistência ao ataque de organismos xilófagos.', 0, 0, NULL),
(62, 80, 1, '', 0, 0, 104),
(62, 15, 1, 'apresenta, em geral, alta permeabilidade às soluções preservativas quando submetida à impregnação sob pressão.', 0, 0, NULL),
(62, 17, 1, 'A madeira de faveira é considerada de trabalhabilidade fácil em todas as operações com máquinas.', 0, 0, NULL),
(62, 16, 1, NULL, NULL, NULL, NULL),
(62, 18, 1, 'A secagem é muito rápida em estufa, com a ocorrência de rachaduras e empenamentos.', 0, 0, NULL),
(62, 71, 1, '', 0, 0, 46),
(62, 63, 1, NULL, NULL, NULL, NULL),
(62, 64, 1, NULL, NULL, NULL, NULL),
(62, 71, 2, '', 0, 0, 60),
(62, 76, 1, '', 0, 0, 8),
(62, 76, 2, '', 0, 0, 22),
(62, 76, 3, '', 0, 0, 13),
(62, 76, 4, '', 0, 0, 3),
(62, 21, 1, '', 390, 0, NULL),
(62, 19, 1, NULL, NULL, NULL, NULL),
(62, 20, 1, NULL, NULL, NULL, NULL),
(62, 26, 1, '', 3, 2, NULL),
(62, 25, 1, NULL, NULL, NULL, NULL),
(62, 27, 1, '', 7, 7, NULL),
(62, 28, 1, '', 11, 6, NULL),
(62, 34, 1, '', 51, 2, NULL),
(62, 30, 1, NULL, NULL, NULL, NULL),
(62, 31, 1, NULL, NULL, NULL, NULL),
(62, 32, 1, NULL, NULL, NULL, NULL),
(62, 42, 1, '', 26, 1, NULL),
(62, 39, 1, NULL, NULL, NULL, NULL),
(62, 40, 1, NULL, NULL, NULL, NULL),
(62, 82, 1, '', 16, 5, NULL),
(62, 51, 1, NULL, NULL, NULL, NULL),
(63, 78, 1, '', 0, 0, 92),
(63, 1, 1, NULL, NULL, NULL, NULL),
(63, 79, 1, '', 0, 0, 101),
(63, 2, 1, 'cerne e alburno indistintos pela cor, cerne esbranquiçado com tonalidades acinzentadas, cheiro e gosto imperceptíveis; densidade média; grã  direita a irregular; textura grossa. ', 0, 0, NULL),
(63, 4, 1, 'em faixas  largas, contínuas, irregularmente espaçadas; paratraqueal aliforme com aletas curtas.', 0, 0, NULL),
(63, 3, 1, NULL, NULL, NULL, NULL),
(63, 5, 1, 'visíveis a olho nu no topo e visíveis só sob lente.', 0, 0, NULL),
(63, 6, 1, 'visíveis a olho nu no topo e na face tangencial; porosidade difusa; médios, solitários predominantes.', 0, 0, NULL),
(63, 7, 1, 'aparentemente demarcadas pelas faixas do parênquima axial.', 0, 0, NULL),
(63, 77, 1, '', 0, 0, 2),
(63, 13, 1, NULL, NULL, NULL, NULL),
(63, 14, 1, 'A madeira de figueira em ensaios de laboratório demonstrou ter muito baixa resistência ao apodrecimento e ao ataque de cupins de madeira seca. ', 0, 0, NULL),
(63, 80, 1, '', 0, 0, 104),
(63, 15, 1, 'apresenta alta permeabilidade às soluções preservativas quando submetida à impregnação sob pressão. ', 0, 0, NULL),
(63, 17, 1, 'A madeira de figueira é considerada de trabalhabilidade moderada nas operações de aplainamento e lixamento. Nas operações que envolvem “broca” apresenta acabamento excelente. ', 0, 0, NULL),
(63, 16, 1, NULL, NULL, NULL, NULL),
(63, 18, 1, 'A secagem é classificada como rápida, com tendência a forte arqueamento, encanoamento médio e torcimento forte.', 0, 0, NULL),
(63, 76, 1, '', 0, 0, 22),
(63, 63, 1, NULL, NULL, NULL, NULL),
(63, 21, 1, '', 720, 0, NULL),
(63, 19, 1, NULL, NULL, NULL, NULL),
(63, 20, 1, NULL, NULL, NULL, NULL),
(63, 26, 1, '', 6, 9, NULL),
(63, 25, 1, NULL, NULL, NULL, NULL),
(63, 27, 1, '', 22, 3, NULL),
(63, 28, 1, '', 33, 1, NULL),
(63, 33, 1, '', 63, 2, NULL),
(63, 30, 1, NULL, NULL, NULL, NULL),
(63, 31, 1, NULL, NULL, NULL, NULL),
(63, 32, 1, NULL, NULL, NULL, NULL),
(63, 34, 1, '', 96, 3, NULL),
(63, 36, 1, '', 35, 5, NULL),
(63, 37, 1, '', 10365, 0, NULL),
(63, 41, 1, '', 28, 5, NULL),
(63, 39, 1, NULL, NULL, NULL, NULL),
(63, 40, 1, NULL, NULL, NULL, NULL),
(63, 42, 1, '', 52, 2, NULL),
(63, 44, 1, '', 4, 3, NULL),
(63, 45, 1, '', 21, 5, NULL),
(63, 46, 1, '', 12905, 0, NULL),
(63, 82, 1, '', 25, 4, NULL),
(63, 51, 1, NULL, NULL, NULL, NULL),
(63, 53, 1, '', 6, 8, NULL),
(63, 59, 1, '', 3118, 0, NULL),
(63, 55, 1, '', 4, 0, NULL),
(63, 57, 1, '', 0, 48, NULL),
(64, 78, 1, '', 0, 0, 94),
(64, 1, 1, NULL, NULL, NULL, NULL),
(64, 79, 1, '', 0, 0, 101),
(64, 2, 1, 'cerne e alburno distintos pela cor, cerne castanho claro; cheiro e gosto imperceptíveis; densidade média; grã reta; textura média.', 0, 0, NULL),
(64, 4, 1, 'visível sob lente, em faixas, escalariforme, formando arcos entre os raios.', 0, 0, NULL),
(64, 3, 1, NULL, NULL, NULL, NULL),
(64, 5, 1, 'altos e largos, visíveis a olho nu em todas as faces.', 0, 0, NULL),
(64, 6, 1, 'visíveis só sob lente; porosidade difusa; em arranjos tangenciais; maioria pequenos e alguns médios; solitários e múltiplos; vazios.', 0, 0, NULL),
(64, 7, 1, 'indistintas.', 0, 0, NULL),
(64, 77, 1, '', 0, 0, 2),
(64, 13, 1, NULL, NULL, NULL, NULL),
(64, 14, 1, 'Não durável a moderadamente resistente ao ataque de fungos e cupins.', 0, 0, NULL),
(64, 80, 1, '', 0, 0, 105),
(64, 15, 1, 'Cerne moderadamente a resistente à impregnação com produtos preservativos.', 0, 0, NULL),
(64, 17, 1, 'A madeira de grevílea é considerada de trabalhabilidade fácil nas operações de aplainamento, desdobro, furação, torneamento, faqueamento e lixamento.', 0, 0, NULL),
(64, 16, 1, NULL, NULL, NULL, NULL),
(64, 18, 1, 'A secagem é classificada como fácil. ', 0, 0, NULL),
(64, 71, 1, '', 0, 0, 55),
(64, 63, 1, NULL, NULL, NULL, NULL),
(64, 64, 1, NULL, NULL, NULL, NULL),
(64, 71, 2, '', 0, 0, 56),
(64, 71, 3, '', 0, 0, 58),
(64, 75, 1, '', 0, 0, 70),
(64, 73, 1, NULL, NULL, NULL, NULL),
(64, 76, 1, '', 0, 0, 10),
(64, 76, 2, '', 0, 0, 22),
(64, 76, 3, '', 0, 0, 13),
(64, 21, 1, '', 590, 0, NULL),
(64, 19, 1, NULL, NULL, NULL, NULL),
(64, 20, 1, NULL, NULL, NULL, NULL),
(64, 26, 1, '', 2, 2, NULL),
(64, 25, 1, NULL, NULL, NULL, NULL),
(64, 27, 1, '', 7, 3, NULL),
(64, 28, 1, '', 11, 3, NULL),
(64, 33, 1, '', 51, 4, NULL),
(64, 30, 1, NULL, NULL, NULL, NULL),
(64, 31, 1, NULL, NULL, NULL, NULL),
(64, 32, 1, NULL, NULL, NULL, NULL),
(64, 34, 1, '', 61, 0, NULL),
(64, 36, 1, '', 21, 2, NULL),
(64, 37, 1, '', 5860, 0, NULL),
(64, 41, 1, '', 21, 0, NULL),
(64, 39, 1, NULL, NULL, NULL, NULL),
(64, 40, 1, NULL, NULL, NULL, NULL),
(64, 44, 1, '', 4, 5, NULL),
(64, 45, 1, '', 15, 8, NULL),
(64, 46, 1, '', 7826, 0, NULL),
(64, 82, 1, '', 19, 9, NULL),
(64, 51, 1, NULL, NULL, NULL, NULL),
(64, 53, 1, '', 8, 0, NULL),
(64, 59, 1, '', 2736, 0, NULL),
(64, 55, 1, '', 7, 2, NULL),
(64, 57, 1, '', 0, 8, NULL),
(65, 78, 1, '', 0, 0, 94),
(65, 1, 1, NULL, NULL, NULL, NULL),
(65, 79, 1, '', 0, 0, 101),
(65, 2, 1, '\r\ncerne e alburno distintos pela cor, cerne castanho- rosado, com veios mais escuros formando desenhos; cheiro e gosto imperceptíveis; densidade alta; grã revessa; textura grossa.', 0, 0, NULL),
(65, 4, 1, '\r\nvisível a olho nu, vasicêntrico, eventualmente aliforme e marginal em faixas finas.', 0, 0, NULL),
(65, 3, 1, NULL, NULL, NULL, NULL),
(65, 5, 1, 'visíveis só sob lente no topo e na face tangencial.', 0, 0, NULL),
(65, 6, 1, 'médios, poucos, solitários e múltiplos, vazios alguns obstruídos  por óleo-resina ou substância branca.', 0, 0, NULL),
(65, 7, 1, 'distintas demarcadas pelo parênquima marginal e às vezes por zonas fibrosas.', 0, 0, NULL),
(65, 77, 1, '', 0, 0, 1),
(65, 13, 1, NULL, NULL, NULL, NULL),
(65, 14, 1, 'A madeira de guarucaia, em ensaios de laboratório, demonstrou ter resistência moderada ao apodrecimento.', 0, 0, NULL),
(65, 80, 1, '', 0, 0, 105),
(65, 15, 1, 'Baixa permeabilidade às soluções preservativas, mesmo sob pressão.', 0, 0, NULL),
(65, 65, 1, '', 0, 0, 61),
(65, 63, 1, NULL, NULL, NULL, NULL),
(65, 64, 1, NULL, NULL, NULL, NULL),
(65, 65, 2, '', 0, 0, 47),
(65, 65, 3, '', 0, 0, 50),
(65, 66, 1, '', 0, 0, 43),
(65, 66, 2, '', 0, 0, 91),
(65, 70, 1, '', 0, 0, 78),
(65, 68, 1, '', 0, 0, 42),
(65, 67, 1, '', 0, 0, 68),
(65, 67, 2, '', 0, 0, 81),
(65, 75, 1, '', 0, 0, 54),
(65, 73, 1, NULL, NULL, NULL, NULL),
(65, 76, 1, '', 0, 0, 37),
(65, 76, 2, '', 0, 0, 13),
(65, 21, 1, '', 800, 0, NULL),
(65, 19, 1, NULL, NULL, NULL, NULL),
(65, 20, 1, NULL, NULL, NULL, NULL),
(65, 26, 1, '', 3, 7, NULL),
(65, 25, 1, NULL, NULL, NULL, NULL),
(65, 27, 1, '', 7, 9, NULL),
(65, 28, 1, '', 12, 5, NULL),
(65, 33, 1, '', 76, 0, NULL),
(65, 30, 1, NULL, NULL, NULL, NULL),
(65, 31, 1, NULL, NULL, NULL, NULL),
(65, 32, 1, NULL, NULL, NULL, NULL),
(65, 34, 1, '', 87, 3, NULL),
(65, 36, 1, '', 27, 8, NULL),
(65, 37, 1, '', 9787, 0, NULL),
(65, 41, 1, '', 35, 7, NULL),
(65, 39, 1, NULL, NULL, NULL, NULL),
(65, 40, 1, NULL, NULL, NULL, NULL),
(65, 42, 1, '', 49, 8, NULL),
(65, 44, 1, '', 3, 0, NULL),
(65, 45, 1, '', 27, 8, NULL),
(65, 46, 1, '', 12092, 0, NULL),
(65, 82, 1, '', 18, 3, NULL),
(65, 51, 1, NULL, NULL, NULL, NULL),
(65, 53, 1, '', 12, 9, NULL),
(65, 59, 1, '', 6757, 0, NULL),
(65, 55, 1, '', 6, 0, NULL),
(65, 57, 1, '', 0, 8, NULL),
(66, 78, 1, '', 0, 0, 107),
(66, 1, 1, NULL, NULL, NULL, NULL),
(66, 79, 1, '', 0, 0, 101),
(66, 2, 1, '\r\ncerne e alburno distintos pela cor, cerne amarelado ou castanho-amarelado, com reflexos dourados; cheiro e gosto imperceptíveis; densidade baixa; grã direita a irregular; textura média.', 0, 0, NULL),
(66, 4, 1, 'indistinto.', 0, 0, NULL),
(66, 3, 1, NULL, NULL, NULL, NULL),
(66, 5, 1, 'visíveis só sob lente no topo e na face tangencial, com tendência a disposição estratificada em alguns espécimes.', 0, 0, NULL),
(66, 6, 1, 'notados a olho nu no topo; porosidade difusa, médios, pouco numerosos, solitários e múltiplos; alguns obstruídos por óleo-resina.', 0, 0, NULL),
(66, 7, 1, 'nem sempre distintas demarcadas por zonas fibrosas mais escuras.', 0, 0, NULL),
(66, 77, 1, '', 0, 0, 1),
(66, 13, 1, NULL, NULL, NULL, NULL),
(66, 14, 1, 'Segundo observações práticas, quando empregada em condições adversas demonstrou ser de alta resistência ao ataque de organismos xilófagos.', 0, 0, NULL),
(66, 80, 1, '', 0, 0, 105),
(66, 15, 1, 'em tratamento experimental sob pressão demonstrou ser de baixa permeabilidade às soluções preservativas.', 0, 0, NULL),
(66, 17, 1, 'A madeira de vinhático apresenta torneamento fácil e excelente acabamento.', 0, 0, NULL),
(66, 16, 1, NULL, NULL, NULL, NULL),
(66, 68, 1, '', 0, 0, 72),
(66, 63, 1, NULL, NULL, NULL, NULL),
(66, 64, 1, NULL, NULL, NULL, NULL),
(66, 68, 2, '', 0, 0, 85),
(66, 69, 1, '', 0, 0, 58),
(66, 69, 2, '', 0, 0, 55),
(66, 69, 3, '', 0, 0, 60),
(66, 69, 4, '', 0, 0, 67),
(66, 67, 1, '', 0, 0, 81),
(66, 67, 2, '', 0, 0, 80),
(66, 74, 1, '', 0, 0, 64),
(66, 73, 1, NULL, NULL, NULL, NULL),
(66, 76, 1, '', 0, 0, 23),
(66, 76, 2, '', 0, 0, 10),
(66, 76, 3, '', 0, 0, 14),
(66, 76, 4, '', 0, 0, 30),
(66, 76, 5, '', 0, 0, 36),
(66, 76, 6, '', 0, 0, 3),
(66, 76, 7, '', 0, 0, 37),
(66, 76, 8, '', 0, 0, 20),
(66, 21, 1, '', 500, 0, NULL),
(66, 19, 1, NULL, NULL, NULL, NULL),
(66, 20, 1, NULL, NULL, NULL, NULL),
(66, 26, 1, '', 2, 1, NULL),
(66, 25, 1, NULL, NULL, NULL, NULL),
(66, 27, 1, '', 4, 7, NULL),
(66, 28, 1, '', 7, 7, NULL),
(66, 33, 1, '', 53, 0, NULL),
(66, 30, 1, NULL, NULL, NULL, NULL),
(66, 31, 1, NULL, NULL, NULL, NULL),
(66, 32, 1, NULL, NULL, NULL, NULL),
(66, 34, 1, '', 68, 1, NULL),
(66, 36, 1, '', 26, 6, NULL),
(66, 37, 1, '', 7296, 0, NULL),
(66, 41, 1, '', 29, 0, NULL),
(66, 39, 1, NULL, NULL, NULL, NULL),
(66, 40, 1, NULL, NULL, NULL, NULL),
(66, 42, 1, '', 32, 2, NULL),
(66, 44, 1, '', 6, 7, NULL),
(66, 45, 1, '', 19, 7, NULL),
(66, 46, 1, '', 8659, 0, NULL),
(66, 82, 1, '', 7, 6, NULL),
(66, 51, 1, NULL, NULL, NULL, NULL),
(66, 53, 1, '', 8, 1, NULL),
(66, 59, 1, '', 2706, 0, NULL),
(66, 55, 1, '', 4, 7, NULL),
(66, 57, 1, '', 0, 6, NULL),
(67, 78, 1, '', 0, 0, 107),
(67, 1, 1, NULL, NULL, NULL, NULL),
(67, 79, 1, '', 0, 0, 101),
(67, 2, 1, 'cerne e alburno distintos pela cor, cerne castanho-amarelado-claro; cheiro e gosto imperceptíveis, densidade alta; grã direita; textura média a grossa, às vezes  com aspecto fibroso acentuado.', 0, 0, NULL),
(67, 4, 1, 'notado a olho nu; em faixas irregulares, largas, aproximadas.', 0, 0, NULL),
(67, 3, 1, NULL, NULL, NULL, NULL),
(67, 5, 1, 'visíveis só sob lente no topo e na face tangencial.', 0, 0, NULL),
(67, 6, 1, 'notados a olho nu, como pontos esbranquiçados; porosidade difusa, pouco numerosos, pequenos, solitários e múltiplos; em grande parte obstruídos por tilos.', 0, 0, NULL),
(67, 7, 1, 'demarcadas por zonas fibrosas ou pela aproximação das linhas do parênquima em faixas.', 0, 0, NULL),
(67, 77, 1, '', 0, 0, 1),
(67, 13, 1, NULL, NULL, NULL, NULL),
(67, 14, 1, 'A madeira de jarana em ensaios de laboratório demonstrou ser de alta resistência ao ataque de organismos xilófagos.', 0, 0, NULL),
(67, 80, 1, '', 0, 0, 105),
(67, 15, 1, 'O cerne da madeira de jarana em ensaios de laboratório demonstrou ter baixa permeabilidade às soluções preservativas quando submetida à impregnação sob pressão.', 0, 0, NULL),
(67, 17, 1, 'A madeira de jarana é considerada moderadamente difícil de ser trabalhada, porém apresenta bom acabamento. ', 0, 0, NULL),
(67, 16, 1, NULL, NULL, NULL, NULL),
(67, 18, 1, 'A secagem é classificada como fácil. Na secagem ao ar ocorrem apenas empenamentos ligeiros. Não há informações sobre secagem artificial. ', 0, 0, NULL),
(67, 65, 1, '', 0, 0, 47),
(67, 63, 1, NULL, NULL, NULL, NULL),
(67, 64, 1, NULL, NULL, NULL, NULL),
(67, 65, 2, '', 0, 0, 50),
(67, 65, 3, '', 0, 0, 52),
(67, 65, 4, '', 0, 0, 53),
(67, 65, 5, '', 0, 0, 61),
(67, 65, 6, '', 0, 0, 75),
(67, 66, 1, '', 0, 0, 43),
(67, 66, 2, '', 0, 0, 91),
(67, 68, 1, '', 0, 0, 42),
(67, 67, 1, '', 0, 0, 81),
(67, 76, 1, '', 0, 0, 23),
(67, 76, 2, '', 0, 0, 7),
(67, 76, 3, '', 0, 0, 13),
(67, 76, 4, '', 0, 0, 31),
(67, 76, 5, '', 0, 0, 37),
(67, 21, 1, '', 930, 0, NULL),
(67, 19, 1, NULL, NULL, NULL, NULL),
(67, 20, 1, NULL, NULL, NULL, NULL),
(67, 24, 1, '', 720, 0, NULL),
(67, 26, 1, '', 6, 7, NULL),
(67, 25, 1, NULL, NULL, NULL, NULL),
(67, 27, 1, '', 12, 6, NULL),
(67, 28, 1, '', 18, 3, NULL),
(67, 33, 1, '', 104, 4, NULL),
(67, 30, 1, NULL, NULL, NULL, NULL),
(67, 31, 1, NULL, NULL, NULL, NULL),
(67, 32, 1, NULL, NULL, NULL, NULL),
(67, 34, 1, '', 162, 4, NULL),
(67, 36, 1, '', 30, 1, NULL),
(67, 37, 1, '', 13631, 0, NULL),
(67, 41, 1, '', 40, 6, NULL),
(67, 39, 1, NULL, NULL, NULL, NULL),
(67, 40, 1, NULL, NULL, NULL, NULL),
(67, 42, 1, '', 75, 7, NULL),
(67, 44, 1, '', 4, 7, NULL),
(67, 45, 1, '', 23, 9, NULL),
(67, 46, 1, '', 17848, 0, NULL),
(67, 82, 1, '', 66, 9, NULL),
(67, 51, 1, NULL, NULL, NULL, NULL),
(67, 53, 1, '', 11, 3, NULL),
(67, 59, 1, '', 6639, 0, NULL),
(67, 55, 1, '', 8, 8, NULL),
(67, 57, 1, '', 1, 12, NULL),
(68, 78, 1, '', 0, 0, 95),
(68, 1, 1, NULL, NULL, NULL, NULL),
(68, 79, 1, '', 0, 0, 102),
(68, 2, 1, 'cerne e alburno distintos pela cor, cerne pardo-claro-amarelado uniforme ou com listas escurecidas; cheiro agradável; gosto levemente acre, densidade média; grã direita; textura grossa.', 0, 0, NULL),
(68, 4, 1, 'indistinto, às vezes vasicêntrico escasso e finíssimas faixas marginais.', 0, 0, NULL),
(68, 3, 1, NULL, NULL, NULL, NULL),
(68, 5, 1, 'os mais largos, visíveis a olho nu; os demais intercalados, visíveis só sob lente.', 0, 0, NULL),
(68, 6, 1, 'visíveis só sob lente no topo e na face tangencial; porosidade difusa; pequenos, solitários e múltiplos e em pequenos grupos, com tendência para arranjos tangenciais; em parte obstruídos por tilos.', 0, 0, NULL),
(68, 7, 1, 'pouco distintas, demarcadas pelos arranjos dos poros e/ou pelo parênquima marginal. ', 0, 0, NULL),
(68, 77, 1, '', 0, 0, 2),
(68, 13, 1, NULL, NULL, NULL, NULL),
(68, 14, 1, 'Segundo observações práticas a respeito de sua utilização, a madeira de louro-pardo é de baixa resistência aos organismos xilófagos. ', 0, 0, NULL),
(68, 80, 1, '', 0, 0, 105),
(68, 15, 1, 'em tratamentos sob pressão demonstrou ser de baixa permeabilidade às soluções preservativas.', 0, 0, NULL),
(68, 17, 1, 'A madeira de louro-pardo é fácil de ser trabalhada e recebe bom acabamento. É uma espécie que pode ser utilizada em peças envergadas.', 0, 0, NULL),
(68, 16, 1, NULL, NULL, NULL, NULL),
(68, 18, 1, 'A secagem é classificada como difícil, com a ocorrência de rachaduras de superfícies e de topo.', 0, 0, NULL),
(68, 70, 1, '', 0, 0, 78),
(68, 63, 1, NULL, NULL, NULL, NULL),
(68, 64, 1, NULL, NULL, NULL, NULL),
(68, 68, 1, '', 0, 0, 44),
(68, 68, 2, '', 0, 0, 72),
(68, 68, 3, '', 0, 0, 74),
(68, 69, 1, '', 0, 0, 55),
(68, 69, 2, '', 0, 0, 58),
(68, 74, 1, '', 0, 0, 64),
(68, 73, 1, NULL, NULL, NULL, NULL),
(68, 74, 2, '', 0, 0, 76),
(68, 76, 1, '', 0, 0, 23),
(68, 76, 2, '', 0, 0, 10),
(68, 76, 3, '', 0, 0, 36),
(68, 76, 4, '', 0, 0, 108),
(68, 76, 5, '', 0, 0, 13),
(68, 76, 6, '', 0, 0, 30),
(68, 21, 1, '', 780, 0, NULL),
(68, 19, 1, NULL, NULL, NULL, NULL),
(68, 20, 1, NULL, NULL, NULL, NULL),
(68, 24, 1, '', 650, 0, NULL),
(68, 26, 1, '', 4, 6, NULL),
(68, 25, 1, NULL, NULL, NULL, NULL),
(68, 27, 1, '', 7, 5, NULL),
(68, 28, 1, '', 12, 9, NULL),
(68, 33, 1, '', 102, 7, NULL),
(68, 30, 1, NULL, NULL, NULL, NULL),
(68, 31, 1, NULL, NULL, NULL, NULL),
(68, 32, 1, NULL, NULL, NULL, NULL),
(68, 34, 1, '', 138, 3, NULL),
(68, 36, 1, '', 42, 8, NULL),
(68, 37, 1, '', 13317, 0, NULL),
(68, 41, 1, '', 48, 6, NULL),
(68, 39, 1, NULL, NULL, NULL, NULL),
(68, 40, 1, NULL, NULL, NULL, NULL),
(68, 42, 1, '', 64, 3, NULL),
(68, 44, 1, '', 3, 9, NULL),
(68, 45, 1, '', 35, 7, NULL),
(68, 46, 1, '', 16960, 0, NULL),
(68, 82, 1, '', 40, 2, NULL),
(68, 51, 1, NULL, NULL, NULL, NULL),
(68, 53, 1, '', 10, 1, NULL),
(68, 59, 1, '', 4540, 0, NULL),
(68, 55, 1, '', 6, 6, NULL),
(68, 57, 1, '', 0, 84, NULL),
(57, 26, 1, '', 8, 0, NULL),
(57, 25, 1, NULL, NULL, NULL, NULL),
(57, 27, 1, '', 13, 4, NULL),
(57, 28, 1, '', 24, 4, NULL),
(54, 26, 1, '', 5, 0, NULL),
(54, 25, 1, NULL, NULL, NULL, NULL),
(54, 27, 1, '', 12, 6, NULL),
(54, 28, 1, '', 18, 6, NULL),
(54, 82, 1, '', 33, 7, NULL),
(54, 57, 1, '', 1, 0, NULL),
(55, 66, 2, '', 0, 0, 91),
(52, 14, 2, '. Em observações práticas, é considerada muito resistente ao apodrecimento.', 0, 0, NULL),
(69, 78, 1, '', 0, 0, 95),
(69, 1, 1, NULL, NULL, NULL, NULL),
(69, 79, 1, '', 0, 0, 101),
(69, 2, 1, 'cerne e alburno pouco distintos pela cor, cerne bege-rosado; cheiro e gosto imperceptíveis; densidade média; grã direita a irregular; textura grossa.', 0, 0, NULL),
(69, 4, 1, 'visível a olho nu; paratraqueal aliforme de extensão losangular com aletas curtas e longas, com pequenas confluências e, ainda, finas linhas marginais.', 0, 0, NULL),
(69, 3, 1, NULL, NULL, NULL, NULL),
(69, 5, 1, 'visíveis a olho nu no topo e pouco notados na face tangencial.', 0, 0, NULL),
(69, 6, 1, 'visíveis a olho nu no topo e na face tangencial; porosidade difusa; solitários predominantes e raros múltiplos; obstruídos ocasionalmente por óleo-resina.', 0, 0, NULL),
(69, 7, 1, 'demarcadas por zonas fibrosas e pelo parênquima marginal.', 0, 0, NULL),
(69, 77, 1, '', 0, 0, 1),
(69, 13, 1, NULL, NULL, NULL, NULL),
(69, 14, 1, 'A madeira de melancieira em ensaios de laboratório demonstrou ser resistente ao ataque de fungos.', 0, 0, NULL),
(63, 76, 2, '', 0, 0, 23),
(74, 78, 1, '', 0, 0, 94),
(69, 15, 1, 'em ensaios de laboratório, quando submetida à impregnação sob pressão, demonstrou ser bastante permeável às soluções preservativas.', 0, 0, NULL),
(69, 17, 1, 'A madeira de melancieira é considerada de trabalhabilidade regular nas operações de desdobro e aplainamento.', 0, 0, NULL),
(69, 16, 1, NULL, NULL, NULL, NULL),
(69, 17, 2, 'A fixação e a colagem são fáceis e recebe bom acabamento.', 0, 0, NULL),
(69, 18, 1, 'A secagem é classificada como lenta e difícil, com a ocorrência de defeitos.', 0, 0, NULL),
(69, 21, 1, '', 800, 0, NULL),
(69, 19, 1, NULL, NULL, NULL, NULL),
(69, 20, 1, NULL, NULL, NULL, NULL),
(69, 26, 1, '', 5, 1, NULL),
(69, 25, 1, NULL, NULL, NULL, NULL),
(69, 27, 1, '', 9, 7, NULL),
(69, 28, 1, '', 15, 5, NULL),
(69, 34, 1, '', 97, 6, NULL),
(69, 30, 1, NULL, NULL, NULL, NULL),
(69, 31, 1, NULL, NULL, NULL, NULL),
(69, 32, 1, NULL, NULL, NULL, NULL),
(69, 42, 1, '', 46, 8, NULL),
(69, 39, 1, NULL, NULL, NULL, NULL),
(69, 40, 1, NULL, NULL, NULL, NULL),
(69, 44, 1, '', 7, 8, NULL),
(69, 82, 1, '', 30, 0, NULL),
(69, 51, 1, NULL, NULL, NULL, NULL),
(69, 66, 1, '', 0, 0, 43),
(69, 63, 1, NULL, NULL, NULL, NULL),
(69, 64, 1, NULL, NULL, NULL, NULL),
(69, 70, 1, '', 0, 0, 78),
(69, 67, 1, '', 0, 0, 68),
(69, 67, 2, '', 0, 0, 81),
(69, 75, 1, '', 0, 0, 63),
(69, 73, 1, NULL, NULL, NULL, NULL),
(69, 76, 1, '', 0, 0, 10),
(69, 76, 2, '', 0, 0, 23),
(69, 76, 3, '', 0, 0, 13),
(70, 78, 1, '', 0, 0, 92),
(70, 1, 1, NULL, NULL, NULL, NULL),
(70, 79, 1, '', 0, 0, 101),
(70, 2, 1, 'alburno não nitidamente demarcado, cerne esbranquiçado a branco-amarelado; cheiro e gosto imperceptíveis, densidade alta; grã irregular a revessa; textura fina.', 0, 0, NULL),
(70, 4, 1, 'visível a olho nu; em faixas marginais estreitas.', 0, 0, NULL),
(70, 3, 1, NULL, NULL, NULL, NULL),
(70, 5, 1, 'visíveis só sob lente no topo e na face tangencial.', 0, 0, NULL),
(70, 6, 1, 'visíveis só sob lente no topo e na face tangencial são quase indistintos; porosidade difusa, muito pequenos e muito numerosos, predominando os múltiplos, com algumas cadeias radiais.', 0, 0, NULL),
(70, 7, 1, 'demarcadas pela faixa de parênquima marginal.', 0, 0, NULL),
(70, 77, 1, '', 0, 0, 2),
(70, 13, 1, NULL, NULL, NULL, NULL),
(70, 80, 1, '', 0, 0, 104),
(70, 14, 1, 'A madeira de pau-marfim segundo observações práticas é considerada de baixa resistência ao ataque de organismos xilófagos.', 0, 0, NULL),
(70, 15, 1, 'apresenta boa permeabilidade às soluções preservativas quando submetida à impregnação sob pressão.', 0, 0, NULL),
(70, 17, 1, 'A madeira de pau-marfim pode ser serrada e trabalhada sem dificuldades. O acabamento é bom e a colagem satisfatória.', 0, 0, NULL),
(70, 16, 1, NULL, NULL, NULL, NULL),
(70, 18, 1, 'A secagem é classificada como moderada com ausência de defeitos na secagem ao ar.  A secagem artificial deve ser lenta para evitar empenamentos e endurecimento superficial.', 0, 0, NULL),
(70, 69, 1, '', 0, 0, 55),
(70, 63, 1, NULL, NULL, NULL, NULL),
(70, 64, 1, NULL, NULL, NULL, NULL),
(70, 69, 2, '', 0, 0, 58),
(70, 69, 3, '', 0, 0, 67),
(70, 67, 1, '', 0, 0, 80),
(70, 67, 2, '', 0, 0, 81),
(70, 74, 1, '', 0, 0, 64),
(70, 73, 1, NULL, NULL, NULL, NULL),
(70, 74, 2, '', 0, 0, 62),
(70, 76, 1, '', 0, 0, 23),
(70, 76, 2, '', 0, 0, 5),
(70, 76, 3, '', 0, 0, 31),
(70, 76, 4, '', 0, 0, 30),
(70, 76, 5, '', 0, 0, 10),
(70, 76, 6, '', 0, 0, 7),
(70, 76, 7, '', 0, 0, 3),
(70, 76, 8, '', 0, 0, 36),
(70, 76, 9, '', 0, 0, 20),
(70, 21, 1, '', 840, 0, NULL),
(70, 19, 1, NULL, NULL, NULL, NULL),
(70, 20, 1, NULL, NULL, NULL, NULL),
(70, 24, 1, '', 730, 0, NULL),
(70, 26, 1, '', 4, 9, NULL),
(70, 25, 1, NULL, NULL, NULL, NULL),
(70, 27, 1, '', 9, 6, NULL),
(70, 28, 1, '', 15, 4, NULL),
(70, 33, 1, '', 104, 7, NULL),
(70, 30, 1, NULL, NULL, NULL, NULL),
(70, 31, 1, NULL, NULL, NULL, NULL),
(70, 32, 1, NULL, NULL, NULL, NULL),
(70, 34, 1, '', 137, 2, NULL),
(70, 36, 1, '', 39, 4, NULL),
(70, 37, 1, '', 11493, 0, NULL),
(70, 41, 1, '', 43, 6, NULL),
(70, 39, 1, NULL, NULL, NULL, NULL),
(70, 40, 1, NULL, NULL, NULL, NULL),
(70, 42, 1, '', 58, 9, NULL),
(70, 45, 1, '', 27, 0, NULL),
(70, 46, 1, '', 13602, 0, NULL),
(70, 44, 1, '', 5, 7, NULL),
(70, 82, 1, '', 65, 7, NULL),
(70, 51, 1, NULL, NULL, NULL, NULL),
(70, 53, 1, '', 13, 0, NULL),
(70, 59, 1, '', 6835, 0, NULL),
(70, 55, 1, '', 9, 9, NULL),
(70, 57, 1, '', 1, 12, NULL),
(71, 78, 1, '', 0, 0, 95),
(71, 1, 1, NULL, NULL, NULL, NULL),
(71, 79, 1, '', 0, 0, 101),
(71, 2, 1, 'cerne variando de amarelo-acastanhado ou amarelado ao pardo-acastanhado, às vezes apresentando veios mais escuros; cheiro e gosto imperceptíveis; densidade média; grã direita a ondulada; textura média.', 0, 0, NULL),
(71, 4, 1, 'indistinto, às vezes em finíssimas faixas marginais.', 0, 0, NULL),
(71, 3, 1, NULL, NULL, NULL, NULL),
(71, 5, 1, 'visíveis só sob lente no topo e na face tangencial.', 0, 0, NULL),
(71, 6, 1, 'visíveis só sob lente no topo e na face tangencial; porosidade difusa; pequenos e muito pequenos, solitários e múltiplos; obstruídos por tilos e alguns por óleo-resina amarelada.', 0, 0, NULL),
(71, 7, 1, 'pouco distintas, demarcadas por zonas fibrosas e pelo parênquima marginal.', 0, 0, NULL),
(71, 77, 1, '', 0, 0, 1),
(71, 13, 1, NULL, NULL, NULL, NULL),
(71, 80, 1, '', 0, 0, 105),
(71, 14, 1, 'Em observações práticas, é considerada de durabilidade satisfatória quando em condições favoráveis ao apodrecimento.', 0, 0, NULL),
(71, 15, 1, 'deve apresentar baixa permeabilidade às soluções preservativas, mesmo quando submetida à impregnação sob pressão, devido à obstrução dos vasos.', 0, 0, NULL),
(71, 17, 1, 'A madeira de peroba-de-campos pelas suas características é considerada de trabalhabilidade fácil.', 0, 0, NULL),
(71, 16, 1, NULL, NULL, NULL, NULL),
(71, 66, 1, '', 0, 0, 91),
(71, 63, 1, NULL, NULL, NULL, NULL),
(71, 64, 1, NULL, NULL, NULL, NULL),
(71, 66, 2, '', 0, 0, 43),
(71, 70, 1, '', 0, 0, 78),
(71, 69, 1, '', 0, 0, 58),
(71, 69, 2, '', 0, 0, 55),
(71, 69, 3, '', 0, 0, 79),
(71, 69, 4, '', 0, 0, 67),
(71, 67, 1, '', 0, 0, 80),
(71, 67, 2, '', 0, 0, 81),
(71, 74, 1, '', 0, 0, 64),
(71, 73, 1, NULL, NULL, NULL, NULL),
(71, 76, 1, '', 0, 0, 10),
(71, 76, 2, '', 0, 0, 23),
(71, 76, 3, '', 0, 0, 15),
(71, 76, 4, '', 0, 0, 12),
(71, 76, 5, '', 0, 0, 30),
(71, 76, 6, '', 0, 0, 3),
(71, 76, 7, '', 0, 0, 37),
(71, 76, 8, '', 0, 0, 36),
(71, 21, 1, '', 730, 0, NULL),
(71, 19, 1, NULL, NULL, NULL, NULL),
(71, 20, 1, NULL, NULL, NULL, NULL),
(71, 26, 1, '', 4, 0, NULL),
(71, 25, 1, NULL, NULL, NULL, NULL),
(71, 27, 1, '', 7, 0, NULL),
(71, 28, 1, '', 11, 7, NULL),
(71, 33, 1, '', 97, 1, NULL),
(71, 30, 1, NULL, NULL, NULL, NULL),
(71, 31, 1, NULL, NULL, NULL, NULL),
(71, 32, 1, NULL, NULL, NULL, NULL),
(71, 34, 1, '', 116, 3, NULL),
(71, 36, 1, '', 41, 0, NULL),
(71, 37, 1, '', 10326, 0, NULL),
(71, 41, 1, '', 45, 0, NULL),
(71, 39, 1, NULL, NULL, NULL, NULL),
(71, 40, 1, NULL, NULL, NULL, NULL),
(71, 42, 1, '', 54, 0, NULL),
(71, 45, 1, '', 34, 9, NULL),
(71, 46, 1, '', 12150, 0, NULL),
(71, 44, 1, '', 3, 4, NULL),
(61, 52, 1, NULL, NULL, NULL, NULL),
(71, 51, 1, NULL, NULL, NULL, NULL),
(71, 53, 1, '', 11, 7, NULL),
(71, 59, 1, '', 6394, 0, NULL),
(71, 55, 1, '', 7, 3, NULL),
(71, 57, 1, '', 0, 85, NULL),
(72, 78, 1, '', 0, 0, 92),
(72, 1, 1, NULL, NULL, NULL, NULL),
(72, 79, 1, '', 0, 0, 101),
(72, 2, 1, 'cerne esbranquiçado, levemente rosado, passando geralmente a amarelado-claro ou também pardo-claro-amarelado; cheiro e gosto imperceptíveis; densidade alta; grã revessa; textura grossa.', 0, 0, NULL),
(72, 4, 1, 'visível só sob lente; apotraqueal difuso e difuso em agregados formando uma trama com os raios, às vezes em finas faixas marginais.', 0, 0, NULL),
(72, 3, 1, NULL, NULL, NULL, NULL),
(72, 5, 1, 'visíveis só sob lente no topo; finos e muito numerosos; na face tangencial pouco visíveis mesmo sob lente.', 0, 0, NULL),
(72, 6, 1, 'visíveis a olho nu; porosidade difusa; médios a grandes, solitários e múltiplos; obstruídos por tilos.', 0, 0, NULL),
(72, 7, 1, 'marcadas por zonas fibrosas bem regulares e, eventualmente, pelo parênquima marginal.', 0, 0, NULL),
(72, 77, 1, '', 0, 0, 1),
(72, 13, 1, NULL, NULL, NULL, NULL),
(72, 80, 1, '', 0, 0, 105),
(72, 14, 1, 'A madeira em ensaios de laboratório demonstrou ter alta resistência ao ataque de organismos xilófagos.', 0, 0, NULL),
(72, 15, 1, 'apresenta baixa permeabilidade às soluções preservativas quando submetida à impregnação sob pressão.', 0, 0, NULL),
(72, 17, 1, 'A madeira de piquiá é difícil de ser trabalhada, tanto com ferramentas manuais como mecânicas. Produz superfície áspera, depois do aplainado, devido à grã revessa. Bom acabamento em pintura, verniz e polimento.', 0, 0, NULL),
(72, 16, 1, NULL, NULL, NULL, NULL),
(72, 65, 1, '', 0, 0, 50),
(72, 63, 1, NULL, NULL, NULL, NULL),
(72, 64, 1, NULL, NULL, NULL, NULL),
(72, 65, 2, '', 0, 0, 47),
(72, 65, 3, '', 0, 0, 75),
(72, 65, 4, '', 0, 0, 48),
(72, 65, 5, '', 0, 0, 61),
(72, 66, 1, '', 0, 0, 91),
(72, 66, 2, '', 0, 0, 43),
(72, 76, 1, '', 0, 0, 16),
(72, 76, 2, '', 0, 0, 36),
(72, 76, 3, '', 0, 0, 13),
(72, 21, 1, '', 930, 0, NULL),
(72, 19, 1, NULL, NULL, NULL, NULL),
(72, 20, 1, NULL, NULL, NULL, NULL),
(72, 26, 1, '', 5, 5, NULL),
(72, 25, 1, NULL, NULL, NULL, NULL),
(72, 27, 1, '', 9, 2, NULL),
(72, 28, 1, '', 16, 7, NULL),
(72, 33, 1, '', 113, 6, NULL),
(72, 30, 1, NULL, NULL, NULL, NULL),
(72, 31, 1, NULL, NULL, NULL, NULL),
(72, 32, 1, NULL, NULL, NULL, NULL),
(72, 34, 1, '', 145, 7, NULL),
(72, 36, 1, '', 48, 6, NULL),
(72, 37, 1, '', 14111, 0, NULL),
(72, 41, 1, '', 55, 2, NULL),
(72, 39, 1, NULL, NULL, NULL, NULL),
(72, 40, 1, NULL, NULL, NULL, NULL),
(72, 42, 1, '', 86, 5, NULL),
(72, 44, 1, '', 3, 6, NULL),
(72, 45, 1, '', 35, 3, NULL),
(72, 46, 1, '', 18407, 0, NULL),
(72, 83, 1, '', 0, 6, NULL),
(72, 51, 1, NULL, NULL, NULL, NULL),
(72, 53, 1, '', 12, 9, NULL),
(72, 59, 1, '', 5864, 0, NULL),
(72, 55, 1, '', 10, 1, NULL),
(72, 57, 1, '', 1, 1, NULL),
(73, 78, 1, '', 0, 0, 94),
(73, 1, 1, NULL, NULL, NULL, NULL),
(73, 79, 1, '', 0, 0, 101),
(73, 2, 1, 'cerne e alburno distintos pela cor, cerne castanho-avermelhado; cheiro imperceptível; gosto levemente adstringente, densidade alta; grã direita; textura média, aspecto fibroso acentuado.', 0, 0, NULL),
(73, 4, 1, 'visível só sob lente; em faixas  muito finas formando com o raio um retículo perfeito (parênquima reticulado).', 0, 0, NULL),
(73, 3, 1, NULL, NULL, NULL, NULL),
(73, 5, 1, 'visíveis só sob lente no topo e na face tangencial.', 0, 0, NULL),
(73, 6, 1, 'visíveis só sob lente no topo e na face tangencial; porosidade difusa; pequenos a médios, solitários e múltiplos; obstruídos por tilos.', 0, 0, NULL),
(73, 7, 1, 'pouco demarcadas por zonas fibrosas e/ou por aproximação das linhas do parênquima.', 0, 0, NULL),
(73, 77, 1, '', 0, 0, 1),
(73, 13, 1, NULL, NULL, NULL, NULL),
(73, 80, 1, '', 0, 0, 105),
(73, 14, 1, 'A madeira de sapucaia, em ensaios de laboratório, demonstrou ter alta resistência ao ataque de organismos xilófagos.', 0, 0, NULL),
(73, 15, 1, 'apresenta baixa permeabilidade às soluções preservativas quando submetida à impregnação sob pressão.', 0, 0, NULL),
(73, 17, 1, 'A operação de desdobro é considerada como difícil já a operação de aplainamento é moderadamente fácil. O acabamento é regular.', 0, 0, NULL),
(73, 16, 1, NULL, NULL, NULL, NULL),
(73, 18, 1, 'A secagem é classificada como fácil, com a ocorrência de defeitos leves.', 0, 0, NULL),
(73, 65, 1, '', 0, 0, 75),
(73, 63, 1, NULL, NULL, NULL, NULL),
(73, 64, 1, NULL, NULL, NULL, NULL),
(73, 65, 2, '', 0, 0, 52),
(73, 65, 3, '', 0, 0, 53),
(73, 65, 4, '', 0, 0, 61),
(73, 65, 5, '', 0, 0, 50),
(73, 65, 6, '', 0, 0, 47),
(73, 65, 7, '', 0, 0, 66),
(73, 66, 1, '', 0, 0, 91),
(73, 66, 2, '', 0, 0, 43),
(73, 70, 1, '', 0, 0, 78),
(73, 68, 1, '', 0, 0, 42),
(73, 67, 1, '', 0, 0, 81),
(73, 76, 1, '', 0, 0, 10),
(73, 76, 2, '', 0, 0, 31),
(73, 76, 3, '', 0, 0, 37),
(73, 76, 4, '', 0, 0, 5),
(73, 76, 5, '', 0, 0, 17),
(73, 76, 6, '', 0, 0, 14),
(73, 76, 7, '', 0, 0, 36),
(73, 76, 8, '', 0, 0, 13),
(73, 76, 9, '', 0, 0, 3),
(73, 21, 1, '', 880, 0, NULL),
(73, 19, 1, NULL, NULL, NULL, NULL),
(73, 20, 1, NULL, NULL, NULL, NULL),
(73, 23, 1, '', 1250, 0, NULL),
(73, 26, 1, '', 3, 9, NULL),
(73, 25, 1, NULL, NULL, NULL, NULL),
(73, 27, 1, '', 8, 6, NULL),
(73, 28, 1, '', 14, 1, NULL),
(73, 33, 1, '', 101, 6, NULL),
(73, 30, 1, NULL, NULL, NULL, NULL),
(73, 31, 1, NULL, NULL, NULL, NULL),
(73, 32, 1, NULL, NULL, NULL, NULL),
(73, 34, 1, '', 118, 8, NULL),
(73, 36, 1, '', 37, 4, NULL),
(73, 37, 1, '', 8875, 0, NULL),
(73, 41, 1, '', 42, 6, NULL),
(73, 39, 1, NULL, NULL, NULL, NULL),
(73, 40, 1, NULL, NULL, NULL, NULL),
(73, 42, 1, '', 53, 6, NULL),
(73, 45, 1, '', 25, 9, NULL),
(73, 44, 1, '', 4, 0, NULL),
(73, 46, 1, '', 12307, 0, NULL),
(73, 82, 1, '', 85, 8, NULL),
(73, 51, 1, NULL, NULL, NULL, NULL),
(73, 53, 1, '', 12, 1, NULL),
(73, 55, 1, '', 9, 3, NULL),
(73, 57, 1, '', 1, 1, NULL),
(74, 1, 1, NULL, NULL, NULL, NULL),
(74, 79, 1, '', 0, 0, 103),
(74, 2, 1, 'cerne e alburno indistintos pela cor, cerne castanho-claro-rosado; cheiro (alguns espécimes podem apresentar forte odor desagradável) e gosto imperceptíveis; densidade leve; grã direita a irregular; textura grossa.', 0, 0, NULL),
(74, 4, 1, 'visível só sob lente; difuso em agregados e,&nbsp;às vezes, em finas faixas marginais.', 0, 0, NULL),
(74, 3, 1, NULL, NULL, NULL, NULL),
(74, 5, 1, 'os mais largos, visíveis a olho nu no topo e na face tangencial.', 0, 0, NULL),
(74, 6, 1, 'visíveis a olho nu; porosidade difusa, pouco numerosos, médios a grandes, solitários na maioria; obstruídos por tilos.', 0, 0, NULL),
(74, 7, 1, 'quando presentes, demarcadas por finas faixas do parênquima marginal.', 0, 0, NULL),
(74, 14, 1, 'A madeira de sumaúma em ensaios de laboratório demonstrou ser de baixa resistência natural ao ataque de organismos xilófagos. ', 0, 0, NULL),
(74, 13, 1, NULL, NULL, NULL, NULL),
(74, 77, 1, '', 0, 0, 2),
(74, 80, 1, '', 0, 0, 104),
(74, 15, 1, 'em ensaios de laboratório, quando submetida à impregnação sob pressão, demonstrou ser bastante permeável às soluções preservativas ', 0, 0, NULL),
(74, 17, 1, 'A madeira de sumaúma é considerada de fácil trabalhabilidade, apresenta bom acabamento e colagem fácil.', 0, 0, NULL),
(74, 16, 1, NULL, NULL, NULL, NULL),
(74, 18, 1, 'A secagem é classificada como rápida, com a ocorrência de defeitos.', 0, 0, NULL),
(74, 76, 1, '', 0, 0, 14),
(74, 63, 1, NULL, NULL, NULL, NULL),
(74, 76, 2, '', 0, 0, 8),
(74, 76, 3, '', 0, 0, 22),
(74, 76, 4, '', 0, 0, 13),
(74, 76, 5, '', 0, 0, 3),
(74, 76, 6, '', 0, 0, 26),
(74, 76, 7, '', 0, 0, 24),
(74, 76, 8, '', 0, 0, 4),
(74, 21, 1, '', 370, 0, NULL),
(74, 19, 1, NULL, NULL, NULL, NULL),
(74, 20, 1, NULL, NULL, NULL, NULL),
(74, 24, 1, '', 320, 0, NULL),
(74, 26, 1, '', 3, 2, NULL),
(74, 25, 1, NULL, NULL, NULL, NULL),
(74, 27, 1, '', 5, 5, NULL),
(74, 28, 1, '', 9, 1, NULL),
(74, 34, 1, '', 46, 7, NULL),
(74, 30, 1, NULL, NULL, NULL, NULL),
(74, 31, 1, NULL, NULL, NULL, NULL),
(74, 32, 1, NULL, NULL, NULL, NULL),
(74, 42, 1, '', 21, 8, NULL),
(74, 39, 1, NULL, NULL, NULL, NULL),
(74, 40, 1, NULL, NULL, NULL, NULL),
(74, 52, 1, NULL, NULL, NULL, NULL),
(74, 51, 1, NULL, NULL, NULL, NULL),
(75, 78, 1, '', 0, 0, 94),
(75, 1, 1, NULL, NULL, NULL, NULL),
(75, 79, 1, '', 0, 0, 101),
(75, 77, 1, '', 0, 0, 2),
(75, 13, 1, NULL, NULL, NULL, NULL),
(75, 80, 1, '', 0, 0, 104),
(75, 2, 1, 'cerne e alburno distintos pela cor, cerne castanho-amarelado; cheiro e gosto imperceptíveis, densidade baixa; grã revessa; textura média a grossa.', 0, 0, NULL),
(75, 4, 1, 'visível a olho nu; paratraqueal vasicêntrico ocasionalmente aliforme com expansões losangulares.', 0, 0, NULL),
(75, 3, 1, NULL, NULL, NULL, NULL),
(75, 5, 1, 'visíveis só sob lente no topo e na face tangencial.', 0, 0, NULL),
(75, 6, 1, 'visíveis a olho nu no topo e na face tangencial; porosidade difusa; médios e grandes, muito poucos a poucos, pequenos a médios, solitários e múltiplos; vazios ou obstruídos por óleo-resina.', 0, 0, NULL),
(75, 7, 1, 'pouco distintas, quando presentes, demarcadas por zonas fibrosas mais escuras e, às vezes, pelo parênquima marginal.', 0, 0, NULL),
(75, 14, 1, 'A madeira de tamboril apresenta baixa durabilidade ao ataque de fungos, cupins, insetos de madeira seca.', 0, 0, NULL),
(75, 15, 1, 'apresenta alta permeabilidade às soluções preservativas quando submetida à impregnação sob pressão.', 0, 0, NULL),
(75, 17, 1, 'A madeira de tamboril é considerada de fácil aplainamento e lixamento. O acabamento é reportado como bom', 0, 0, NULL),
(75, 16, 1, NULL, NULL, NULL, NULL),
(75, 17, 2, ', podendo ocorrer variações quanto a sua qualidade.', 0, 0, NULL),
(75, 18, 1, 'A secagem é muito rápida em estufa apresentando tendência moderada a torcimento forte, encanoamento e arqueamento médios.', 0, 0, NULL),
(75, 71, 1, '', 0, 0, 46),
(75, 63, 1, NULL, NULL, NULL, NULL),
(75, 64, 1, NULL, NULL, NULL, NULL),
(75, 71, 2, '', 0, 0, 55),
(75, 71, 3, '', 0, 0, 56),
(75, 71, 4, '', 0, 0, 58),
(75, 71, 5, '', 0, 0, 60),
(75, 75, 1, '', 0, 0, 70),
(75, 73, 1, NULL, NULL, NULL, NULL),
(75, 75, 2, '', 0, 0, 65),
(75, 76, 1, '', 0, 0, 14),
(75, 76, 2, '', 0, 0, 3),
(75, 76, 3, '', 0, 0, 8),
(75, 76, 4, '', 0, 0, 22),
(75, 22, 1, '', 430, 0, NULL),
(75, 19, 1, NULL, NULL, NULL, NULL),
(75, 20, 1, NULL, NULL, NULL, NULL),
(75, 23, 1, '', 1050, 0, NULL),
(75, 24, 1, '', 370, 0, NULL),
(75, 26, 1, '', 2, 4, NULL),
(75, 25, 1, NULL, NULL, NULL, NULL),
(75, 27, 1, '', 4, 5, NULL),
(75, 28, 1, '', 6, 7, NULL),
(75, 33, 1, '', 43, 3, NULL),
(75, 30, 1, NULL, NULL, NULL, NULL),
(75, 31, 1, NULL, NULL, NULL, NULL),
(75, 32, 1, NULL, NULL, NULL, NULL),
(75, 34, 1, '', 48, 8, NULL),
(75, 37, 1, '', 7160, 0, NULL),
(75, 41, 1, '', 19, 8, NULL),
(75, 39, 1, NULL, NULL, NULL, NULL),
(75, 40, 1, NULL, NULL, NULL, NULL),
(75, 42, 1, '', 37, 7, NULL),
(75, 53, 1, '', 7, 1, NULL),
(75, 51, 1, NULL, NULL, NULL, NULL),
(75, 54, 1, '', 8, 8, NULL),
(75, 59, 1, '', 3050, 0, NULL),
(75, 60, 1, '', 3854, 0, NULL),
(75, 61, 1, '', 2697, 0, NULL),
(75, 62, 1, '', 2824, 0, NULL),
(77, 78, 1, '', 0, 0, 94),
(77, 1, 1, NULL, NULL, NULL, NULL),
(77, 79, 1, '', 0, 0, 101),
(77, 77, 1, '', 0, 0, 2),
(77, 13, 1, NULL, NULL, NULL, NULL),
(77, 80, 1, '', 0, 0, 104),
(77, 2, 1, 'cerne e alburno distintos pela cor, cerne amarelado a castanho-amarelado-claro; cheiro e gosto imperceptíveis; densidade média; grã revessa; textura média.', 0, 0, NULL),
(77, 4, 1, 'visível só sob lente; paratraqueal vasicêntrico escasso.', 0, 0, NULL),
(77, 3, 1, NULL, NULL, NULL, NULL),
(77, 5, 1, 'visíveis só sob lente no topo e na face tangencial.', 0, 0, NULL),
(77, 6, 1, 'visíveis a olho nu no topo e na face tangencial; porosidade difusa, ocasionalmente em pequenas cadeias radiais; pequenos a médios, solitários e múltiplos.', 0, 0, NULL),
(77, 7, 1, 'demarcadas por zonas fibrosas mais escuras, sinuosas, irregularmente espaçadas.', 0, 0, NULL),
(77, 14, 1, 'A madeira de taxi é considerada moderadamente resistente ao ataque de fungos.', 0, 0, NULL),
(77, 15, 1, 'apresenta baixa permeabilidade às soluções preservativas quando submetida à impregnação sob pressão.', 0, 0, NULL),
(77, 17, 1, 'A madeira de taxi é considerada moderadamente difícil de serrar e difícil de aplainar. O trabalho com brocas é fácil e de bom acabamento.', 0, 0, NULL),
(77, 16, 1, NULL, NULL, NULL, NULL),
(77, 18, 1, 'A secagem é moderadamente difícil em estufa, com tendência a rachaduras moderadas a fortes.', 0, 0, NULL),
(77, 71, 1, '', 0, 0, 46),
(77, 63, 1, NULL, NULL, NULL, NULL),
(77, 64, 1, NULL, NULL, NULL, NULL),
(77, 71, 2, '', 0, 0, 55),
(77, 71, 3, '', 0, 0, 56),
(77, 71, 4, '', 0, 0, 60),
(77, 70, 1, '', 0, 0, 78),
(77, 75, 1, '', 0, 0, 70),
(77, 73, 1, NULL, NULL, NULL, NULL),
(77, 76, 1, '', 0, 0, 13),
(77, 76, 2, '', 0, 0, 8),
(77, 76, 3, '', 0, 0, 22),
(77, 76, 4, '', 0, 0, 14),
(77, 76, 5, '', 0, 0, 3),
(77, 22, 1, '', 670, 0, NULL),
(77, 19, 1, NULL, NULL, NULL, NULL),
(77, 20, 1, NULL, NULL, NULL, NULL),
(77, 23, 1, '', 1120, 0, NULL),
(77, 24, 1, '', 570, 0, NULL),
(77, 26, 1, '', 5, 2, NULL),
(77, 25, 1, NULL, NULL, NULL, NULL),
(77, 27, 1, '', 7, 5, NULL),
(77, 28, 1, '', 11, 9, NULL),
(77, 33, 1, '', 80, 6, NULL),
(77, 30, 1, NULL, NULL, NULL, NULL),
(77, 31, 1, NULL, NULL, NULL, NULL),
(77, 32, 1, NULL, NULL, NULL, NULL),
(77, 35, 1, '', 130, 6, NULL),
(77, 37, 1, '', 12945, 0, NULL),
(77, 41, 1, '', 39, 4, NULL),
(77, 39, 1, NULL, NULL, NULL, NULL),
(77, 40, 1, NULL, NULL, NULL, NULL),
(77, 43, 1, '', 57, 5, NULL),
(77, 53, 1, '', 11, 2, NULL),
(77, 51, 1, NULL, NULL, NULL, NULL),
(77, 54, 1, '', 14, 1, NULL),
(77, 59, 1, '', 5864, 0, NULL),
(77, 60, 1, '', 8600, 0, NULL),
(77, 61, 1, '', 5766, 0, NULL),
(77, 62, 1, '', 7875, 0, NULL),
(79, 78, 1, '', 0, 0, 94),
(79, 1, 1, NULL, NULL, NULL, NULL),
(79, 79, 1, '', 0, 0, 101),
(79, 77, 1, '', 0, 0, 1),
(79, 13, 1, NULL, NULL, NULL, NULL),
(79, 80, 1, '', 0, 0, 105),
(79, 2, 1, 'cerne e alburno pouco distintos pela cor, cerne castanho a castanho-avermelhado; cheiro e gosto imperceptíveis, densidade alta; grã revessa; textura média.', 0, 0, NULL),
(79, 4, 1, 'visível só sob lente; paratraqueal vasicêntrico, ocasionalmente formando curtas expansões e, também marginal em finíssimas linhas nem sempre presentes.', 0, 0, NULL),
(79, 3, 1, NULL, NULL, NULL, NULL),
(79, 5, 1, 'visíveis só sob lente no topo e na face tangencial.', 0, 0, NULL),
(79, 7, 1, 'pouco distintas, de demarcadas por zonas fibrosas e pelas finas linhas de parênquima marginal.', 0, 0, NULL),
(79, 6, 1, 'visíveis a olho nu no topo e na face tangencial; porosidade difusa; pequenos, solitários e múltiplos; obstruídos por óleo-resina.', 0, 0, NULL),
(79, 14, 1, 'A madeira de timborana é resistente ao ataque de fungos e insetos.', 0, 0, NULL),
(79, 15, 1, 'apresenta média permeabilidade às soluções preservativas quando submetida à impregnação sob pressão.', 0, 0, NULL),
(79, 17, 1, 'A madeira de timborana apresenta serragem e aplainamento difíceis, porém no torneamento e laminação apresentam bons resultados.  Aceita polimento.', 0, 0, NULL),
(79, 16, 1, NULL, NULL, NULL, NULL),
(79, 18, 1, 'A secagem é muito rápida em estufa apresetando rachaduras fortes, moderada tendência a encanoamento e torcimento.', 0, 0, NULL),
(79, 75, 1, '', 0, 0, 70),
(79, 63, 1, NULL, NULL, NULL, NULL),
(79, 73, 1, NULL, NULL, NULL, NULL),
(79, 76, 1, '', 0, 0, 23),
(79, 76, 2, '', 0, 0, 37),
(79, 76, 3, '', 0, 0, 10),
(79, 76, 4, '', 0, 0, 20),
(79, 22, 1, '', 900, 0, NULL),
(79, 19, 1, NULL, NULL, NULL, NULL),
(79, 20, 1, NULL, NULL, NULL, NULL),
(79, 23, 1, '', 1170, 0, NULL),
(79, 24, 1, '', 760, 0, NULL),
(79, 26, 1, '', 5, 1, NULL),
(79, 25, 1, NULL, NULL, NULL, NULL),
(79, 27, 1, '', 8, 3, NULL),
(79, 28, 1, '', 13, 1, NULL),
(79, 33, 1, '', 105, 8, NULL),
(79, 30, 1, NULL, NULL, NULL, NULL),
(79, 31, 1, NULL, NULL, NULL, NULL),
(79, 32, 1, NULL, NULL, NULL, NULL),
(79, 35, 1, '', 146, 9, NULL),
(79, 37, 1, '', 13141, 0, NULL),
(79, 41, 1, '', 53, 1, NULL),
(79, 39, 1, NULL, NULL, NULL, NULL),
(79, 40, 1, NULL, NULL, NULL, NULL),
(79, 43, 1, '', 78, 3, NULL),
(79, 53, 1, '', 13, 6, NULL),
(79, 51, 1, NULL, NULL, NULL, NULL),
(79, 59, 1, '', 7247, 0, NULL),
(79, 60, 1, '', 8806, 0, NULL),
(79, 61, 1, '', 8189, 0, NULL),
(79, 62, 1, '', 9601, 0, NULL),
(80, 78, 1, '', 0, 0, 94),
(80, 1, 1, NULL, NULL, NULL, NULL),
(80, 79, 1, '', 0, 0, 101),
(80, 2, 1, 'cerne e alburno pouco distintos; cerne castanho-avermelhado; cheiro e gosto imperceptíveis; densidade alta; grã direita; textura média.', 0, 0, NULL),
(80, 4, 1, 'indistinto.', 0, 0, NULL),
(80, 3, 1, NULL, NULL, NULL, NULL),
(80, 5, 1, 'visíveis só sob lente no topo e na face tangencial.', 0, 0, NULL),
(80, 6, 1, 'visíveis só sob lente no topo e na face tangencial; porosidade difusa; exclusivamente solitários; pequenos a médios.', 0, 0, NULL),
(80, 7, 1, 'indistintas, quando presentes são demarcadas por zonas fibrosas.', 0, 0, NULL),
(80, 77, 1, '', 0, 0, 2),
(80, 13, 1, NULL, NULL, NULL, NULL),
(80, 14, 1, 'Moderada resistência ao ataque de fungos.', 0, 0, NULL),
(80, 80, 1, '', 0, 0, 105),
(80, 15, 1, 'O alburno é fácil de impregnar, mas o cerne apresenta baixa permeabilidade às soluções preservativas quando submetida à impregnação sob pressão.', 0, 0, NULL),
(80, 17, 1, 'A madeira de uxi é considerada de trabalhabilidade regular nas operações de aplainamento,  lixamento  e torneamento.', 0, 0, NULL),
(78, 78, 1, '', 0, 0, 95),
(78, 1, 1, NULL, NULL, NULL, NULL),
(80, 16, 1, NULL, NULL, NULL, NULL),
(80, 18, 1, 'A secagem é classificada como muito rápida em estufa, com moderada tendência a torcimento.', 0, 0, NULL),
(80, 65, 1, '', 0, 0, 47),
(80, 63, 1, NULL, NULL, NULL, NULL),
(80, 64, 1, NULL, NULL, NULL, NULL),
(80, 65, 2, '', 0, 0, 50),
(80, 66, 1, '', 0, 0, 91),
(80, 66, 2, '', 0, 0, 43),
(80, 76, 1, '', 0, 0, 37),
(80, 76, 2, '', 0, 0, 16),
(80, 76, 3, '', 0, 0, 5),
(80, 76, 4, '', 0, 0, 13),
(80, 24, 1, '', 780, 0, NULL),
(80, 19, 1, NULL, NULL, NULL, NULL),
(80, 20, 1, NULL, NULL, NULL, NULL),
(80, 26, 1, '', 5, 4, NULL),
(80, 25, 1, NULL, NULL, NULL, NULL),
(80, 27, 1, '', 9, 6, NULL),
(80, 33, 1, '', 114, 0, NULL),
(80, 30, 1, NULL, NULL, NULL, NULL),
(80, 31, 1, NULL, NULL, NULL, NULL),
(80, 32, 1, NULL, NULL, NULL, NULL),
(80, 34, 1, '', 153, 7, NULL),
(80, 37, 1, '', 14318, 0, NULL),
(80, 41, 1, '', 54, 5, NULL),
(80, 39, 1, NULL, NULL, NULL, NULL),
(80, 40, 1, NULL, NULL, NULL, NULL),
(80, 42, 1, '', 74, 8, NULL),
(80, 53, 1, '', 13, 6, NULL),
(80, 51, 1, NULL, NULL, NULL, NULL),
(80, 61, 1, '', 9346, 0, NULL),
(80, 55, 1, '', 5, 8, NULL),
(79, 54, 1, '', 15, 9, NULL),
(61, 78, 1, '', 0, 0, 92),
(61, 1, 1, NULL, NULL, NULL, NULL),
(61, 79, 1, '', 0, 0, 101),
(61, 77, 1, '', 0, 0, 1),
(61, 13, 1, NULL, NULL, NULL, NULL),
(61, 80, 1, '', 0, 0, 105),
(61, 5, 1, 'visíveis só sob lente no topo; finos e muito numerosos; na face tangencial pouco visíveis mesmo sob lente.', 0, 0, NULL),
(61, 6, 1, 'visíveis a olho nu; porosidade difusa; médios a grandes, solitários e múltiplos; obstruídos por tilos.', 0, 0, NULL),
(61, 7, 1, 'marcadas por zonas fibrosas bem regulares e, eventualmente, pelo parênquima marginal.', 0, 0, NULL),
(61, 3, 1, NULL, NULL, NULL, NULL),
(61, 2, 2, 'cerne esbranquiçado-avermelhado, quando recém cortado, passando a esbranquiçado levemente amarelado; cheiro e gosto imperceptíveis; densidade alta; grã revessa; textura grossa.', 0, 0, NULL),
(61, 4, 2, 'visível só sob lente; apotraqueal difuso e difuso em agregados formando uma trama com os raios, às vezes em finas faixas marginais.', 0, 0, NULL),
(61, 14, 1, 'A madeira em ensaios de laboratório demonstrou ter alta resistência ao ataque de organismos xilófagos.', 0, 0, NULL),
(61, 15, 1, 'apresenta baixa permeabilidade às soluções preservativas quando submetida à impregnação sob pressão.', 0, 0, NULL),
(61, 17, 1, 'A madeira de piquiá é difícil de ser trabalhada, tanto com ferramentas manuais como mecânicas. Produz superfície áspera, depois do aplainado, devido à grã revessa. Bom acabamento em pintura, verniz e polimento.', 0, 0, NULL),
(61, 16, 1, NULL, NULL, NULL, NULL),
(61, 65, 1, '', 0, 0, 50),
(61, 63, 1, NULL, NULL, NULL, NULL),
(61, 64, 1, NULL, NULL, NULL, NULL),
(61, 65, 2, '', 0, 0, 47),
(61, 65, 3, '', 0, 0, 75),
(61, 65, 4, '', 0, 0, 48),
(61, 65, 5, '', 0, 0, 52),
(61, 65, 6, '', 0, 0, 61),
(61, 66, 1, '', 0, 0, 91),
(61, 66, 2, '', 0, 0, 43),
(61, 76, 1, '', 0, 0, 16),
(61, 76, 2, '', 0, 0, 36),
(61, 76, 3, '', 0, 0, 13),
(61, 21, 1, '', 850, 0, NULL),
(61, 19, 1, NULL, NULL, NULL, NULL),
(61, 20, 1, NULL, NULL, NULL, NULL),
(61, 26, 1, '', 5, 7, NULL),
(61, 25, 1, NULL, NULL, NULL, NULL),
(61, 27, 1, '', 13, 0, NULL),
(61, 28, 1, '', 21, 1, NULL),
(61, 33, 1, '', 65, 7, NULL),
(61, 30, 1, NULL, NULL, NULL, NULL),
(61, 31, 1, NULL, NULL, NULL, NULL),
(61, 32, 1, NULL, NULL, NULL, NULL),
(61, 34, 1, '', 103, 6, NULL),
(61, 36, 1, '', 34, 5, NULL),
(61, 37, 1, '', 13258, 0, NULL),
(61, 41, 1, '', 32, 9, NULL),
(61, 39, 1, NULL, NULL, NULL, NULL),
(61, 40, 1, NULL, NULL, NULL, NULL),
(61, 42, 1, '', 49, 3, NULL),
(61, 45, 1, '', 24, 8, NULL),
(61, 44, 1, '', 4, 7, NULL),
(61, 46, 1, '', 12650, 0, NULL),
(61, 82, 1, '', 34, 3, NULL),
(61, 51, 1, NULL, NULL, NULL, NULL),
(61, 53, 1, '', 10, 1, NULL),
(61, 59, 1, '', 4874, 0, NULL),
(61, 55, 1, '', 5, 1, NULL),
(61, 57, 1, '', 0, 7, NULL),
(78, 79, 1, '', 0, 0, 102),
(78, 77, 1, '', 0, 0, 1),
(78, 13, 1, NULL, NULL, NULL, NULL),
(78, 80, 1, '', 0, 0, 105),
(78, 2, 1, 'cerne e alburno distintos pela cor, cerne castanho-amarelado passando a castanho escuro, com listras escurecidas; cheiro característico; gosto imperceptível, densidade média; grã direita, ondulada ou entrecruzada; textura grossa.', 0, 0, NULL),
(78, 4, 1, 'visível só sob lente; em faixas marginais e vasicêntrico escasso.', 0, 0, NULL),
(78, 3, 1, NULL, NULL, NULL, NULL),
(78, 5, 1, 'visíveis só sob lente no topo e na face tangencial.', 0, 0, NULL),
(78, 6, 1, 'visíveis só sob lente no topo e na face tangencial; porosidade em anéis semi-porosos, ocasionalmente em arranjos radiais curtos; médios, solitários e múltiplos; obstruídos por tilos e/ou substância branca.', 0, 0, NULL),
(78, 7, 1, 'demarcadas pela faixa de parênquima marginal e pelo anel semi-poroso.', 0, 0, NULL),
(78, 14, 1, 'A madeira de teca apresenta alta resistência ao ataque de fungos e insetos porém susceptível ao ataque de organismos marinhos. Apresenta alta durabilidade quando sujeita às intempéries.', 0, 0, NULL),
(78, 15, 1, 'apresenta baixa permeabilidade às soluções preservativas quando submetida à impregnação sob pressão.', 0, 0, NULL),
(78, 17, 1, 'A teca tem de aplainamento, torneamento, furação, lixamento e colagem fáceis.', 0, 0, NULL),
(78, 16, 1, NULL, NULL, NULL, NULL),
(78, 17, 2, 'A presença de sílica pode provocar o desgaste de ferramentas.', 0, 0, NULL),
(78, 18, 1, 'A secagem é lenta com a ocorrência de pouquíssimos defeitos.', 0, 0, NULL),
(78, 68, 1, '', 0, 0, 74),
(78, 63, 1, NULL, NULL, NULL, NULL),
(78, 64, 1, NULL, NULL, NULL, NULL),
(78, 68, 2, '', 0, 0, 57),
(78, 69, 1, '', 0, 0, 58),
(78, 69, 2, '', 0, 0, 67),
(78, 69, 3, '', 0, 0, 55),
(78, 67, 1, '', 0, 0, 81),
(78, 67, 2, '', 0, 0, 80),
(78, 74, 1, '', 0, 0, 62),
(78, 73, 1, NULL, NULL, NULL, NULL),
(78, 74, 2, '', 0, 0, 64),
(78, 76, 1, '', 0, 0, 15),
(78, 76, 2, '', 0, 0, 23),
(78, 76, 3, '', 0, 0, 11),
(78, 21, 1, '', 660, 0, NULL),
(78, 19, 1, NULL, NULL, NULL, NULL),
(78, 20, 1, NULL, NULL, NULL, NULL),
(78, 26, 1, '', 2, 1, NULL),
(78, 25, 1, NULL, NULL, NULL, NULL),
(78, 27, 1, '', 4, 6, NULL),
(78, 28, 1, '', 6, 7, NULL),
(78, 34, 1, '', 92, 0, NULL);
INSERT INTO `Madeira_Item` (`Cod_Madeira`, `Cod_Item`, `Num_Linha`, `Desc_Item`, `Valor_Inteiro`, `Valor_Decimal`, `Cod_Conteudo`) VALUES
(78, 30, 1, NULL, NULL, NULL, NULL),
(78, 31, 1, NULL, NULL, NULL, NULL),
(78, 32, 1, NULL, NULL, NULL, NULL),
(78, 37, 1, '', 9307, 0, NULL),
(78, 42, 1, '', 47, 0, NULL),
(78, 39, 1, NULL, NULL, NULL, NULL),
(78, 40, 1, NULL, NULL, NULL, NULL),
(78, 59, 1, '', 5600, 0, NULL),
(78, 51, 1, NULL, NULL, NULL, NULL),
(76, 78, 1, '', 0, 0, 107),
(76, 1, 1, NULL, NULL, NULL, NULL),
(76, 79, 1, '', 0, 0, 101),
(76, 77, 1, '', 0, 0, 1),
(76, 13, 1, NULL, NULL, NULL, NULL),
(76, 80, 1, '', 0, 0, 104),
(76, 2, 1, 'cerne e alburno distintos pela cor, cerne  castanho-amarelado ao castanho-oliva, as vezes com estrias avermelhadas; cheiro e gosto indistintos; densidade alta; grã direita; textura fina.', 0, 0, NULL),
(76, 4, 1, 'axial visível só sob lente; pouco contrastado, paratraqueal aliforme tendendo a forma confluências curtas e ,às vezes, marginal em faixas finas.', 0, 0, NULL),
(76, 3, 1, NULL, NULL, NULL, NULL),
(76, 5, 1, 'visíveis só sob lente no topo e na face tangencial.', 0, 0, NULL),
(76, 6, 1, 'notados a olho nu no topo; porosidade difusa, solitários predominantes e múltiplos; ocasionalmente obstruídos por óleo-resina ou substância branca.', 0, 0, NULL),
(76, 7, 1, 'demarcadas pelo parênquima marginal.', 0, 0, NULL),
(76, 14, 1, 'A madeira de tanibuca, segundo observações práticas, é considerada de resistência moderada ao ataque de organismos xilófagos.', 0, 0, NULL),
(76, 15, 1, 'com base em sua estrutura anatômica, deve ser permeável às soluções preservativas quando submetida à impregnação sob pressão.', 0, 0, NULL),
(76, 17, 1, 'A madeira de tanibuca é considerada de moderada facilidade de ser trabalhada. As operações de aplainamento, torneamento, furação e pregação são consideradas de regular a fáceis. O acabamento é bom. A colagem é fácil.', 0, 0, NULL),
(76, 16, 1, NULL, NULL, NULL, NULL),
(76, 18, 1, 'A secagem é classificada como rápida em estufa, com tendência a ocorrência de encanoamento moderado.', 0, 0, NULL),
(76, 65, 1, '', 0, 0, 50),
(76, 63, 1, NULL, NULL, NULL, NULL),
(76, 64, 1, NULL, NULL, NULL, NULL),
(76, 66, 1, '', 0, 0, 91),
(76, 66, 2, '', 0, 0, 43),
(76, 70, 1, '', 0, 0, 78),
(76, 67, 1, '', 0, 0, 80),
(76, 67, 2, '', 0, 0, 81),
(76, 76, 1, '', 0, 0, 23),
(76, 76, 2, '', 0, 0, 31),
(76, 76, 3, '', 0, 0, 5),
(76, 76, 4, '', 0, 0, 17),
(76, 76, 5, '', 0, 0, 37),
(76, 21, 1, '', 948, 0, NULL),
(76, 19, 1, NULL, NULL, NULL, NULL),
(76, 20, 1, NULL, NULL, NULL, NULL),
(76, 26, 1, '', 6, 0, NULL),
(76, 25, 1, NULL, NULL, NULL, NULL),
(76, 27, 1, '', 9, 1, NULL),
(76, 28, 1, '', 14, 7, NULL),
(76, 33, 1, '', 101, 5, NULL),
(76, 30, 1, NULL, NULL, NULL, NULL),
(76, 31, 1, NULL, NULL, NULL, NULL),
(76, 32, 1, NULL, NULL, NULL, NULL),
(76, 34, 1, '', 155, 0, NULL),
(76, 37, 1, '', 12945, 0, NULL),
(76, 41, 1, '', 52, 8, NULL),
(76, 39, 1, NULL, NULL, NULL, NULL),
(76, 40, 1, NULL, NULL, NULL, NULL),
(76, 42, 1, '', 83, 7, NULL),
(76, 53, 1, '', 10, 4, NULL),
(76, 51, 1, NULL, NULL, NULL, NULL),
(76, 61, 1, '', 9375, 0, NULL),
(76, 55, 1, '', 5, 8, NULL),
(1, 81, 1, '', 0, 0, 109),
(2, 81, 1, '', 0, 0, 109),
(5, 81, 1, '', 0, 0, 109),
(22, 81, 1, '', 0, 0, 110),
(26, 81, 1, '', 0, 0, 109),
(8, 81, 1, '', 0, 0, 109),
(23, 81, 1, '', 0, 0, 111),
(27, 81, 1, '', 0, 0, 111),
(28, 81, 1, '', 0, 0, 109),
(20, 81, 1, '', 0, 0, 111),
(16, 81, 1, '', 0, 0, 111),
(9, 81, 1, '', 0, 0, 109),
(29, 81, 1, '', 0, 0, 109),
(30, 81, 1, '', 0, 0, 109),
(31, 81, 1, '', 0, 0, 109),
(10, 81, 1, '', 0, 0, 111),
(11, 81, 1, '', 0, 0, 109),
(32, 81, 1, '', 0, 0, 109),
(12, 81, 1, '', 0, 0, 109),
(13, 81, 1, '', 0, 0, 109),
(33, 81, 1, '', 0, 0, 109),
(34, 81, 1, '', 0, 0, 109),
(35, 81, 1, '', 0, 0, 109),
(36, 81, 1, '', 0, 0, 109),
(37, 81, 1, '', 0, 0, 109),
(38, 81, 1, '', 0, 0, 111),
(39, 81, 1, '', 0, 0, 110),
(40, 81, 1, '', 0, 0, 109),
(14, 81, 1, '', 0, 0, 109),
(19, 81, 1, '', 0, 0, 109),
(21, 81, 1, '', 0, 0, 109),
(41, 81, 1, '', 0, 0, 109),
(42, 81, 1, '', 0, 0, 109),
(4, 81, 1, '', 0, 0, 111),
(15, 81, 1, '', 0, 0, 110),
(43, 81, 1, '', 0, 0, 109),
(44, 81, 1, '', 0, 0, 109),
(45, 81, 1, '', 0, 0, 109),
(46, 81, 1, '', 0, 0, 109),
(24, 81, 1, '', 0, 0, 110),
(47, 81, 1, '', 0, 0, 109),
(48, 81, 1, '', 0, 0, 110),
(49, 81, 1, '', 0, 0, 111),
(25, 81, 1, '', 0, 0, 109),
(18, 81, 1, '', 0, 0, 109),
(7, 81, 1, '', 0, 0, 109),
(17, 81, 1, '', 0, 0, 109),
(6, 81, 1, '', 0, 0, 111),
(50, 81, 1, '', 0, 0, 109),
(3, 81, 1, '', 0, 0, 109),
(66, 52, 1, NULL, NULL, NULL, NULL),
(66, 83, 1, '', 0, 12, NULL),
(66, 84, 1, '', 0, 45, NULL),
(67, 52, 1, NULL, NULL, NULL, NULL),
(67, 83, 1, '', 1, 4, NULL),
(67, 84, 1, '', 1, 1, NULL),
(68, 52, 1, NULL, NULL, NULL, NULL),
(68, 83, 1, '', 0, 66, NULL),
(68, 84, 1, '', 1, 8, NULL),
(69, 52, 1, NULL, NULL, NULL, NULL),
(70, 52, 1, NULL, NULL, NULL, NULL),
(70, 83, 1, '', 1, 6, NULL),
(70, 84, 1, '', 1, 51, NULL),
(71, 82, 1, '', 37, 3, NULL),
(71, 83, 1, '', 0, 61, NULL),
(71, 84, 1, '', 1, 14, NULL),
(72, 52, 1, NULL, NULL, NULL, NULL),
(72, 82, 1, '', 38, 4, NULL),
(61, 83, 1, '', 0, 55, NULL),
(61, 84, 1, '', 0, 8, NULL),
(72, 84, 1, '', 0, 7, NULL),
(73, 52, 1, NULL, NULL, NULL, NULL),
(73, 83, 1, '', 1, 39, NULL),
(73, 84, 1, '', 1, 69, NULL),
(74, 82, 1, '', 8, 2, NULL),
(74, 83, 1, '', 0, 13, NULL),
(74, 84, 1, '', 1, 1, NULL),
(52, 52, 1, NULL, NULL, NULL, NULL),
(52, 83, 1, '', 0, 53, NULL),
(54, 52, 1, NULL, NULL, NULL, NULL),
(54, 83, 1, '', 0, 56, NULL),
(54, 84, 1, '', 1, 8, NULL),
(55, 52, 1, NULL, NULL, NULL, NULL),
(55, 83, 1, '', 0, 67, NULL),
(55, 84, 1, '', 0, 81, NULL),
(56, 52, 1, NULL, NULL, NULL, NULL),
(56, 83, 1, '', 0, 28, NULL),
(56, 84, 1, '', 1, 11, NULL),
(57, 52, 1, NULL, NULL, NULL, NULL),
(57, 83, 1, '', 0, 55, NULL),
(57, 84, 1, '', 0, 51, NULL),
(58, 52, 1, NULL, NULL, NULL, NULL),
(58, 83, 1, '', 0, 28, NULL),
(59, 52, 1, NULL, NULL, NULL, NULL),
(59, 83, 1, '', 0, 34, NULL),
(59, 84, 1, '', 1, 33, NULL),
(60, 52, 1, NULL, NULL, NULL, NULL),
(60, 83, 1, '', 0, 52, NULL),
(62, 52, 1, NULL, NULL, NULL, NULL),
(62, 83, 1, '', 0, 27, NULL),
(62, 84, 1, '', 1, 93, NULL),
(63, 52, 1, NULL, NULL, NULL, NULL),
(63, 83, 1, '', 0, 41, NULL),
(63, 84, 1, '', 0, 89, NULL),
(64, 52, 1, NULL, NULL, NULL, NULL),
(64, 83, 1, '', 0, 33, NULL),
(64, 84, 1, '', 0, 95, NULL),
(65, 52, 1, NULL, NULL, NULL, NULL),
(65, 83, 1, '', 0, 29, NULL),
(38, 52, 1, NULL, NULL, NULL, NULL),
(37, 52, 1, NULL, NULL, NULL, NULL),
(35, 52, 1, NULL, NULL, NULL, NULL),
(34, 52, 1, NULL, NULL, NULL, NULL),
(33, 52, 1, NULL, NULL, NULL, NULL),
(12, 52, 1, NULL, NULL, NULL, NULL),
(11, 52, 1, NULL, NULL, NULL, NULL),
(31, 52, 1, NULL, NULL, NULL, NULL),
(29, 52, 1, NULL, NULL, NULL, NULL),
(9, 52, 1, NULL, NULL, NULL, NULL),
(16, 52, 1, NULL, NULL, NULL, NULL),
(20, 52, 1, NULL, NULL, NULL, NULL),
(28, 52, 1, NULL, NULL, NULL, NULL),
(27, 52, 1, NULL, NULL, NULL, NULL),
(23, 52, 1, NULL, NULL, NULL, NULL),
(8, 82, 1, '', 22, 6, NULL),
(26, 52, 1, NULL, NULL, NULL, NULL),
(2, 52, 1, NULL, NULL, NULL, NULL),
(1, 52, 1, NULL, NULL, NULL, NULL),
(28, 6, 1, 'visíveis a olho nu, médios a grandes; poucos; porosidade difusa; solitários e múltiplos; obstruídos por tilos e substância amarelada.', 0, 0, NULL);

INSERT INTO `Madeira_Item_Fonte` (`Cod_Madeira`, `Cod_Item`, `Num_Linha`, `Num_Ordem_Fonte`, `Cod_Fonte`) VALUES
(46, 2, 1, 1, 1),
(1, 14, 1, 1, 4),
(1, 14, 2, 1, 4),
(1, 15, 1, 1, 4),
(4, 14, 2, 1, 4),
(6, 14, 2, 1, 4),
(12, 14, 1, 1, 4),
(12, 15, 1, 1, 4),
(14, 14, 1, 1, 4),
(15, 14, 3, 1, 4),
(16, 18, 2, 1, 4),
(17, 14, 2, 1, 4),
(17, 15, 2, 1, 4),
(18, 14, 2, 1, 4),
(20, 14, 2, 1, 4),
(24, 14, 1, 1, 4),
(26, 14, 3, 1, 4),
(27, 14, 3, 1, 4),
(27, 15, 1, 2, 4),
(27, 17, 2, 1, 4),
(27, 18, 1, 1, 4),
(28, 14, 2, 1, 4),
(28, 18, 1, 1, 4),
(29, 14, 2, 2, 4),
(29, 15, 1, 1, 4),
(29, 17, 1, 1, 4),
(34, 14, 2, 1, 4),
(34, 18, 1, 1, 4),
(37, 14, 1, 1, 4),
(37, 15, 1, 1, 4),
(37, 17, 1, 1, 4),
(38, 14, 1, 1, 4),
(39, 14, 1, 1, 4),
(39, 15, 2, 2, 4),
(40, 14, 1, 1, 4),
(40, 15, 1, 1, 4),
(43, 14, 3, 1, 4),
(44, 14, 1, 1, 4),
(44, 15, 1, 1, 4),
(46, 14, 2, 1, 4),
(47, 14, 3, 1, 4),
(47, 15, 1, 2, 4),
(48, 14, 2, 1, 4),
(49, 14, 1, 1, 4),
(49, 15, 1, 2, 4),
(50, 14, 3, 1, 4),
(1, 14, 1, 2, 5),
(1, 17, 1, 1, 5),
(4, 14, 1, 1, 5),
(11, 14, 2, 1, 5),
(15, 14, 2, 1, 5),
(16, 14, 2, 1, 5),
(20, 15, 1, 1, 5),
(20, 17, 1, 1, 5),
(22, 14, 1, 2, 5),
(22, 18, 2, 1, 5),
(25, 17, 1, 1, 5),
(25, 18, 1, 1, 5),
(26, 14, 1, 1, 5),
(27, 14, 1, 1, 5),
(27, 15, 1, 3, 5),
(27, 17, 1, 1, 5),
(27, 18, 1, 2, 5),
(29, 14, 2, 1, 5),
(29, 15, 1, 2, 5),
(29, 17, 1, 2, 5),
(31, 14, 2, 1, 5),
(42, 15, 1, 1, 5),
(42, 18, 2, 1, 5),
(48, 14, 1, 1, 5),
(1, 14, 1, 3, 6),
(1, 15, 1, 2, 6),
(1, 21, 1, 1, 6),
(2, 14, 1, 1, 6),
(2, 15, 1, 1, 6),
(2, 21, 1, 1, 6),
(3, 14, 1, 1, 6),
(3, 15, 1, 1, 6),
(4, 14, 4, 1, 6),
(6, 14, 1, 1, 6),
(6, 15, 1, 1, 6),
(9, 14, 1, 1, 6),
(9, 21, 1, 1, 6),
(9, 33, 1, 1, 6),
(9, 34, 1, 1, 6),
(9, 37, 1, 1, 6),
(10, 14, 1, 1, 6),
(10, 15, 1, 1, 6),
(11, 14, 1, 1, 6),
(11, 21, 1, 1, 6),
(14, 14, 3, 1, 6),
(14, 15, 1, 1, 6),
(15, 14, 1, 1, 6),
(15, 15, 1, 1, 6),
(16, 14, 1, 1, 6),
(16, 21, 1, 1, 6),
(18, 14, 1, 1, 6),
(18, 15, 1, 1, 6),
(19, 14, 1, 1, 6),
(19, 15, 1, 1, 6),
(20, 14, 1, 1, 6),
(20, 15, 2, 1, 6),
(20, 21, 1, 1, 6),
(22, 14, 1, 1, 6),
(22, 21, 1, 1, 6),
(23, 14, 1, 1, 6),
(23, 15, 1, 1, 6),
(23, 21, 1, 1, 6),
(24, 14, 1, 3, 6),
(24, 15, 1, 1, 6),
(25, 14, 3, 1, 6),
(25, 15, 1, 1, 6),
(26, 15, 1, 1, 6),
(26, 21, 1, 1, 6),
(27, 14, 2, 1, 6),
(27, 15, 1, 1, 6),
(27, 21, 1, 1, 6),
(28, 14, 1, 1, 6),
(28, 15, 1, 2, 6),
(28, 21, 1, 1, 6),
(29, 14, 1, 1, 6),
(29, 15, 1, 3, 6),
(29, 21, 1, 1, 6),
(31, 14, 1, 1, 6),
(33, 2, 1, 1, 6),
(33, 14, 2, 1, 6),
(33, 15, 1, 1, 6),
(34, 14, 1, 1, 6),
(34, 21, 1, 1, 6),
(35, 15, 1, 1, 6),
(37, 14, 1, 2, 6),
(37, 15, 2, 1, 6),
(38, 14, 4, 1, 6),
(38, 15, 1, 1, 6),
(39, 14, 1, 3, 6),
(39, 15, 1, 1, 6),
(40, 14, 2, 1, 6),
(41, 14, 1, 1, 6),
(41, 15, 1, 1, 6),
(44, 14, 2, 1, 6),
(44, 15, 1, 2, 6),
(45, 14, 2, 1, 6),
(45, 15, 2, 1, 6),
(49, 14, 1, 3, 6),
(49, 15, 1, 1, 6),
(50, 14, 2, 1, 6),
(50, 15, 2, 1, 6),
(1, 14, 2, 2, 7),
(1, 17, 2, 1, 7),
(1, 18, 1, 1, 7),
(14, 18, 2, 1, 7),
(40, 14, 3, 1, 7),
(40, 17, 2, 1, 7),
(40, 18, 1, 2, 7),
(40, 18, 2, 1, 7),
(1, 15, 2, 1, 8),
(1, 18, 1, 2, 8),
(1, 23, 1, 1, 8),
(22, 15, 1, 1, 8),
(22, 23, 1, 1, 8),
(22, 24, 1, 1, 8),
(28, 15, 1, 1, 8),
(43, 15, 2, 1, 8),
(1, 18, 1, 3, 9),
(1, 24, 1, 1, 9),
(2, 17, 1, 1, 9),
(2, 24, 1, 1, 9),
(3, 17, 1, 1, 9),
(3, 18, 1, 1, 9),
(4, 17, 1, 1, 9),
(4, 18, 1, 1, 9),
(6, 17, 1, 2, 9),
(6, 18, 1, 2, 9),
(8, 18, 2, 1, 9),
(9, 18, 1, 1, 9),
(10, 17, 1, 2, 9),
(10, 18, 1, 1, 9),
(11, 17, 1, 1, 9),
(11, 18, 1, 1, 9),
(14, 17, 1, 1, 9),
(14, 18, 1, 1, 9),
(15, 17, 1, 1, 9),
(15, 18, 1, 1, 9),
(17, 17, 1, 1, 9),
(17, 18, 1, 1, 9),
(18, 17, 1, 1, 9),
(18, 18, 1, 1, 9),
(19, 18, 1, 1, 9),
(20, 24, 1, 1, 9),
(23, 17, 1, 1, 9),
(23, 18, 2, 1, 9),
(24, 17, 2, 1, 9),
(24, 18, 1, 1, 9),
(26, 18, 1, 2, 9),
(27, 17, 1, 2, 9),
(27, 18, 1, 3, 9),
(27, 24, 1, 1, 9),
(29, 17, 1, 3, 9),
(29, 18, 1, 1, 9),
(29, 24, 1, 1, 9),
(30, 18, 1, 1, 9),
(31, 17, 1, 1, 9),
(31, 18, 1, 1, 9),
(34, 17, 1, 1, 9),
(34, 24, 1, 1, 9),
(35, 17, 1, 1, 9),
(35, 18, 1, 1, 9),
(37, 18, 1, 1, 9),
(38, 17, 1, 1, 9),
(38, 18, 1, 1, 9),
(39, 17, 1, 1, 9),
(39, 18, 1, 1, 9),
(40, 17, 1, 1, 9),
(40, 18, 1, 1, 9),
(41, 17, 1, 1, 9),
(41, 18, 1, 1, 9),
(43, 18, 2, 1, 9),
(44, 17, 1, 1, 9),
(44, 18, 1, 1, 9),
(45, 17, 1, 1, 9),
(45, 18, 1, 1, 9),
(47, 17, 1, 1, 9),
(47, 18, 2, 1, 9),
(49, 17, 1, 1, 9),
(49, 18, 1, 1, 9),
(50, 17, 1, 1, 9),
(50, 18, 1, 1, 9),
(2, 14, 1, 2, 11),
(5, 14, 1, 1, 11),
(8, 14, 1, 2, 11),
(10, 14, 3, 1, 11),
(11, 14, 3, 1, 11),
(16, 14, 3, 1, 11),
(26, 14, 4, 1, 11),
(29, 14, 3, 1, 11),
(30, 14, 2, 1, 11),
(34, 14, 3, 1, 11),
(41, 14, 2, 1, 11),
(42, 14, 2, 1, 11),
(2, 15, 2, 1, 12),
(2, 23, 1, 1, 12),
(5, 15, 1, 1, 12),
(9, 15, 1, 1, 12),
(11, 15, 1, 1, 12),
(16, 15, 1, 1, 12),
(16, 17, 1, 1, 12),
(16, 18, 1, 1, 12),
(16, 23, 1, 1, 12),
(16, 24, 1, 1, 12),
(31, 15, 1, 1, 12),
(34, 15, 1, 1, 12),
(34, 18, 2, 1, 12),
(39, 15, 3, 1, 12),
(43, 15, 3, 1, 12),
(3, 14, 2, 1, 14),
(3, 15, 2, 1, 14),
(3, 18, 2, 1, 14),
(4, 15, 1, 1, 14),
(5, 17, 1, 1, 14),
(6, 15, 2, 1, 14),
(6, 17, 1, 1, 14),
(6, 18, 1, 1, 14),
(8, 14, 1, 1, 14),
(8, 15, 1, 1, 14),
(8, 17, 1, 1, 14),
(8, 18, 1, 1, 14),
(9, 17, 1, 1, 14),
(9, 23, 1, 1, 14),
(9, 24, 1, 1, 14),
(9, 38, 1, 1, 14),
(10, 15, 2, 2, 14),
(10, 17, 1, 1, 14),
(11, 14, 2, 2, 14),
(11, 17, 2, 1, 14),
(11, 23, 1, 1, 14),
(11, 24, 1, 1, 14),
(17, 14, 1, 1, 14),
(17, 15, 1, 1, 14),
(17, 17, 2, 1, 14),
(19, 17, 1, 1, 14),
(21, 15, 1, 1, 14),
(21, 17, 1, 1, 14),
(21, 18, 1, 1, 14),
(23, 15, 2, 2, 14),
(23, 17, 2, 1, 14),
(23, 23, 1, 1, 14),
(23, 24, 1, 1, 14),
(24, 14, 2, 1, 14),
(24, 15, 2, 1, 14),
(26, 17, 1, 1, 14),
(26, 18, 1, 1, 14),
(26, 23, 1, 1, 14),
(26, 24, 1, 1, 14),
(28, 17, 1, 1, 14),
(28, 18, 2, 1, 14),
(28, 22, 1, 1, 14),
(28, 24, 1, 1, 14),
(30, 15, 1, 1, 14),
(32, 14, 1, 1, 14),
(32, 15, 1, 1, 14),
(32, 17, 1, 1, 14),
(32, 18, 1, 1, 14),
(33, 14, 1, 1, 14),
(33, 15, 2, 1, 14),
(33, 17, 1, 1, 14),
(33, 18, 2, 1, 14),
(36, 14, 1, 1, 14),
(36, 15, 1, 1, 14),
(36, 17, 1, 1, 14),
(36, 18, 1, 1, 14),
(38, 17, 2, 1, 14),
(41, 17, 2, 1, 14),
(42, 17, 1, 1, 14),
(43, 14, 1, 1, 14),
(43, 15, 1, 1, 14),
(43, 17, 2, 1, 14),
(43, 18, 1, 1, 14),
(45, 14, 1, 1, 14),
(45, 15, 1, 1, 14),
(46, 2, 1, 2, 14),
(46, 14, 1, 1, 14),
(46, 15, 1, 1, 14),
(46, 17, 1, 1, 14),
(46, 18, 1, 1, 14),
(47, 14, 1, 1, 14),
(47, 15, 1, 1, 14),
(47, 17, 2, 1, 14),
(47, 18, 1, 1, 14),
(48, 15, 1, 1, 14),
(48, 17, 1, 1, 14),
(48, 18, 1, 1, 14),
(49, 14, 1, 2, 14),
(49, 15, 2, 1, 14),
(49, 17, 2, 1, 14),
(50, 14, 1, 1, 14),
(50, 15, 1, 1, 14),
(50, 17, 2, 1, 14),
(3, 14, 3, 1, 15),
(4, 14, 3, 1, 15),
(10, 14, 2, 1, 15),
(17, 14, 3, 1, 15),
(23, 14, 2, 1, 15),
(47, 14, 2, 1, 15),
(49, 14, 1, 4, 15),
(5, 17, 2, 1, 16),
(7, 15, 1, 1, 17),
(7, 17, 1, 1, 17),
(7, 18, 1, 1, 17),
(18, 17, 2, 1, 17),
(29, 17, 1, 4, 17),
(42, 14, 1, 1, 17),
(42, 18, 1, 1, 17),
(48, 14, 1, 2, 17),
(48, 17, 2, 1, 17),
(8, 17, 2, 1, 18),
(24, 15, 1, 2, 18),
(24, 17, 1, 1, 18),
(26, 14, 2, 1, 18),
(26, 17, 1, 2, 18),
(30, 14, 1, 1, 18),
(30, 17, 1, 1, 18),
(33, 18, 1, 1, 18),
(39, 14, 1, 2, 18),
(39, 15, 2, 1, 18),
(43, 14, 2, 1, 18),
(43, 15, 1, 2, 18),
(43, 17, 1, 1, 18),
(10, 14, 3, 2, 19),
(14, 14, 2, 1, 19),
(31, 14, 3, 1, 19),
(35, 14, 1, 1, 19),
(10, 14, 4, 1, 20),
(12, 14, 1, 2, 20),
(14, 14, 4, 1, 20),
(24, 14, 1, 2, 20),
(25, 14, 4, 1, 20),
(31, 14, 4, 1, 20),
(38, 14, 2, 1, 20),
(38, 14, 3, 1, 20),
(39, 14, 2, 1, 20),
(45, 14, 3, 1, 20),
(10, 15, 2, 1, 21),
(23, 15, 2, 1, 21),
(23, 18, 1, 1, 21),
(12, 14, 2, 1, 24),
(12, 15, 1, 2, 24),
(13, 14, 1, 1, 24),
(12, 17, 1, 1, 25),
(13, 17, 1, 1, 25),
(11, 15, 2, 1, 26),
(22, 17, 1, 1, 28),
(22, 18, 1, 1, 28),
(26, 14, 5, 1, 29),
(20, 14, 3, 1, 30),
(37, 14, 2, 1, 30),
(38, 14, 1, 2, 32),
(51, 2, 1, 1, 17),
(51, 15, 1, 1, 6),
(51, 17, 1, 1, 14),
(51, 14, 1, 1, 6),
(51, 14, 2, 1, 35),
(51, 17, 2, 1, 17),
(51, 18, 1, 1, 14),
(51, 21, 1, 1, 14),
(52, 7, 1, 1, 1),
(52, 14, 1, 1, 9),
(52, 15, 1, 1, 6),
(52, 17, 1, 1, 9),
(52, 18, 1, 1, 9),
(52, 21, 1, 1, 6),
(52, 24, 1, 1, 9),
(53, 7, 1, 1, 1),
(53, 14, 1, 1, 17),
(53, 15, 1, 1, 8),
(53, 17, 1, 1, 8),
(53, 18, 1, 1, 8),
(53, 21, 1, 1, 8),
(53, 24, 1, 1, 8),
(54, 7, 1, 1, 6),
(54, 14, 1, 1, 6),
(54, 15, 1, 1, 6),
(54, 24, 1, 1, 6),
(55, 2, 1, 1, 1),
(55, 2, 1, 2, 6),
(55, 7, 1, 1, 1),
(55, 14, 1, 1, 6),
(55, 15, 1, 1, 6),
(55, 17, 1, 1, 8),
(55, 18, 1, 1, 8),
(78, 15, 1, 1, 28),
(78, 14, 1, 1, 38),
(56, 14, 1, 1, 6),
(56, 15, 1, 1, 6),
(56, 17, 1, 1, 9),
(56, 17, 2, 1, 6),
(56, 18, 1, 1, 9),
(56, 21, 1, 1, 6),
(56, 24, 1, 1, 9),
(56, 23, 1, 1, 14),
(56, 34, 1, 1, 6),
(57, 7, 1, 1, 6),
(57, 14, 1, 1, 6),
(57, 15, 1, 1, 6),
(57, 17, 1, 1, 17),
(57, 18, 1, 1, 17),
(57, 23, 1, 1, 36),
(57, 24, 1, 1, 36),
(58, 2, 1, 1, 17),
(58, 7, 1, 1, 1),
(58, 14, 1, 1, 6),
(58, 17, 1, 1, 17),
(58, 18, 1, 1, 17),
(58, 21, 1, 1, 6),
(59, 7, 1, 1, 1),
(59, 15, 1, 1, 35),
(59, 14, 1, 1, 35),
(59, 17, 1, 1, 25),
(59, 18, 1, 1, 25),
(60, 18, 1, 1, 17),
(60, 17, 1, 1, 17),
(62, 7, 1, 1, 1),
(62, 14, 1, 1, 6),
(62, 17, 1, 1, 14),
(62, 18, 1, 1, 14),
(62, 21, 1, 1, 6),
(63, 2, 1, 1, 6),
(63, 7, 1, 1, 6),
(63, 14, 1, 1, 6),
(63, 15, 1, 1, 6),
(63, 17, 1, 1, 8),
(63, 18, 1, 1, 8),
(64, 7, 1, 1, 34),
(64, 14, 1, 1, 35),
(64, 15, 1, 1, 35),
(64, 18, 1, 1, 28),
(78, 17, 1, 1, 28),
(65, 2, 1, 1, 6),
(76, 2, 1, 2, 17),
(65, 14, 1, 1, 6),
(65, 15, 1, 1, 6),
(78, 18, 1, 1, 38),
(64, 14, 1, 2, 28),
(76, 2, 1, 1, 6),
(76, 15, 1, 1, 6),
(66, 14, 1, 1, 6),
(66, 15, 1, 1, 6),
(66, 17, 1, 1, 6),
(76, 14, 1, 1, 6),
(76, 2, 1, 3, 1),
(67, 14, 1, 1, 6),
(67, 15, 1, 1, 6),
(67, 17, 1, 1, 9),
(67, 18, 1, 1, 9),
(67, 21, 1, 1, 6),
(67, 24, 1, 1, 9),
(76, 17, 1, 1, 6),
(68, 14, 1, 1, 6),
(68, 15, 1, 1, 6),
(68, 17, 1, 1, 9),
(68, 18, 1, 1, 9),
(68, 24, 1, 1, 9),
(68, 21, 1, 1, 6),
(60, 21, 1, 1, 6),
(57, 21, 1, 1, 6),
(59, 21, 1, 1, 33),
(52, 14, 2, 1, 6),
(69, 7, 1, 1, 1),
(69, 14, 1, 1, 6),
(62, 15, 1, 1, 6),
(69, 15, 1, 1, 6),
(69, 17, 1, 1, 17),
(69, 17, 2, 1, 17),
(69, 18, 1, 1, 17),
(69, 21, 1, 1, 6),
(70, 2, 1, 1, 6),
(70, 7, 1, 1, 6),
(70, 14, 1, 1, 6),
(70, 15, 1, 1, 6),
(70, 17, 1, 1, 9),
(70, 18, 1, 1, 9),
(70, 21, 1, 1, 6),
(70, 24, 1, 1, 9),
(61, 14, 1, 1, 6),
(71, 14, 1, 1, 6),
(71, 15, 1, 1, 6),
(71, 17, 1, 1, 6),
(61, 15, 1, 1, 6),
(72, 14, 1, 1, 6),
(72, 15, 1, 1, 6),
(72, 17, 1, 1, 17),
(61, 17, 1, 1, 17),
(73, 2, 1, 1, 17),
(73, 14, 1, 1, 6),
(73, 15, 1, 1, 6),
(73, 17, 1, 1, 17),
(73, 18, 1, 1, 17),
(73, 21, 1, 1, 6),
(73, 23, 1, 1, 14),
(69, 2, 1, 1, 6),
(63, 21, 1, 1, 6),
(76, 18, 1, 1, 14),
(74, 14, 1, 1, 6),
(74, 15, 1, 1, 6),
(74, 17, 1, 1, 17),
(74, 18, 1, 1, 17),
(74, 24, 1, 1, 9),
(74, 21, 1, 1, 6),
(75, 2, 1, 1, 14),
(75, 14, 1, 1, 14),
(75, 15, 1, 1, 14),
(75, 17, 1, 1, 14),
(75, 18, 1, 1, 14),
(77, 14, 1, 1, 17),
(77, 15, 1, 1, 17),
(77, 17, 1, 1, 14),
(77, 18, 1, 1, 14),
(79, 14, 1, 1, 14),
(79, 15, 1, 1, 14),
(79, 17, 1, 1, 14),
(79, 18, 1, 1, 14),
(80, 14, 1, 1, 17),
(80, 15, 1, 1, 17),
(80, 18, 1, 1, 14),
(76, 21, 1, 1, 6);

INSERT INTO `Madeira_Item_Observacao` (`Cod_Madeira`, `Cod_Item`, `Num_Linha`, `Num_Obs`, `Desc_Obs`) VALUES
(1, 3, 1, 1, 'Fonte:'),
(1, 18, 1, 1, 'Programas de secagem podem se obtidos em'),
(1, 25, 1, 1, 'Resultados obtidos de acordo com a Norma ABNT MB26/53 (NBR 6230/85).\0'),
(1, 25, 1, 2, 'Fonte:'),
(1, 31, 1, 1, 'Resultados obtidos de acordo com a Norma ABNT MB26/53 (NBR 6230/85).\0'),
(1, 31, 1, 2, 'Fonte:'),
(1, 39, 1, 1, 'Resultados obtidos de acordo com a Norma ABNT MB26/53 (NBR 6230/85).\0'),
(1, 39, 1, 2, 'Fonte:'),
(1, 51, 1, 1, 'Resultados obtidos de acordo com a Norma ABNT MB26/53 (NBR 6230/85).\0'),
(1, 51, 1, 2, 'Fonte:'),
(2, 3, 1, 1, 'Fonte:\0'),
(2, 18, 1, 1, 'Programas de secagem podem ser obtidos em '),
(2, 25, 1, 1, 'Resultados obtidos de acordo com a Norma ABNT MB26/53 (NBR 6230/85).\0'),
(2, 25, 1, 2, 'Fonte:'),
(2, 31, 1, 1, 'Resultados obtidos de acordo com a Norma ABNT MB26/53 (NBR 6230/85).\0'),
(2, 31, 1, 2, 'Fonte:'),
(2, 39, 1, 1, 'Resultados obtidos de acordo com a Norma ABNT MB26/53 (NBR 6230/85).\0'),
(2, 39, 1, 2, 'Fonte:'),
(2, 51, 1, 1, 'Resultados obtidos de acordo com a Norma ABNT MB26/53 (NBR 6230/85).\0'),
(2, 51, 1, 2, 'Fonte:'),
(3, 3, 1, 1, 'Fonte:'),
(3, 18, 2, 1, 'Programas de secagem podem ser obtidos em '),
(3, 25, 1, 1, 'Resultados obtidos de acordo com a Norma COPANT.\0'),
(3, 25, 1, 2, 'Fonte:'),
(3, 25, 1, 3, '<BR>Observação: Informações para a espécie <EM>Couratari oblongifolia</EM> Ducke et R. Knuth.'),
(3, 25, 1, 4, 'Para comparar esses valores de contração (C<SUB>COPANT</SUB>) com aqueles obtidos pela Norma ABNT (C<SUB>ABNT</SUB>) é necessário transformá-los usando a equação: C<SUB>ABNT</SUB> = C<SUB>COPANT</SUB> / (1 - C<SUB>COPANT</SUB> / 100).<BR>'),
(3, 31, 1, 1, 'Resultados obtidos de acordo com a Norma COPANT.\0'),
(3, 31, 1, 2, 'Fonte:'),
(3, 31, 1, 3, 'Observação: informações para a espécie <I>Couratari oblongifolia</I> Ducke et R. Knuth.'),
(3, 47, 1, 1, 'Resultados obtidos de acordo com a Norma COPANT.\0'),
(3, 47, 1, 2, 'Fonte:'),
(3, 47, 1, 3, 'Observação: informações para a espécie <I>Couratari oblongifolia</I> Ducke et R. Knuth.'),
(3, 51, 1, 1, 'Resultados obtidos de acordo com a Norma COPANT.\0'),
(3, 51, 1, 2, 'Fonte:'),
(3, 51, 1, 3, 'Observação: informações para a espécie <I>Couratari oblongifolia</I> Ducke et R. Knuth.'),
(4, 3, 1, 1, 'Fonte:'),
(4, 18, 1, 1, 'Programas de secagem podem ser obtidos em '),
(4, 25, 1, 1, 'Resultados obtidos de acordo com a Norma ABNT MB26/53 (NBR 6230/85).\0'),
(4, 25, 1, 2, 'Fonte:'),
(4, 25, 1, 3, 'Observação: informações para a espécie <I>Manilkara longifolia</I> (A. DC.) Dub.\0'),
(4, 31, 1, 1, 'Resultados obtidos de acordo com a Norma ABNT MB26/53 (NBR 6230/85).\0'),
(4, 31, 1, 2, 'Fonte:'),
(4, 31, 1, 3, 'Observação: informações para a espécie <I>Manilkara longifolia</I> (A. DC.) Dub.\0'),
(4, 39, 1, 1, 'Resultados obtidos de acordo com a Norma ABNT MB26/53 (NBR 6230/85).\0'),
(4, 39, 1, 2, 'Fonte:'),
(4, 39, 1, 3, 'Observação: informações para a espécie <I>Manilkara longifolia</I> (A. DC.) Dub.\0'),
(4, 51, 1, 1, 'Resultados obtidos de acordo com a Norma ABNT MB26/53 (NBR 6230/85).\0'),
(4, 51, 1, 2, 'Fonte:'),
(4, 51, 1, 3, 'Observação: informações para a espécie <I>Manilkara longifolia</I> (A. DC.) Dub.\0'),
(5, 3, 1, 1, 'Fonte:'),
(5, 18, 1, 1, 'Programa de secagem é sugerido por'),
(5, 20, 1, 1, 'Fonte:'),
(5, 25, 1, 1, 'Resultados obtidos de acordo com a Norma COPANT.\0'),
(5, 25, 1, 2, 'Fonte:'),
(5, 25, 1, 3, '<FONT face=Verdana>Para comparar esses valores de contração (C<SUB>COPANT</SUB>) com aqueles obtidos pela Norma ABNT (C<SUB>ABNT</SUB>) é necessário<STRONG> </STRONG>transformá-los usando a equação: C<SUB>ABNT</SUB> = C<SUB>COPANT</SUB> / (1 - C<SUB>COPANT</SUB> / 100).</FONT>'),
(5, 31, 1, 1, 'Resultados obtidos de acordo com a Norma COPANT.\0'),
(5, 31, 1, 2, 'Fonte:'),
(5, 39, 1, 1, 'Resultados obtidos de acordo com a Norma COPANT.\0'),
(5, 39, 1, 2, 'Fonte:'),
(5, 51, 1, 1, 'Resultados obtidos de acordo com a Norma COPANT.\0'),
(5, 51, 1, 2, 'Fonte:'),
(6, 3, 1, 1, 'Fonte:'),
(6, 18, 1, 1, 'Programas de secagem podem ser obtidos em '),
(6, 25, 1, 1, 'Resultados foram obtidos de acordo com a Norma ABNT MB26/53 (NBR 6230/85).\0'),
(6, 25, 1, 2, 'Fonte:'),
(6, 25, 1, 3, 'Observação: informações para a espécie <I>Bowdichia nitida</I> Spruce.\0'),
(6, 31, 1, 1, 'Resultados foram obtidos de acordo com a Norma ABNT MB26/53 (NBR 6230/85).\0'),
(6, 31, 1, 2, 'Fonte:'),
(6, 31, 1, 3, 'Observação: informações para a espécie <I>Bowdichia nitida</I> Spruce.\0'),
(6, 47, 1, 1, 'Resultados obtidos de acordo com a Norma COPANT.\0'),
(6, 47, 1, 2, 'Fonte:'),
(6, 47, 1, 3, 'Observação: informações para a espécie <I>Bowdichia nitida</I> Spruce.\0'),
(6, 51, 1, 1, 'Resultados foram obtidos de acordo com a Norma ABNT MB26/53 (NBR 6230/85).\0'),
(6, 51, 1, 2, 'Fonte:'),
(6, 51, 1, 3, 'Observação: informações para a espécie <I>Bowdichia nitida</I> Spruce.\0'),
(7, 25, 1, 1, 'Resultados obtidos de acordo com a Norma ABNT MB26/53 (NBR 6230/85).\0'),
(7, 25, 1, 2, 'Fonte:'),
(7, 31, 1, 1, 'Resultados obtidos de acordo com a Norma ABNT MB26/53 (NBR 6230/85).\0'),
(7, 31, 1, 2, 'Fonte:'),
(7, 39, 1, 1, 'Resultados obtidos de acordo com a Norma ABNT MB26/53 (NBR 6230/85).\0'),
(7, 39, 1, 2, 'Fonte:'),
(7, 51, 1, 1, 'Resultados obtidos de acordo com a Norma ABNT MB26/53 (NBR 6230/85).\0'),
(7, 51, 1, 2, 'Fonte:'),
(8, 3, 1, 1, 'Fonte:'),
(8, 3, 1, 2, 'Observação: informações para a espécie <I>Hymenolobium petraeum</I> Ducke.'),
(8, 15, 1, 1, 'Observação: informações para a espécie <I>Hymenolobium petraeum</I> Ducke.'),
(8, 18, 2, 1, 'Programas de secagem podem ser obtidos em\0'),
(8, 18, 2, 2, 'Observação: informações para a espécie <I>Hymenolobium petraeum</I> Ducke.'),
(8, 25, 1, 1, 'Resultados obtidos de acordo com a Norma COPANT.\0'),
(8, 25, 1, 2, 'Fonte:'),
(8, 25, 1, 3, 'Observação: informações para a espécie <I>Hymenolobium petraeum</I> Ducke.'),
(8, 25, 1, 4, '<FONT face=Verdana>Para comparar esses valores de contração (C<SUB>COPANT</SUB>) com aqueles obtidos pela Norma ABNT (C<SUB>ABNT</SUB>) é necessário transformá-los usando a equação: C<SUB>ABNT</SUB> = C<SUB>COPANT</SUB> / (1 - C<SUB>COPANT</SUB> / 100).</FONT>'),
(8, 31, 1, 1, 'Resultados obtidos de acordo com a Norma COPANT.'),
(8, 31, 1, 2, 'Fonte:'),
(8, 31, 1, 3, 'Observação: Informações para a espécie <EM>Hymenolobium petraeum</EM> Ducke.'),
(8, 47, 1, 1, 'Resultados obtidos de acordo com a Norma COPANT.\0'),
(8, 47, 1, 2, 'Fonte: '),
(8, 47, 1, 3, 'Observação: informações para a espécie <I>Hymenolobium petraeum</I> Ducke.'),
(8, 82, 1, 1, '<FONT face=Verdana>Resultados obtidos de acordo com a Norma ABNT MB26/53 (NBR 6230/85).&nbsp;<BR>Fonte:</FONT>'),
(8, 82, 1, 2, '<FONT face=Verdana>Observação: Informações para a espécie <EM>Hymenolobium petraeum</EM> Ducke.</FONT>'),
(8, 56, 1, 1, 'Resultados obtidos de acordo com a Norma COPANT.'),
(8, 56, 1, 2, 'Fonte:'),
(8, 56, 1, 3, 'Observação: Informações para a espécie <EM>Hymenolobium petraeum</EM> Ducke.'),
(8, 57, 1, 1, 'Resultados obtidos de acordo com a Norma ABNT MB26/53 (NBR 6230/85).'),
(8, 57, 1, 2, 'Fonte:'),
(8, 57, 1, 3, 'Observação: Informações para a espécie <EM>Hymenolobium petraeum</EM> Ducke.'),
(9, 3, 1, 1, 'Fonte:'),
(9, 18, 1, 1, 'Programa de secagem é sugerido por&nbsp;'),
(9, 25, 1, 1, 'Resultados obtidos de acordo com a Norma ABNT MB26/53 (NBR 6230/85).\0'),
(9, 25, 1, 2, 'Fonte:'),
(9, 31, 1, 1, 'Os resultados foram obtidos de acordo com a Norma Brasileira ABNT MB26/53 (NBR 6230/85) na Fonte.'),
(9, 31, 1, 2, 'Os resultados foram obtidos de acordo com a Norma COPANT na Fonte.'),
(9, 39, 1, 1, 'Resultados obtidos de acordo com a Norma ABNT MB26/53 (NBR 6230/85).\0'),
(9, 39, 1, 2, 'Fonte:'),
(9, 51, 1, 1, 'Resultados obtidos de acordo com a Norma ABNT MB26/53 (NBR 6230/85).\0'),
(9, 51, 1, 2, 'Fonte:'),
(10, 3, 1, 1, 'Fonte: '),
(10, 18, 1, 1, 'Programa de secagem pode ser obtido em \0'),
(10, 25, 1, 1, 'Resultados obtidos de acordo com a Norma ABNT MB26/53 (NBR 6230/85).\0'),
(10, 25, 1, 2, 'Fonte:&nbsp;'),
(10, 31, 1, 1, 'Resultados foram obtidos de acordo com a Norma ABNT MB26/53 (NBR 6230/85).\0'),
(10, 31, 1, 2, 'Fonte:'),
(10, 39, 1, 1, 'Resultados obtidos de acordo com a Norma ABNT MB26/53 (NBR 6230/85).\0'),
(10, 39, 1, 2, 'Fonte:'),
(10, 51, 1, 1, 'Resultados obtidos de acordo com a Norma ABNT MB26/53 (NBR 6230/85).\0'),
(10, 51, 1, 2, 'Fonte:'),
(11, 3, 1, 1, 'Fonte: '),
(11, 25, 1, 1, 'Resultados obtidos de acordo com a Norma ABNT MB26/53 (NBR 6230/85).\0'),
(11, 25, 1, 2, 'Fonte:&nbsp;'),
(11, 31, 1, 1, 'Resultados foram obtidos de acordo com a Norma ABNT MB26/53 (NBR 6230/85).\0'),
(11, 31, 1, 2, 'Fonte:'),
(11, 39, 1, 1, 'Resultados obtidos de acordo com a Norma ABNT MB26/53 (NBR 6230/85).\0'),
(11, 39, 1, 2, 'Fonte:'),
(11, 51, 1, 1, 'Resultados obtidos de acordo com a Norma ABNT MB26/53 (NBR 6230/85).\0'),
(11, 51, 1, 2, 'Fonte:&nbsp;'),
(12, 3, 1, 1, 'Fonte:\0'),
(12, 25, 1, 1, 'Resultados foram obtidos de acordo com a Norma ABNT MB26/53 (NBR 6230/85).\0'),
(12, 25, 1, 2, 'Fonte:'),
(12, 31, 1, 1, 'Resultados foram obtidos de acordo com a Norma ABNT MB26/53 (NBR 6230/85).\0'),
(12, 31, 1, 2, 'Fonte:'),
(12, 39, 1, 1, 'Resultados foram obtidos de acordo com a Norma ABNT MB26/53 (NBR 6230/85).\0'),
(12, 39, 1, 2, 'Fonte:'),
(12, 51, 1, 1, 'Resultados foram obtidos de acordo com a Norma ABNT MB26/53 (NBR 6230/85).\0'),
(12, 51, 1, 2, 'Fonte:'),
(13, 3, 1, 1, 'Fonte:\0'),
(13, 18, 1, 1, 'Programa de secagem pode ser obtido em '),
(13, 25, 1, 1, 'Resultados foram obtidos de acordo com a Norma ABNT MB26/53 (NBR 6230/85).\0'),
(13, 25, 1, 2, 'Fonte:'),
(13, 31, 1, 1, 'Resultados foram obtidos de acordo com a Norma ABNT MB26/53 (NBR 6230/85).\0'),
(13, 31, 1, 2, 'Fonte:'),
(13, 39, 1, 1, 'Resultados foram obtidos de acordo com a Norma ABNT MB26/53 (NBR 6230/85).\0'),
(13, 39, 1, 2, 'Fonte:'),
(13, 51, 1, 1, 'Resultado obtido de acordo com a Norma ABNT MB26/53 (NBR 6230/85).\0'),
(13, 51, 1, 2, 'Fonte:'),
(14, 3, 1, 1, 'Fonte:'),
(14, 18, 2, 1, 'Programas de secagem podem ser obtidos'),
(14, 25, 1, 1, 'Resultados foram obtidos de acordo com a Norma ABNT MB26/53 (NBR 6230/85).\0'),
(14, 25, 1, 2, 'Fonte:'),
(14, 25, 1, 3, 'Observação: informações para a espécie <I>Hymenaea stilbocarpa</I> Hayne.'),
(14, 31, 1, 1, 'Resultados foram obtidos de acordo com a Norma ABNT MB26/53 (NBR 6230/85).\0'),
(14, 31, 1, 2, 'Fonte:'),
(14, 31, 1, 3, 'Observação: informações para a espécie <I>Hymenaea stilbocarpa</I> Hayne.'),
(14, 39, 1, 1, 'Resultados foram obtidos de acordo com a Norma ABNT MB26/53 (NBR 6230/85).\0'),
(14, 39, 1, 2, 'Fonte:'),
(14, 39, 1, 3, 'Observação: informações para a espécie <I>Hymenaea stilbocarpa</I> Hayne.'),
(14, 51, 1, 1, 'Resultados foram obtidos de acordo com a Norma ABNT MB26/53 (NBR 6230/85).\0'),
(14, 51, 1, 2, 'Fonte:'),
(14, 51, 1, 3, 'Observação: informações para a espécie <I>Hymenaea stilbocarpa</I> Hayne.'),
(15, 3, 1, 1, 'Fonte:'),
(15, 18, 1, 1, 'Programa de secagem pode ser obtido em '),
(15, 25, 1, 1, 'Resultados obtidos de acordo com a Norma ABNT MB26/53 (NBR 6230/85).\0'),
(15, 25, 1, 2, 'Fonte:'),
(15, 31, 1, 1, 'Resultados obtidos de acordo com a Norma ABNT MB26/53 (NBR 6230/85).\0'),
(15, 31, 1, 2, 'Fonte:'),
(15, 39, 1, 1, 'Resultados obtidos de acordo com a Norma ABNT MB26/53 (NBR 6230/85).\0'),
(15, 39, 1, 2, 'Fonte:'),
(15, 51, 1, 1, 'Resultados obtidos de acordo com a Norma ABNT MB26/53 (NBR 6230/85).\0'),
(15, 51, 1, 2, 'Fonte:'),
(16, 3, 1, 1, 'Fonte:'),
(16, 25, 1, 1, 'Resultados obtidos de acordo com a Norma ABNT MB26/53 (NBR 6230/85).\0'),
(16, 25, 1, 2, 'Fonte:'),
(16, 31, 1, 1, 'Resultados obtidos de acordo com as Normas COPANT.\0'),
(16, 31, 1, 2, 'Fonte:'),
(16, 39, 1, 1, 'Resultados obtidos de acordo com as Normas COPANT.\0'),
(16, 39, 1, 2, 'Fonte:'),
(16, 51, 1, 1, 'Resultados obtidos de acordo com as Normas COPANT.\0'),
(16, 51, 1, 2, 'Fonte:'),
(16, 82, 1, 1, '<FONT face=Verdana>Resultados obtidos de acordo com a Norma Francesa NFB 51 - AFNOR, similar à norma Brasileira ABNT MB26/53 (NBR 6230/85).<BR>Fonte:</FONT>'),
(17, 3, 1, 1, 'Fonte:'),
(17, 18, 1, 1, 'Programas de secagem podem ser obtidos em'),
(17, 25, 1, 1, 'Resultados obtidos de acordo com a Norma COPANT.'),
(17, 25, 1, 2, 'Fonte:'),
(17, 25, 1, 3, 'Observação: informações para a espécie <I>Vochysia maxima</I> Ducke.'),
(17, 25, 1, 4, 'Para comparar esses valores de contração (C<SUB>COPANT</SUB>) com aqueles obtidos pela Norma ABNT (C<SUB>ABNT</SUB>) é necessário transformá-los usando a equação: C<SUB>ABNT</SUB> = C<SUB>COPANT</SUB> / (1 - C<SUB>COPANT</SUB> / 100).'),
(17, 31, 1, 1, 'Resultados obtidos de acordo com a Norma COPANT.\0'),
(17, 31, 1, 2, 'Fonte:'),
(17, 31, 1, 3, 'Observação: informações para a espécie <I>Vochysia maxima </I> Ducke.\0'),
(17, 47, 1, 1, 'Resultados obtidos de acordo com a Norma COPANT.\0'),
(17, 47, 1, 2, 'Fonte: '),
(17, 47, 1, 3, 'Observação: informações para a espécie <I>Vochysia maxima</I> Ducke.\0'),
(17, 51, 1, 1, 'Resultados obtidos de acordo com a Norma COPANT.\0'),
(17, 51, 1, 2, 'Fonte: '),
(17, 51, 1, 3, 'Observação: informações para a espécie <EM>Vochysia maxima</EM> Ducke.'),
(18, 11, 1, 1, 'Fonte :'),
(18, 18, 1, 1, 'Programa de secagem pode ser obtido em'),
(18, 28, 1, 1, 'Resultados obtidos de acordo com a Norma ABNT MB26/53 (NBR 6230/85).'),
(18, 28, 1, 2, 'Fonte:'),
(18, 37, 1, 1, 'Resultados obtidos de acordo com a Norma ABNT MB26/53 (NBR 6230/85).'),
(18, 37, 1, 2, 'Fonte:'),
(18, 46, 1, 1, 'Resultados obtidos de acordo com a Norma ABNT MB26/53 (NBR 6230/85).'),
(18, 46, 1, 2, 'Fonte:'),
(18, 57, 1, 1, 'Resultados obtidos de acordo com a Norma ABNT MB26/53 (NBR 6230/85).'),
(18, 57, 1, 2, 'Fonte:'),
(19, 3, 1, 1, 'Fonte:'),
(19, 25, 1, 1, 'Resultados foram obtidos de acordo com a Norma ABNT MB26/53 (NBR 6230/85).'),
(19, 25, 1, 2, 'Fonte:'),
(19, 25, 1, 3, 'Observação: informações para a espécie <EM>Euplassa Cantareirae Sleumer.</EM>'),
(19, 31, 1, 1, 'Resultados foram obtidos de acordo com a Norma ABNT MB26/53 (NBR 6230/85).'),
(19, 31, 1, 2, 'Fonte:'),
(19, 31, 1, 3, 'Observação: informações para a espécie <EM>Euplassa cantareirae Sleumer</EM>.'),
(19, 39, 1, 1, 'Resultados foram obtidos de acordo com a Norma ABNT MB26/53 (NBR 6230/85).<BR>'),
(19, 39, 1, 2, 'Fonte:'),
(19, 39, 1, 3, 'Observação: informações para a espécie <EM>Euplassa cantareirae Sleumer.</EM>'),
(19, 51, 1, 1, 'Resultados foram obtidos de acordo com a Norma ABNT MB26/53.'),
(19, 51, 1, 2, 'Fonte:'),
(19, 51, 1, 3, 'Observação: informações para a espécie <EM>Euplassa cantareirae Sleumer.</EM>'),
(20, 3, 1, 1, 'Fonte :'),
(20, 28, 1, 1, 'Resultados obtidos de acordo com a Norma ABNT MB26/53 (NBR 6230/85).'),
(20, 28, 1, 2, 'Fonte:'),
(20, 37, 1, 1, 'Resultados obtidos de acordo com a Norma ABNT MB26/53 (NBR 6230/85).'),
(20, 37, 1, 2, 'Fonte:'),
(20, 39, 1, 1, 'Resultados obtidos de acordo com a Norma ABNT MB26/53 (NBR 6230/85).'),
(20, 39, 1, 2, 'Fonte:'),
(20, 51, 1, 1, 'Resultados obtidos de acordo com a Norma ABNT MB26/53 (NBR 6230/85).'),
(20, 51, 1, 2, 'Fonte:'),
(21, 3, 1, 1, 'Fonte:'),
(21, 18, 1, 1, 'Programa de secagem pode ser obtido em '),
(21, 25, 1, 1, 'Resultados obtidos de acordo com a Norma COPANT'),
(21, 25, 1, 2, 'Fonte:'),
(21, 25, 1, 3, 'Para comparar esses valores de contração (C<SUB>COPANT</SUB>) com aqueles obtidos pela Norma ABNT (C<SUB>ABNT</SUB>) é necessário transformá-los usando a equação: C<SUB>ABNT</SUB> = C<SUB>COPANT</SUB> / (1 - C<SUB>COPANT</SUB> / 100). <BR>'),
(21, 31, 1, 1, 'Resultados obtidos de acordo com a Norma COPANT'),
(21, 31, 1, 2, 'Fonte:'),
(21, 47, 1, 1, 'Resultados obtidos de acordo com a Norma COPANT'),
(21, 47, 1, 2, 'Fonte:'),
(21, 51, 1, 1, 'Resultados obtidos de acordo com a Norma COPANT'),
(21, 51, 1, 2, 'Fonte:'),
(22, 2, 1, 1, 'Fonte:'),
(22, 3, 1, 1, 'Fonte:'),
(22, 25, 1, 1, 'Resultados obtidos de acordo com a Norma ABNT MB26/53 (NBR 6230/85)'),
(22, 25, 1, 2, 'Fonte:'),
(22, 31, 1, 1, 'Resultados obtidos de acordo com a Norma ABNT MB26/53 (NBR 6230/85)'),
(22, 31, 1, 2, 'Fonte:'),
(22, 39, 1, 1, 'Resultados obtidos de acordo com a Norma ABNT MB26/53 (NBR 6230/85)'),
(22, 39, 1, 2, 'Fonte:'),
(22, 51, 1, 1, 'Resultados obtidos de acordo com a Norma ABNT MB26/53 (NBR 6230/85).'),
(22, 51, 1, 2, 'Fonte:'),
(23, 3, 1, 1, 'Fonte:'),
(23, 18, 2, 1, 'Programas de secagem podem ser obtidos em'),
(23, 25, 1, 1, 'Resultados obtidos de acordo com a Norma ABNT MB26/53 (NBR 6230/85).'),
(23, 25, 1, 2, 'Fonte:'),
(23, 31, 1, 1, 'Resultados obtidos de acordo com a Norma ABNT MB26/53 (NBR 6230/85).'),
(23, 31, 1, 2, 'Fonte:'),
(23, 39, 1, 1, 'Resultados obtidos de acordo com a Norma ABNT MB26/53 (NBR 6230/85).'),
(23, 39, 1, 2, 'Fonte:'),
(23, 82, 1, 1, '<FONT face=Verdana>Resultados obtidos de acordo com a Norma ABNT MB26/53 (NBR 6230/85).<BR>Fonte:</FONT>'),
(23, 57, 1, 1, 'Resultados obtidos de acordo com a Norma ABNT MB26/53 (NBR 6230/85).'),
(23, 57, 1, 2, 'Fonte:'),
(23, 62, 1, 1, 'Resultados obtidos de acordo com a Norma COPANT.'),
(23, 62, 1, 2, 'Fonte:'),
(24, 7, 1, 1, 'Fonte:'),
(24, 18, 1, 1, 'Programas de secagem podem ser obtidos em'),
(24, 25, 1, 1, 'Resultados obtidos de acordo com a Norma ABNT MB26/53 (NBR 6230/85).'),
(24, 25, 1, 2, 'Fonte:'),
(24, 31, 1, 1, 'Resultados obtidos de acordo com a Norma ABNT MB26/53 (NBR 6230/85).'),
(24, 31, 1, 2, 'Fonte:'),
(24, 39, 1, 1, 'Resultados obtidos de acordo com a Norma ABNT MB26/53 (NBR 6230/85).'),
(24, 39, 1, 2, 'Fonte:'),
(24, 51, 1, 1, 'Resultados obtidos de acordo com a Norma ABNT MB26/53 (NBR 6230/85).'),
(24, 51, 1, 2, 'Fonte:'),
(25, 3, 1, 1, 'Fonte:'),
(25, 25, 1, 1, 'Resultados obtidos de acordo com a Norma ABNT MB26/53 (NBR 6230/85).'),
(25, 25, 1, 2, 'Fonte:'),
(25, 37, 1, 1, 'Resultados obtidos de acordo com a Norma ABNT MB26/53 (NBR 6230/85).'),
(25, 37, 1, 2, 'Fonte:'),
(25, 39, 1, 1, 'Resultados obtidos de acordo com a Norma ABNT MB26/53 (NBR 6230/85).'),
(25, 39, 1, 2, 'Fonte:'),
(25, 57, 1, 1, 'Resultados obtidos de acordo com a Norma ABNT MB26/53 (NBR 6230/85).'),
(25, 57, 1, 2, 'Fonte:'),
(26, 7, 1, 1, 'Fonte:'),
(26, 18, 1, 1, 'Programas de secagem podem ser obtidos em'),
(26, 25, 1, 1, 'Resultados obtidos de acordo com a Norma ABNT MB26/53 (NBR 6230/85).'),
(26, 25, 1, 2, 'Fonte:'),
(26, 31, 1, 1, '<FONT face=Verdana>Resultados obtidos de acordo com a Norma ABNT MB26/53 (NBR 6230/85).</FONT>'),
(26, 31, 1, 2, 'Fonte:'),
(26, 39, 1, 1, 'Resultados obtidos de acordo com a Norma ABNT MB26/53 (NBR 6230/85).'),
(26, 39, 1, 2, 'Fonte:'),
(26, 51, 1, 1, 'Resultados obtidos de acordo com a Norma ABNT MB26/53 (NBR 6230/85).'),
(26, 51, 1, 2, 'Fonte:'),
(27, 3, 1, 1, 'Fonte:'),
(27, 18, 1, 1, 'Programas de secagem podem ser obtidos em'),
(27, 25, 1, 1, 'Resultados obtidos de acordo com a Norma ABNT MB26/53 (NBR 6230/85)'),
(27, 25, 1, 2, 'Fonte:'),
(27, 31, 1, 1, 'Resultados obtidos de acordo com a Norma ABNT MB26/53 (NBR 6230/85)'),
(27, 31, 1, 2, 'Fonte:'),
(27, 39, 1, 1, 'Resultados obtidos de acordo com a Norma ABNT MB26/53 (NBR 6230/85)'),
(27, 39, 1, 2, 'Fonte:'),
(27, 51, 1, 1, 'Resultados obtidos de acordo com a Norma ABNT MB26/53 (NBR 6230/85)'),
(27, 51, 1, 2, 'Fonte:'),
(28, 3, 1, 1, 'Fonte:'),
(28, 25, 1, 1, 'Resultados obtidos de acordo com a Norma ABNT MB26/53 (NBR 6230/85).'),
(28, 25, 1, 2, 'Fonte:'),
(28, 31, 1, 1, 'Resultados obtidos de acordo com a Norma ABNT MB26/53 (NBR 6230/85).'),
(28, 31, 1, 2, 'Fonte:'),
(28, 39, 1, 1, 'Resultados obtidos de acordo com a Norma ABNT MB26/53 (NBR 6230/85).'),
(28, 39, 1, 2, 'Fonte:'),
(28, 57, 1, 1, 'Resultados obtidos de acordo com a Norma ABNT MB26/53 (NBR 6230/85).'),
(28, 57, 1, 2, 'Fonte:'),
(29, 3, 1, 1, 'Fonte:'),
(29, 18, 1, 1, 'Programas de secagem são sugeridos por'),
(29, 28, 1, 1, 'Resultados obtidos de acordo com a Norma ABNT MB26/53 (NBR 6230/85)'),
(29, 28, 1, 2, 'Fonte:'),
(29, 31, 1, 1, 'Resultados foram obtidos de acordo com a Norma ABNT MB26/53 (NBR 6230/85).'),
(29, 31, 1, 2, 'Fonte:'),
(29, 39, 1, 1, 'Resultados obtidos de acordo com a Norma ABNT MB26/53 (NBR 6230/85).'),
(29, 39, 1, 2, 'Fonte:'),
(29, 51, 1, 1, 'Resultados obtidos de acordo com a Norma ABNT MB26/53 (NBR 6230/85).'),
(29, 51, 1, 2, 'Fonte:'),
(30, 3, 1, 1, 'Fonte:'),
(30, 18, 1, 1, 'Programa de secagem é sugerido por'),
(30, 20, 1, 1, 'Fonte:'),
(30, 25, 1, 1, 'Resultados obtidos de acordo com a Norma COPANT.'),
(30, 25, 1, 2, 'Fonte:'),
(30, 25, 1, 3, '<FONT face=Verdana>Para comparar esses valores de contração (C<SUB>COPANT</SUB>) com aqueles obtidos pela Norma ABNT (C<SUB>ABNT</SUB>) é necessário<STRONG> </STRONG>transformá-los usando a equação: C<SUB>ABNT</SUB> = C<SUB>COPANT</SUB> / (1 - C<SUB>COPANT</SUB> / 100).</FONT>'),
(30, 31, 1, 1, 'Resultados obtidos de acordo com a Norma COPANT.'),
(30, 31, 1, 2, 'Fonte:'),
(30, 48, 1, 1, '<FONT face=Verdana>Resultados obtidos de acordo com a Norma COPANT.</FONT>'),
(30, 48, 1, 2, 'Fonte:'),
(30, 51, 1, 1, 'Resultados obtidos de acordo com a Norma COPANT.'),
(30, 51, 1, 2, 'Fonte:'),
(31, 3, 1, 1, 'Fonte:'),
(31, 18, 1, 1, 'Programa de secagem é sugerido por'),
(31, 25, 1, 1, 'Resultados obtidos de acordo com a Norma ABNT MB26/53 (NBR 6230/85).'),
(31, 25, 1, 2, 'Fonte:'),
(31, 25, 1, 3, 'Observação: Informações para a espécie <EM>Copaifera multijuga</EM> Hayne.'),
(31, 31, 1, 1, 'Resultados obtidos de acordo com a Norma ABNT MB26/53 (NBR 6230/85).'),
(31, 31, 1, 2, 'Fonte:'),
(31, 31, 1, 3, 'Observação: Informações para a espécie <EM>Copaifera multijuga</EM> Hayne.'),
(31, 39, 1, 1, 'Resultados obtidos de acordo com a Norma ABNT MB26/53 (NBR 6230/85).'),
(31, 39, 1, 2, 'Fonte:'),
(31, 39, 1, 3, 'Observação: Informações para a espécie<EM> Copaifera multijuga</EM> Hayne.'),
(31, 51, 1, 1, 'Resultados obtidos de acordo com a Norma ABNT MB26/53 (NBR 6230/85).'),
(31, 51, 1, 2, 'Fonte:'),
(31, 51, 1, 3, 'Observação: Informações para a espécie <EM>Copaifera multijuga</EM> Hayne.'),
(32, 3, 1, 1, 'Fonte:'),
(32, 20, 1, 1, 'Fonte:'),
(32, 28, 1, 1, 'Resultados obtidos de acordo com a Norma COPANT.'),
(32, 28, 1, 2, 'Fonte:'),
(32, 28, 1, 3, '<FONT face=Verdana>Para comparar esses valores de contração (C<SUB>COPANT</SUB>) com aqueles obtidos pela Norma ABNT (C<SUB>ABNT</SUB>) é necessário<STRONG> </STRONG>transformá-los usando a equação: C<SUB>ABNT</SUB> = C<SUB>COPANT</SUB> / (1 - C<SUB>COPANT</SUB> / 100).&nbsp;</FONT>'),
(32, 31, 1, 1, 'Resultados obtidos de acordo com a Norma COPANT.'),
(32, 31, 1, 2, 'Fonte:'),
(32, 48, 1, 1, 'Resultados obtidos de acordo com a Norma COPANT.'),
(32, 48, 1, 2, 'Fonte:'),
(32, 51, 1, 1, 'Resultados obtidos de acordo com a Norma COPANT.'),
(32, 51, 1, 2, 'Fonte:'),
(33, 7, 1, 1, 'Fonte:'),
(33, 18, 2, 1, 'Programa de secagem pode se obtido em'),
(33, 25, 1, 1, 'Resultados foram obtidos de acordo com a Norma ABNT MB26/53 (NBR 6230/85).'),
(33, 25, 1, 2, 'Fonte:'),
(33, 31, 1, 1, 'Resultados foram obtidos de acordo com a Norma ABNT MB26/53 (NBR 6230/85).'),
(33, 31, 1, 2, 'Fonte:'),
(33, 39, 1, 1, 'Resultados foram obtidos de acordo com a Norma ABNT MB26/53 (NBR 6230/85).'),
(33, 39, 1, 2, 'Fonte:'),
(33, 51, 1, 1, 'Resultados foram obtidos de acordo com a Norma ABNT MB26/53 (NBR 6230/85).'),
(33, 51, 1, 2, 'Fonte:'),
(34, 3, 1, 1, 'Fonte:'),
(34, 18, 2, 1, 'Programas de secagem são sugeridos por'),
(34, 25, 1, 1, 'Resultados obtidos de acordo com a Norma ABNT MB26/53 (NBR 6230/85)'),
(34, 25, 1, 2, 'Fonte:'),
(34, 31, 1, 1, 'Resultados foram obtidos de acordo com a Norma ABNT MB26/53 (NBR 6230/85).'),
(34, 31, 1, 2, 'Fonte:'),
(34, 39, 1, 1, 'Resultados obtidos de acordo com a Norma ABNT MB26/53 (NBR 6230/85).'),
(34, 39, 1, 2, 'Fonte:'),
(34, 51, 1, 1, 'Resultados obtidos de acordo com a Norma ABNT MB26/53 (NBR 6230/85).'),
(34, 51, 1, 2, 'Fonte:'),
(35, 3, 1, 1, 'Fonte:'),
(35, 18, 1, 1, 'Programa de secagem pode ser obtido em'),
(35, 25, 1, 1, 'Resultados obtidos de acordo com a Norma ABNT MB26/53 (NBR 6230/85).'),
(35, 25, 1, 2, 'Fonte:'),
(35, 31, 1, 1, 'Resultados obtidos de acordo com a Norma ABNT MB26/53 (NBR 6230/85).'),
(35, 31, 1, 2, 'Fonte:'),
(35, 39, 1, 1, 'Resultados obtidos de acordo com a Norma ABNT MB26/53 (NBR 6230/85).'),
(35, 39, 1, 2, 'Fonte:'),
(35, 51, 1, 1, 'Resultados obtidos de acordo com a Norma ABNT MB26/53 (NBR 6230/85).'),
(35, 51, 1, 2, 'Fonte:'),
(36, 3, 1, 1, 'Fonte:'),
(36, 18, 1, 1, 'Programas de secagem podem ser obtidos em'),
(36, 20, 1, 1, 'Fonte:'),
(36, 25, 1, 1, 'Resultados obtidos de acordo com a Norma COPANT.'),
(36, 25, 1, 2, 'Fonte:'),
(36, 25, 1, 3, '<FONT face=Verdana>Para comparar esses valores de contração (C<SUB>COPANT</SUB>) com aqueles obtidos pela Norma ABNT (C<SUB>ABNT</SUB>) é necessário<STRONG> </STRONG>transformá-los usando a equação: C<SUB>ABNT</SUB> = C<SUB>COPANT</SUB> / (1 - C<SUB>COPANT</SUB> / 100).&nbsp;</FONT>'),
(36, 31, 1, 1, 'Resultados obtidos de acordo com a Norma COPANT.'),
(36, 31, 1, 2, 'Fonte:'),
(36, 48, 1, 1, 'Resultados obtidos de acordo com a Norma COPANT.'),
(36, 48, 1, 2, 'Fonte:'),
(36, 51, 1, 1, 'Resultados obtidos de acordo com a Norma COPANT.'),
(36, 51, 1, 2, 'Fonte:'),
(37, 3, 1, 1, 'Fonte:'),
(37, 18, 1, 1, 'Programa de secagem pode ser obtido em'),
(37, 25, 1, 1, 'Resultados foram obtidos de acordo com a Norma ABNT MB26/53 (NBR 6230/85).'),
(37, 25, 1, 2, 'Fonte:'),
(37, 31, 1, 1, 'Resultados foram obtidos de acordo com a Norma ABNT MB26/53 (NBR 6230/85).'),
(37, 31, 1, 2, 'Fonte:'),
(37, 39, 1, 1, 'Resultados foram obtidos de acordo com a Norma ABNT MB26/53 (NBR 6230/85).'),
(37, 39, 1, 2, 'Fonte:'),
(37, 51, 1, 1, 'Resultados foram obtidos de acordo com a Norma ABNT MB26/53 (NBR 6230/85).'),
(37, 51, 1, 2, 'Fonte:'),
(38, 3, 1, 1, 'Fonte:'),
(38, 3, 1, 2, 'Observação: Informações para a espécie <EM>Tabebuia ochraceae</EM> (Cham.) Rizz.'),
(38, 18, 1, 1, 'Programa de secagem pode ser obtido em'),
(38, 25, 1, 1, 'Resultados foram obtidos de acordo com a Norma ABNT MB26/53 (NBR 6230/85).'),
(38, 25, 1, 2, 'Observação: Informações para a espécie <EM>Tabebuia ochraceae</EM> (Cham.) Rizz.'),
(38, 25, 1, 3, 'Fonte:'),
(38, 31, 1, 1, 'Resultados foram obtidos de acordo com a Norma ABNT MB26/53 (NBR 6230/85).<BR>Observação: Informações para a espécie <EM>Tabebuia ochraceae</EM> (Cham.) Rizz.<BR>'),
(38, 31, 1, 2, 'Fonte:'),
(38, 39, 1, 1, 'Resultados foram obtidos de acordo com a Norma ABNT MB26/53 (NBR 6230/85).<BR>Observação: Informações para a espécie <EM>Tabebuia ochraceae</EM> (Cham.) Rizz.'),
(38, 39, 1, 2, 'Fonte:'),
(38, 51, 1, 1, 'Resultados foram obtidos de acordo com a Norma ABNT MB26/53 (NBR 6230/85).<BR>Observação: Informações para a espécie <EM>Tabebuia ochraceae</EM> (Cham.) Rizz.'),
(38, 51, 1, 2, 'Fonte:'),
(39, 3, 1, 1, 'Fonte:'),
(39, 25, 1, 1, 'Resultados foram obtidos de acordo com a Norma ABNT MB26/53 (NBR 6230/85).'),
(39, 25, 1, 2, 'Fonte:'),
(39, 31, 1, 1, 'Resultados foram obtidos de acordo com a Norma ABNT MB26/53 (NBR 6230/85).'),
(39, 31, 1, 2, 'Fonte:'),
(39, 39, 1, 1, 'Resultados foram obtidos de acordo com a Norma ABNT MB26/53 (NBR 6230/85).'),
(39, 39, 1, 2, 'Fonte:'),
(39, 51, 1, 1, 'Resultados foram obtidos de acordo com a Norma ABNT MB26/53 (NBR 6230/85).'),
(39, 51, 1, 2, 'Fonte:'),
(40, 3, 1, 1, 'Fonte:'),
(40, 18, 2, 1, 'Programa de secagem podem ser obtidos em'),
(40, 25, 1, 1, 'Resultados obtidos de acordo com a Norma ABNT MB26/53 (NBR 6230/85).'),
(40, 25, 1, 2, 'Fonte:'),
(40, 31, 1, 1, 'Resultados obtidos de acordo com a Norma ABNT MB26/53 (NBR 6230/85).'),
(40, 31, 1, 2, 'Fonte:'),
(40, 39, 1, 1, 'Resultados obtidos de acordo com a Norma ABNT MB26/53 (NBR 6230/85).'),
(40, 39, 1, 2, 'Fonte:'),
(40, 51, 1, 1, 'Resultados obtidos de acordo com a Norma ABNT MB26/53 (NBR 6230/85).'),
(40, 51, 1, 2, 'Fonte:'),
(41, 3, 1, 1, 'Fonte:'),
(41, 18, 1, 1, 'Programas de secagem podem ser obtidos em'),
(41, 25, 1, 1, 'Resultados foram obtidos de acordo com a Norma ABNT MB26/53 (NBR 6230/85).'),
(41, 25, 1, 2, 'Fonte:'),
(41, 31, 1, 1, 'Resultados foram obtidos de acordo com a Norma ABNT MB26/53 (NBR 6230/85).'),
(41, 31, 1, 2, 'Fonte:'),
(41, 39, 1, 1, 'Resultados foram obtidos de acordo com a Norma ABNT MB26/53 (NBR 6230/85).'),
(41, 39, 1, 2, 'Fonte:'),
(41, 51, 1, 1, 'Resultados foram obtidos de acordo com a Norma ABNT MB26/53 (NBR 6230/85).'),
(41, 51, 1, 2, 'Fonte:'),
(42, 3, 1, 1, 'Fonte:'),
(42, 25, 1, 1, 'Resultados foram obtidos de acordo com a Norma ABNT MB26/53 (NBR 6230/85).'),
(42, 25, 1, 2, 'Fonte:'),
(42, 31, 1, 1, 'Resultados foram obtidos de acordo com a Norma ABNT MB26/53 (NBR 6230/85).'),
(42, 31, 1, 2, 'Fonte:'),
(42, 39, 1, 1, 'Resultados foram obtidos de acordo com a Norma ABNT MB26/53 (NBR 6230/85).'),
(42, 39, 1, 2, 'Fonte:'),
(42, 51, 1, 1, 'Resultados foram obtidos de acordo com a Norma ABNT MB26/53 (NBR 6230/85).'),
(42, 51, 1, 2, 'Fonte:'),
(43, 3, 1, 1, 'Fonte:'),
(43, 18, 2, 1, 'Programas de secagem podem ser obtidos em '),
(43, 25, 1, 1, 'Resultados obtidos de acordo com a Norma COPANT'),
(43, 25, 1, 2, 'Fonte:'),
(43, 25, 1, 3, 'Para comparar esses valores de contração (C<SUB>COPANT</SUB>) com aqueles obtidos pela Norma ABNT (C<SUB>ABNT</SUB>) é necessário transformá-los usando a equação: C<SUB>ABNT</SUB> = C<SUB>COPANT</SUB> / (1 - C<SUB>COPANT</SUB> / 100). '),
(43, 31, 1, 1, 'Resultados obtidos de acordo com a Norma COPANT'),
(43, 31, 1, 2, 'Fonte:'),
(43, 47, 1, 1, 'Resultados obtidos de acordo com a Norma COPANT'),
(43, 47, 1, 2, 'Fonte:'),
(43, 51, 1, 1, 'Resultados obtidos de acordo com a Norma COPANT'),
(43, 51, 1, 2, 'Fonte:'),
(44, 3, 1, 1, 'Fonte:'),
(44, 18, 1, 1, 'Programa de secagem pode ser obtido em'),
(44, 25, 1, 1, 'Resultados obtidos de acordo com a Norma ABNT MB26/53 (NBR 6230/85).'),
(44, 25, 1, 2, 'Fonte:'),
(44, 31, 1, 1, 'Resultados obtidos de acordo com a Norma ABNT MB26/53 (NBR 6230/85).'),
(44, 31, 1, 2, 'Fonte:'),
(44, 39, 1, 1, 'Resultados obtidos de acordo com a Norma ABNT MB26/53 (NBR 6230/85).'),
(44, 39, 1, 2, 'Fonte:'),
(44, 51, 1, 1, 'Resultados obtidos de acordo com a Norma ABNT MB26/53 (NBR 6230/85).'),
(44, 51, 1, 2, 'Fonte:'),
(45, 3, 1, 1, 'Fonte:'),
(45, 18, 1, 1, 'Programa de secagem pode ser obtido em'),
(45, 25, 1, 1, 'Resultados obtidos de acordo com a Norma ABNT MB26/53 (NBR 6230/85).'),
(45, 25, 1, 2, 'Fonte:'),
(45, 31, 1, 1, 'Resultados obtidos de acordo com a Norma ABNT MB26/53 (NBR 6230/85).'),
(45, 31, 1, 2, 'Fonte:'),
(45, 47, 1, 1, 'Resultados obtidos de acordo com a Norma COPANT.'),
(45, 47, 1, 2, 'Fonte:'),
(45, 51, 1, 1, 'Resultados obtidos de acordo com a Norma ABNT MB26/53 (NBR 6230/85).'),
(45, 51, 1, 2, 'Fonte:'),
(46, 3, 1, 1, 'Fonte:'),
(46, 18, 1, 1, 'Programa de secagem pode ser obtido em'),
(46, 28, 1, 1, 'Resultados obtidos de acordo com a Norma COPANT'),
(46, 28, 1, 2, 'Fonte:'),
(46, 28, 1, 3, 'Para comparar esses valores de contração (C<SUB>COPANT</SUB>) com aqueles obtidos pela Norma ABNT (C<SUB>ABNT</SUB>) é necessário transformá-los usando a equação: C<SUB>ABNT</SUB> = C<SUB>COPANT </SUB>/ (1 - C<SUB>COPANT</SUB> / 100).'),
(46, 31, 1, 1, 'Resultados obtidos de acordo com a Norma COPANT'),
(46, 31, 1, 2, 'Fonte:'),
(46, 47, 1, 1, 'Resultados obtidos de acordo com a Norma COPANT'),
(46, 47, 1, 2, 'Fonte:'),
(46, 51, 1, 1, 'Resultados obtidos de acordo com a Norma COPANT'),
(46, 51, 1, 2, 'Fonte:'),
(47, 3, 1, 1, 'Fonte:'),
(47, 18, 2, 1, 'Programas de secagem podem ser obtidos em'),
(47, 25, 1, 1, 'Resultados obtidos de acordo com a Norma COPANT.'),
(47, 25, 1, 2, 'Fonte:'),
(47, 25, 1, 3, '<FONT face=Verdana>Para comparar esses valores de contração (C<SUB>COPANT</SUB>) com aqueles obtidos pela Norma ABNT (C<SUB>ABNT</SUB>) é necessário<STRONG> </STRONG>transformá-los usando a equação: C<SUB>ABNT</SUB> = C<SUB>COPANT</SUB> / (1 - C<SUB>COPANT</SUB> / 100).&nbsp;</FONT>'),
(47, 31, 1, 1, 'Resultados obtidos de acordo com a Norma COPANT.'),
(47, 31, 1, 2, 'Fonte:'),
(47, 47, 1, 1, 'Resultados obtidos de acordo com a Norma COPANT.'),
(47, 47, 1, 2, 'Fonte:'),
(47, 51, 1, 1, 'Resultados obtidos de acordo com a Norma COPANT.'),
(47, 51, 1, 2, 'Fonte:'),
(48, 3, 1, 1, 'Fonte:'),
(48, 18, 1, 1, 'Programa de secagem pode ser obtido em'),
(48, 25, 1, 1, 'Resultados obtidos de acordo com a Norma COPANT.'),
(48, 25, 1, 2, 'Fonte:'),
(48, 25, 1, 3, '<FONT face=Verdana>Para comparar esses valores de contração (C<SUB>COPANT</SUB>) com aqueles obtidos pela Norma ABNT (C<SUB>ABNT</SUB>) é necessário<STRONG> </STRONG>transformá-los usando a equação: C<SUB>ABNT</SUB> = C<SUB>COPANT</SUB> / (1 - C<SUB>COPANT</SUB> / 100).&nbsp;</FONT>'),
(48, 31, 1, 1, 'Resultados obtidos de acordo com a Norma COPANT.'),
(48, 31, 1, 2, 'Fonte:'),
(48, 47, 1, 1, 'Resultados obtidos de acordo com a Norma COPANT.'),
(48, 47, 1, 2, 'Fonte:'),
(48, 51, 1, 1, 'Resultados obtidos de acordo com a Norma COPANT.'),
(48, 51, 1, 2, 'Fonte:'),
(49, 3, 1, 1, 'Fonte:'),
(49, 18, 2, 1, 'Programas de secagem podem ser obtidos em'),
(49, 25, 1, 1, 'Resultados obtidos de acordo com a Norma ABNT MB26/53 (NBR 6230/85).'),
(49, 25, 1, 2, 'Fonte:'),
(49, 25, 1, 3, 'Observação: informações para a espécie <EM>Peltogyne confertiflora</EM> (Hayne) Benth.'),
(49, 31, 1, 1, 'Resultados obtidos de acordo com a Norma ABNT MB26/53 (NBR 6230/85).'),
(49, 31, 1, 2, 'Fonte:'),
(49, 31, 1, 3, 'Observação: informações para a espécie<EM> Peltogyne confertiflora</EM> (Hayne) Benth.'),
(49, 39, 1, 1, 'Resultados obtidos de acordo com a Norma ABNT MB26/53 (NBR 6230/85).'),
(49, 39, 1, 2, 'Fonte:'),
(49, 39, 1, 3, 'Observação: informações para a espécie <EM>Peltogyne confertiflora</EM> (Hayne) Benth.'),
(49, 51, 1, 1, 'Resultados obtidos de acordo com a Norma ABNT MB26/53 (NBR 6230/85).'),
(49, 51, 1, 2, 'Fonte:'),
(49, 51, 1, 3, 'Observação: informações para a espécie <EM>Peltogyne confertiflora</EM> (Hayne) Benth.'),
(50, 3, 1, 1, 'Fonte:'),
(50, 18, 1, 1, 'Programa de secagem pode ser obtido em '),
(50, 25, 1, 1, 'Resultados foram obtidos de acordo com a Norma ABNT MB26/53 (NBR 6230/85).'),
(50, 25, 1, 2, 'Fonte:'),
(50, 31, 1, 1, 'Resultados foram obtidos de acordo com a Norma ABNT MB26/53 (NBR 6230/85).'),
(50, 31, 1, 2, 'Fonte:'),
(50, 39, 1, 1, 'Resultados foram obtidos de acordo com a Norma ABNT MB26/53 (NBR 6230/85).'),
(50, 39, 1, 2, 'Fonte:'),
(50, 51, 1, 1, 'Resultados foram obtidos de acordo com a Norma ABNT MB26/53 (NBR 6230/85).'),
(50, 51, 1, 2, 'Fonte:'),
(51, 7, 1, 1, 'Fonte: '),
(51, 18, 1, 1, 'Programa de secagem pode ser obtido em '),
(51, 28, 1, 1, 'Resultados obtidos de acordo com a Norma Copant.<BR>Fonte: IBAMA, 1997a.<BR><BR>Para comparar esses valores de contração (C<SUB>copant</SUB>) com aqueles obtidos pela Norma ABNT (C<SUB>ABNT</SUB>) é necessário transformá-los usando a equação:<BR><BR><FONT size=3><FONT face="Times New Roman">&nbsp;<?xml:namespace prefix = v ns = "urn:schemas-microsoft-com:vml" /><v:stroke joinstyle="miter"></v:stroke></FONT></FONT><v:formulas><v:f eqn="if lineDrawn pixelLineWidth 0"></v:f><v:f eqn="sum @0 1 0"></v:f><v:f eqn="sum 0 0 @1"></v:f><v:f eqn="prod @2 1 2"></v:f><v:f eqn="prod @3 21600 pixelWidth"></v:f><v:f eqn="prod @3 21600 pixelHeight"></v:f><v:f eqn="sum @0 0 1"></v:f><v:f eqn="prod @6 1 2"></v:f><v:f eqn="prod @7 21600 pixelWidth"></v:f><v:f eqn="sum @8 21600 0"></v:f><v:f eqn="prod @7 21600 pixelHeight"></v:f><v:f eqn="sum @10 21600 0"></v:f></v:formulas><v:path o:connecttype="rect" gradientshapeok="t" o:extrusionok="f"></v:path><?xml:namespace prefix = o ns = "urn:schemas-microsoft-com:office:office" /><o:lock aspectratio="t" v:ext="edit"></o:lock><v:shape id=_x0000_s1026 style="MARGIN-TOP: 391.75pt; Z-INDEX: -1; MARGIN-LEFT: 212.55pt; WIDTH: 147.45pt; POSITION: absolute; HEIGHT: 59.75pt; mso-wrap-edited: f" wrapcoords="7894 1350 768 3780 110 4320 110 6750 4276 9990 5482 9990 5373 13230 6469 14310 10197 14310 10197 15930 12609 15930 12828 14310 13815 14310 14473 12420 14254 9990 14802 6210 13925 5940 548 5670 11842 4590 12390 3240 8772 1350 7894 1350" type="#_x0000_t75"><v:imagedata o:title="" src="file:///C:\\DOCUME~1\\Geraldo\\CONFIG~1\\Temp\\msohtml1\\01\\clip_image001.wmz"></v:imagedata><?xml:namespace prefix = w ns = "urn:schemas-microsoft-com:office:word" /><w:wrap type="through"></w:wrap></v:shape>C<SUB>ABNT </SUB><STRONG>= </STRONG>C<SUB>copant</SUB>&nbsp;/ (1 - C<SUB>copant&nbsp; </SUB>/ 100)'),
(51, 55, 1, 1, 'Resultados obtidos de acordo com a norma COPANT.<BR>Fonte: IBAMA, 1997a.'),
(51, 76, 5, 1, 'Fonte: IPT, 1983; IPT, 1989b.'),
(52, 18, 1, 1, 'Programa de secagem pode ser obtido em'),
(52, 18, 1, 2, 'Movimentação de madeira em uso: médio'),
(52, 76, 2, 1, 'Fonte: IPT, 1983; IPT, 1989a; IPT, 1989b.'),
(52, 28, 1, 1, 'Resultados obtidos de acordo com a Norma ABNT MB26/53 (NBR 6230/85).<BR>Fonte: IPT, 1989a.'),
(52, 57, 1, 1, 'Resultados obtidos de acordo com a Norma ABNT MB26/53 (NBR 6230/85)<BR>Fonte: IPT (1989a).'),
(53, 24, 1, 1, 'Resultados obtidos de acordo com a Norma COPANT.<BR>Fonte:'),
(53, 57, 1, 1, 'Resultados obtidos de acordo com a Norma COPANT.<BR>Fonte:'),
(54, 76, 3, 1, 'Fonte: '),
(54, 24, 1, 1, 'Resultados obtidos de acordo com a Norma COPANT.<BR>Fonte:'),
(53, 28, 1, 1, 'Resultados obtidos de acordo com a Norma COPANT.<BR>Fonte:'),
(53, 28, 1, 2, 'Para comparar esses valores de contração (C<SUB>COPANT</SUB>) com aqueles obtidos pela Norma ABNT (C<SUB>ABNT</SUB>) é necessário transformá-los usando a equação:&nbsp;&nbsp; C<SUB>ABNT </SUB>= C<SUB>COPANT </SUB>/ ( 1 - (C<SUB>COPANT</SUB> / 100))<BR>'),
(54, 55, 1, 1, 'Resultados obtidos de acordo com a Norma COPANT.<BR>Fonte:'),
(56, 18, 1, 1, '<BR>Programa de secagem pode ser obtido em'),
(55, 76, 7, 1, 'Fonte: '),
(55, 28, 1, 1, 'Resultados obtidos de acordo com a Norma ABNT MB26/53 (NBR 6230/85)<BR>Fonte: '),
(55, 57, 1, 1, 'Resultados obtidos de acordo com a Norma ABNT MB26/53 (NBR 6230/85)<BR>Fonte: '),
(78, 21, 1, 1, 'Fonte:'),
(56, 28, 1, 1, 'Resultados obtidos de acordo com a Norma ABNT MB26/53 (NBR 6230/85)<BR>Fonte:'),
(56, 57, 1, 1, 'Resultados obtidos de acordo com a Norma COPANT.<BR>Fonte: '),
(57, 66, 2, 1, 'Fonte: '),
(57, 57, 1, 1, 'Resultados obtidos de acordo com a Norma ABNT MB26/53 (NBR 6230/85)<BR>Fonte: '),
(58, 18, 1, 1, '<FONT face=arial>Movimentação da madeira em uso: estável</FONT>.'),
(58, 76, 5, 1, 'Fonte: '),
(58, 57, 1, 1, 'Resultados obtidos de acordo com a Norma ABNT MB26/53 (NBR 6230/85)<BR>Fonte: '),
(59, 28, 1, 1, 'Resultados obtidos de acordo com a Norma ABNT MB26/53 (NBR 6230/85)<BR>Fonte: '),
(59, 59, 1, 1, 'Resultados obtidos de acordo com a Norma ABNT MB26/53 (NBR 6230/85)<BR>Fonte: '),
(60, 18, 1, 1, 'Movimentação da madeira em uso:&nbsp; moderada.'),
(60, 55, 1, 1, 'Resultados obtidos de acordo com a Norma ABNT MB26/53 (NBR 6230/85)<BR>Fonte: <BR>'),
(62, 18, 1, 1, 'Programa de secagem pode ser obtido em '),
(62, 84, 1, 1, '<FONT face=Verdana>Resultados obtidos de acordo com a Norma&nbsp;&nbsp;Francesa NFB 51&nbsp;similar a&nbsp;ABNT MB26/53 (NBR 6230/85).<BR>Fonte:</FONT>'),
(63, 57, 1, 1, 'Resultados obtidos de acordo com a Norma ABNT MB26/53 (NBR 6230/85)<BR>Fonte: '),
(64, 28, 1, 1, 'Resultados obtidos de acordo com a Norma ABNT MB26/53 (NBR 6230/85)<BR>Fonte: '),
(64, 57, 1, 1, 'Resultados obtidos de acordo com a Norma ABNT MB26/53 (NBR 6230/85)<BR>Fonte: '),
(65, 28, 1, 1, 'Resultados obtidos de acordo com a Norma ABNT MB26/53 (NBR 6230/85)<BR>Fonte:'),
(65, 57, 1, 1, 'Resultados obtidos de acordo com a Norma ABNT MB26/53 (NBR 6230/85)<BR>Fonte:'),
(66, 28, 1, 1, 'Resultados obtidos de acordo com a Norma ABNT MB26/53 (NBR 6230/85)<BR>Fonte:'),
(66, 57, 1, 1, 'Resultados obtidos de acordo com a Norma ABNT MB26/53 (NBR 6230/85)<BR>Fonte:'),
(67, 28, 1, 1, 'Resultados obtidos de acordo com a Norma ABNT MB26/53 (NBR 6230/85)<BR>Fonte:'),
(67, 57, 1, 1, 'Resultados obtidos de acordo com a Norma ABNT MB26/53 (NBR 6230/85)<BR>Fonte:'),
(68, 28, 1, 1, 'Resultados obtidos de acordo com a Norma ABNT MB26/53 (NBR 6230/85)<BR>Fonte: '),
(68, 57, 1, 1, 'Resultados obtidos de acordo com a Norma ABNT MB26/53 (NBR 6230/85)<BR>Fonte:'),
(57, 28, 1, 1, 'Resultados obtidos de acordo com a Norma ABNT MB26/53 (NBR 6230/85).<BR>Fonte: '),
(54, 28, 1, 1, 'Resultados obtidos de acordo com a Norma ABNT MB26/53 (NBR 6230/85)<BR>Fonte: '),
(54, 57, 1, 1, 'Resultados obtidos de acordo com a Norma ABNT MB26/53 (NBR 6230/85)<BR>Fonte: '),
(69, 28, 1, 1, 'Resultados obtidos de acordo com a Norma Francesa NFB 51 – AFNOR similar a&nbsp; Norma ABNT MB26/53 (NBR 6230/85).<BR>Fonte:'),
(69, 82, 1, 1, '<FONT face=Verdana>Resultados obtidos de acordo com a Norma Francesa NFB 51 – AFNOR similar a&nbsp; Norma ABNT MB26/53 (NBR 6230/85).<BR>Fonte:</FONT>'),
(70, 18, 1, 1, 'Programa de secagem pode ser obtido em'),
(70, 28, 1, 1, 'Resultados obtidos de acordo com a Norma ABNT MB26/53 (NBR 6230/85)<BR>Fonte:'),
(70, 57, 1, 1, '<FONT face=Verdana>Resultados obtidos de acordo com a Norma ABNT MB26/53 (NBR 6230/85)<BR>Fonte:</FONT>'),
(71, 28, 1, 1, 'Resultados obtidos de acordo com a Norma ABNT MB26/53 (NBR 6230/85)<BR>Fonte:'),
(71, 57, 1, 1, 'Resultados obtidos de acordo com a Norma ABNT MB26/53 (NBR 6230/85)<BR>Fonte:'),
(72, 7, 1, 1, 'Fonte:'),
(72, 28, 1, 1, 'Resultados obtidos de acordo com a Norma ABNT MB26/53 (NBR 6230/85)<BR>Fonte:'),
(72, 57, 1, 1, 'Resultados obtidos de acordo com a Norma ABNT MB26/53 (NBR 6230/85)<BR>Fonte:'),
(73, 7, 1, 1, 'Fonte:'),
(73, 28, 1, 1, 'Resultados obtidos de acordo com a Norma ABNT MB26/53 (NBR 6230/85)<BR>Fonte:'),
(73, 57, 1, 1, 'Resultados obtidos de acordo com a Norma ABNT MB26/53 (NBR 6230/85)<BR>Fonte:'),
(74, 28, 1, 1, 'Resultados obtidos de acordo com a Norma ABNT MB26/53 (NBR 6230/85)<BR>Fonte:'),
(75, 7, 1, 1, 'Fonte:'),
(75, 28, 1, 1, 'Resultados obtidos de acordo com a Norma COPANT<BR>Fonte:'),
(75, 28, 1, 2, 'Para comparar esses valores de contração (C<SUB>COPANT</SUB>) com aqueles obtidos pela Norma ABNT (C<SUB>ABNT</SUB>) é necessário transformá-los usando a equação:&nbsp;&nbsp; C<SUB>ABNT</SUB> = C<SUB>COPANT</SUB> / ( 1 - (C<SUB>COPANT</SUB> / 100))'),
(75, 62, 1, 1, 'Resultados obtidos de acordo com a Norma COPANT<BR>Fonte:'),
(77, 7, 1, 1, 'Fonte:'),
(77, 18, 1, 1, 'Programa de secagem pode ser obtido em'),
(77, 28, 1, 1, 'Resultados obtidos de acordo com a Norma COPANT<BR>Fonte:'),
(77, 28, 1, 2, 'Para comparar esses valores de contração (C<SUB>COPANT</SUB>) com aqueles obtidos pela Norma ABNT (C<SUB>ABNT</SUB>) é necessário transformá-los usando a equação:&nbsp;&nbsp; C<SUB>ABNT</SUB> = C<SUB>COPANT</SUB> / ( 1 - (C<SUB>COPANT</SUB> / 100))'),
(77, 62, 1, 1, 'Resultados obtidos de acordo com a Norma COPANT<BR>Fonte:'),
(79, 7, 1, 1, 'Fonte:'),
(79, 18, 1, 1, 'Programa de secagem pode ser obtido em'),
(79, 24, 1, 1, 'Fonte: '),
(79, 28, 1, 1, 'Resultados obtidos de acordo com a Norma COPANT<BR>Fonte:'),
(79, 28, 1, 2, 'Para comparar esses valores de contração (C<SUB>COPANT</SUB>) com aqueles obtidos pela Norma ABNT (C<SUB>ABNT</SUB>) é necessário transformá-los usando a equação:&nbsp;&nbsp; C<SUB>ABNT</SUB> = C<SUB>COPANT</SUB> / ( 1 - (C<SUB>COPANT</SUB> / 100))'),
(79, 62, 1, 1, 'Resultados obtidos de acordo com a Norma COPANT<BR>Fonte:'),
(80, 18, 1, 1, 'Programa de secagem pode ser obtido em'),
(80, 24, 1, 1, 'Fonte:'),
(80, 27, 1, 1, 'Resultados obtidos de acordo com a Norma COPANT<BR>Fonte:'),
(80, 27, 1, 2, 'Para comparar esses valores de contração (C<SUB>COPANT</SUB>) com aqueles obtidos pela Norma ABNT (C<SUB>ABNT</SUB>) é necessário transformá-los usando a equação:&nbsp;&nbsp; C<SUB>ABNT</SUB> = C<SUB>COPANT</SUB> / ( 1 - (C<SUB>COPANT</SUB> / 100)'),
(80, 55, 1, 1, 'Resultados obtidos de acordo com a Norma COPANT<BR>Fonte:'),
(75, 24, 1, 1, 'Fonte:'),
(74, 7, 1, 1, 'Fonte:'),
(77, 24, 1, 1, 'Fonte:'),
(72, 21, 1, 1, 'Fonte:'),
(71, 21, 1, 1, 'Fonte:'),
(71, 7, 1, 1, 'Fonte:'),
(61, 7, 1, 1, 'Fonte:'),
(61, 21, 1, 1, 'Fonte:'),
(61, 28, 1, 1, 'Resultados obtidos de acordo com a Norma ABNT MB26/53 (NBR 6230/85)<BR>Fonte:'),
(61, 57, 1, 1, 'Resultados obtidos de acordo com a Norma ABNT MB26/53 (NBR 6230/85)<BR>Fonte:'),
(68, 18, 1, 1, '<FONT face=Verdana>Programa de secagem pode ser obtido em</FONT>'),
(68, 7, 1, 1, 'Fonte:'),
(66, 7, 1, 1, 'Fonte:'),
(66, 21, 1, 1, 'Fonte:'),
(67, 7, 1, 1, 'Fonte:'),
(65, 7, 1, 1, 'Fonte:'),
(65, 21, 1, 1, 'Fonte:'),
(64, 21, 1, 1, 'Fonte:'),
(56, 7, 1, 1, 'Fonte:'),
(78, 28, 1, 1, 'Resultados obtidos de acordo com a Norma ABNT MB26/53 (NBR 6230/85)<BR>Fonte:'),
(78, 59, 1, 1, 'Resultados obtidos de acordo com a Norma ABNT MB26/53 (NBR 6230/85)<BR>Fonte:'),
(76, 7, 1, 1, 'Fonte:'),
(76, 18, 1, 1, 'Programa de secagem pode ser obtido em'),
(76, 28, 1, 1, 'Resultados obtidos de acordo com a Norma COPANT<BR>Fonte:'),
(76, 28, 1, 2, 'Para comparar esses valores de contração (C<SUB>COPANT</SUB>) com aqueles obtidos pela Norma ABNT (C<SUB>ABNT</SUB>) é necessário transformá-los usando a equação:&nbsp;&nbsp; C<SUB>ABNT</SUB> = C<SUB>COPANT</SUB> / ( 1 - (C<SUB>COPANT</SUB> / 100))'),
(76, 55, 1, 1, 'Resultados obtidos de acordo com a Norma COPANT<BR>Fonte:'),
(74, 84, 1, 1, 'Resultados obtidos de acordo com a Norma ABNT MB26/53 (NBR 6230/85)<BR>Fonte:'),
(56, 84, 1, 1, 'Resultados obtidos de acordo com a Norma ABNT MB26/53 (NBR 6230/85)<BR>Fonte:');

INSERT INTO `Madeira_Item_Obs_Fonte` (`Cod_Madeira`, `Cod_Item`, `Num_Linha`, `Num_Obs`, `Num_Ordem_Fonte`, `Cod_Fonte`) VALUES
(1, 3, 1, 1, 1, 1),
(3, 3, 1, 1, 1, 1),
(4, 3, 1, 1, 1, 1),
(5, 3, 1, 1, 1, 1),
(6, 3, 1, 1, 1, 1),
(8, 3, 1, 1, 1, 1),
(9, 3, 1, 1, 1, 1),
(14, 3, 1, 1, 1, 1),
(15, 3, 1, 1, 1, 1),
(17, 3, 1, 1, 1, 1),
(18, 11, 1, 1, 1, 1),
(19, 3, 1, 1, 1, 1),
(20, 3, 1, 1, 1, 1),
(21, 3, 1, 1, 1, 1),
(22, 2, 1, 1, 2, 1),
(22, 3, 1, 1, 1, 1),
(23, 3, 1, 1, 1, 1),
(24, 7, 1, 1, 1, 1),
(25, 3, 1, 1, 1, 1),
(26, 7, 1, 1, 1, 1),
(27, 3, 1, 1, 1, 1),
(28, 3, 1, 1, 1, 1),
(30, 3, 1, 1, 1, 1),
(32, 3, 1, 1, 1, 1),
(33, 7, 1, 1, 1, 1),
(35, 3, 1, 1, 1, 1),
(37, 3, 1, 1, 1, 1),
(38, 3, 1, 1, 1, 1),
(39, 3, 1, 1, 1, 1),
(40, 3, 1, 1, 1, 1),
(41, 3, 1, 1, 1, 1),
(42, 3, 1, 1, 1, 1),
(43, 3, 1, 1, 1, 1),
(44, 3, 1, 1, 1, 1),
(45, 3, 1, 1, 1, 1),
(46, 3, 1, 1, 1, 1),
(47, 3, 1, 1, 1, 1),
(48, 3, 1, 1, 2, 1),
(49, 3, 1, 1, 1, 1),
(50, 3, 1, 1, 1, 1),
(27, 18, 1, 1, 1, 5),
(29, 18, 1, 1, 1, 5),
(34, 18, 2, 1, 1, 5),
(1, 25, 1, 2, 1, 6),
(1, 31, 1, 2, 1, 6),
(1, 39, 1, 2, 1, 6),
(1, 51, 1, 2, 1, 6),
(2, 3, 1, 1, 1, 6),
(2, 25, 1, 2, 1, 6),
(3, 3, 1, 1, 2, 6),
(4, 3, 1, 1, 2, 6),
(4, 25, 1, 2, 1, 6),
(4, 31, 1, 2, 1, 6),
(4, 39, 1, 2, 1, 6),
(4, 51, 1, 2, 1, 6),
(6, 25, 1, 2, 1, 6),
(6, 31, 1, 2, 1, 6),
(6, 51, 1, 2, 1, 6),
(9, 3, 1, 1, 2, 6),
(9, 25, 1, 2, 1, 6),
(9, 31, 1, 1, 1, 6),
(9, 39, 1, 2, 1, 6),
(9, 51, 1, 2, 1, 6),
(10, 3, 1, 1, 1, 6),
(10, 25, 1, 2, 1, 6),
(10, 31, 1, 2, 1, 6),
(10, 39, 1, 2, 1, 6),
(10, 51, 1, 2, 1, 6),
(11, 3, 1, 1, 1, 6),
(11, 25, 1, 2, 1, 6),
(11, 31, 1, 2, 1, 6),
(11, 39, 1, 2, 1, 6),
(11, 51, 1, 2, 1, 6),
(14, 3, 1, 1, 2, 6),
(14, 25, 1, 2, 1, 6),
(14, 31, 1, 2, 1, 6),
(14, 39, 1, 2, 1, 6),
(14, 51, 1, 2, 1, 6),
(15, 3, 1, 1, 2, 6),
(15, 25, 1, 2, 1, 6),
(15, 31, 1, 2, 1, 6),
(15, 39, 1, 2, 1, 6),
(15, 51, 1, 2, 1, 6),
(16, 3, 1, 1, 1, 6),
(16, 25, 1, 2, 1, 6),
(16, 82, 1, 1, 1, 6),
(18, 11, 1, 1, 2, 6),
(18, 28, 1, 2, 1, 6),
(18, 37, 1, 2, 1, 6),
(18, 46, 1, 2, 1, 6),
(18, 57, 1, 2, 1, 6),
(19, 3, 1, 1, 2, 6),
(19, 25, 1, 2, 1, 6),
(19, 31, 1, 2, 1, 6),
(19, 39, 1, 2, 1, 6),
(19, 51, 1, 2, 1, 6),
(20, 3, 1, 1, 2, 6),
(20, 28, 1, 2, 1, 6),
(20, 37, 1, 2, 1, 6),
(20, 37, 1, 2, 2, 6),
(20, 39, 1, 2, 1, 6),
(20, 51, 1, 2, 1, 6),
(22, 2, 1, 1, 3, 6),
(22, 3, 1, 1, 2, 6),
(22, 25, 1, 2, 1, 6),
(22, 31, 1, 2, 1, 6),
(22, 39, 1, 2, 1, 6),
(22, 51, 1, 2, 1, 6),
(23, 3, 1, 1, 2, 6),
(23, 25, 1, 2, 1, 6),
(23, 31, 1, 2, 1, 6),
(23, 39, 1, 2, 1, 6),
(23, 82, 1, 1, 1, 6),
(23, 57, 1, 2, 1, 6),
(24, 7, 1, 1, 2, 6),
(24, 25, 1, 2, 1, 6),
(24, 31, 1, 2, 1, 6),
(24, 39, 1, 2, 1, 6),
(24, 51, 1, 2, 1, 6),
(25, 3, 1, 1, 2, 6),
(25, 25, 1, 2, 1, 6),
(25, 37, 1, 2, 1, 6),
(25, 39, 1, 2, 1, 6),
(25, 57, 1, 2, 1, 6),
(26, 7, 1, 1, 2, 6),
(26, 25, 1, 2, 1, 6),
(26, 31, 1, 2, 1, 6),
(26, 39, 1, 2, 1, 6),
(26, 51, 1, 2, 1, 6),
(27, 3, 1, 1, 2, 6),
(27, 25, 1, 2, 1, 6),
(27, 31, 1, 2, 1, 6),
(27, 39, 1, 2, 1, 6),
(27, 51, 1, 2, 1, 6),
(28, 3, 1, 1, 2, 6),
(28, 25, 1, 2, 1, 6),
(28, 31, 1, 2, 1, 6),
(28, 39, 1, 2, 1, 6),
(28, 57, 1, 2, 1, 6),
(29, 3, 1, 1, 1, 6),
(29, 28, 1, 2, 1, 6),
(29, 31, 1, 2, 1, 6),
(29, 39, 1, 2, 1, 6),
(29, 51, 1, 2, 1, 6),
(31, 3, 1, 1, 1, 6),
(33, 25, 1, 2, 1, 6),
(33, 31, 1, 2, 1, 6),
(33, 39, 1, 2, 1, 6),
(33, 51, 1, 2, 1, 6),
(34, 3, 1, 1, 1, 6),
(34, 25, 1, 2, 1, 6),
(34, 31, 1, 2, 1, 6),
(34, 39, 1, 2, 1, 6),
(34, 51, 1, 2, 1, 6),
(35, 25, 1, 2, 1, 6),
(35, 31, 1, 2, 1, 6),
(35, 39, 1, 2, 1, 6),
(35, 51, 1, 2, 1, 6),
(37, 3, 1, 1, 2, 6),
(37, 25, 1, 2, 1, 6),
(37, 31, 1, 2, 1, 6),
(37, 39, 1, 2, 1, 6),
(37, 51, 1, 2, 1, 6),
(38, 3, 1, 1, 2, 6),
(38, 25, 1, 3, 1, 6),
(38, 31, 1, 2, 1, 6),
(38, 39, 1, 2, 1, 6),
(38, 51, 1, 2, 1, 6),
(39, 25, 1, 2, 1, 6),
(39, 31, 1, 2, 1, 6),
(39, 39, 1, 2, 1, 6),
(39, 51, 1, 2, 1, 6),
(40, 3, 1, 1, 2, 6),
(40, 25, 1, 2, 1, 6),
(40, 31, 1, 2, 1, 6),
(40, 39, 1, 2, 1, 6),
(40, 51, 1, 2, 1, 6),
(41, 3, 1, 1, 2, 6),
(41, 25, 1, 2, 1, 6),
(41, 31, 1, 2, 1, 6),
(41, 39, 1, 2, 1, 6),
(41, 51, 1, 2, 1, 6),
(44, 3, 1, 1, 2, 6),
(44, 25, 1, 2, 1, 6),
(44, 31, 1, 2, 1, 6),
(44, 39, 1, 2, 1, 6),
(44, 51, 1, 2, 1, 6),
(45, 3, 1, 1, 2, 6),
(45, 25, 1, 2, 1, 6),
(45, 31, 1, 2, 1, 6),
(45, 51, 1, 2, 1, 6),
(49, 3, 1, 1, 2, 6),
(50, 3, 1, 1, 2, 6),
(50, 25, 1, 2, 1, 6),
(50, 31, 1, 2, 1, 6),
(50, 39, 1, 2, 1, 6),
(50, 51, 1, 2, 1, 6),
(1, 18, 1, 1, 1, 7),
(3, 18, 2, 1, 1, 7),
(14, 18, 2, 1, 1, 7),
(24, 18, 1, 1, 1, 7),
(40, 18, 2, 1, 1, 7),
(43, 18, 2, 1, 1, 7),
(47, 18, 2, 1, 1, 7),
(22, 2, 1, 1, 1, 8),
(61, 7, 1, 1, 1, 1),
(1, 18, 1, 1, 2, 9),
(2, 18, 1, 1, 1, 9),
(3, 18, 2, 1, 3, 9),
(4, 18, 1, 1, 2, 9),
(6, 18, 1, 1, 2, 9),
(8, 18, 2, 1, 2, 9),
(9, 18, 1, 1, 1, 9),
(10, 18, 1, 1, 1, 9),
(14, 18, 2, 1, 3, 9),
(15, 18, 1, 1, 1, 9),
(17, 18, 1, 1, 2, 9),
(18, 18, 1, 1, 1, 9),
(23, 18, 2, 1, 2, 9),
(24, 18, 1, 1, 3, 9),
(26, 18, 1, 1, 2, 9),
(27, 18, 1, 1, 2, 9),
(29, 18, 1, 1, 2, 9),
(30, 18, 1, 1, 1, 9),
(31, 18, 1, 1, 1, 9),
(34, 18, 2, 1, 2, 9),
(35, 18, 1, 1, 1, 9),
(37, 18, 1, 1, 1, 9),
(38, 18, 1, 1, 1, 9),
(40, 18, 2, 1, 2, 9),
(41, 18, 1, 1, 2, 9),
(43, 18, 2, 1, 3, 9),
(44, 18, 1, 1, 1, 9),
(45, 18, 1, 1, 2, 9),
(47, 18, 2, 1, 3, 9),
(49, 18, 2, 1, 2, 9),
(50, 18, 1, 1, 1, 9),
(16, 31, 1, 2, 1, 12),
(16, 39, 1, 2, 1, 12),
(16, 51, 1, 2, 1, 12),
(2, 31, 1, 2, 1, 13),
(2, 39, 1, 2, 1, 13),
(2, 51, 1, 2, 1, 13),
(3, 18, 2, 1, 2, 14),
(3, 25, 1, 2, 1, 14),
(3, 31, 1, 2, 1, 14),
(3, 47, 1, 2, 1, 14),
(3, 51, 1, 2, 1, 14),
(4, 18, 1, 1, 1, 14),
(5, 18, 1, 1, 1, 14),
(5, 20, 1, 1, 1, 14),
(5, 25, 1, 2, 1, 14),
(5, 31, 1, 2, 1, 14),
(5, 39, 1, 2, 1, 14),
(5, 51, 1, 2, 1, 14),
(6, 18, 1, 1, 1, 14),
(6, 47, 1, 2, 1, 14),
(8, 18, 2, 1, 1, 14),
(8, 25, 1, 2, 1, 14),
(8, 47, 1, 2, 1, 14),
(8, 56, 1, 2, 1, 14),
(9, 31, 1, 2, 1, 14),
(14, 18, 2, 1, 2, 14),
(17, 18, 1, 1, 1, 14),
(17, 25, 1, 2, 1, 14),
(17, 31, 1, 2, 1, 14),
(17, 47, 1, 2, 1, 14),
(17, 51, 1, 2, 1, 14),
(21, 18, 1, 1, 1, 14),
(21, 25, 1, 2, 1, 14),
(21, 31, 1, 2, 1, 14),
(21, 47, 1, 2, 1, 14),
(21, 51, 1, 2, 1, 14),
(23, 18, 2, 1, 1, 14),
(23, 62, 1, 2, 1, 14),
(24, 18, 1, 1, 2, 14),
(26, 18, 1, 1, 1, 14),
(30, 20, 1, 1, 1, 14),
(30, 25, 1, 2, 1, 14),
(30, 31, 1, 2, 1, 14),
(30, 48, 1, 2, 1, 14),
(30, 51, 1, 2, 1, 14),
(32, 20, 1, 1, 1, 14),
(32, 28, 1, 2, 1, 14),
(32, 31, 1, 2, 1, 14),
(32, 48, 1, 2, 1, 14),
(32, 51, 1, 2, 1, 14),
(33, 18, 2, 1, 1, 14),
(36, 18, 1, 1, 1, 14),
(36, 20, 1, 1, 1, 14),
(36, 25, 1, 2, 1, 14),
(36, 31, 1, 2, 1, 14),
(36, 48, 1, 2, 1, 14),
(36, 51, 1, 2, 1, 14),
(41, 18, 1, 1, 1, 14),
(43, 18, 2, 1, 2, 14),
(43, 25, 1, 2, 1, 14),
(43, 31, 1, 2, 1, 14),
(43, 47, 1, 2, 1, 14),
(43, 51, 1, 2, 1, 14),
(45, 18, 1, 1, 1, 14),
(45, 47, 1, 2, 1, 14),
(46, 18, 1, 1, 1, 14),
(46, 28, 1, 2, 1, 14),
(46, 31, 1, 2, 1, 14),
(46, 47, 1, 2, 1, 14),
(46, 51, 1, 2, 1, 14),
(47, 18, 2, 1, 2, 14),
(47, 25, 1, 2, 1, 14),
(47, 31, 1, 2, 1, 14),
(47, 47, 1, 2, 1, 14),
(47, 51, 1, 2, 1, 14),
(48, 3, 1, 1, 1, 14),
(48, 18, 1, 1, 1, 14),
(48, 25, 1, 2, 1, 14),
(48, 31, 1, 2, 1, 14),
(48, 47, 1, 2, 1, 14),
(48, 51, 1, 2, 1, 14),
(49, 18, 2, 1, 1, 14),
(7, 25, 1, 2, 1, 17),
(7, 31, 1, 2, 1, 17),
(7, 39, 1, 2, 1, 17),
(7, 51, 1, 2, 1, 17),
(8, 82, 1, 1, 1, 17),
(8, 57, 1, 2, 1, 17),
(12, 25, 1, 2, 1, 17),
(12, 31, 1, 2, 1, 17),
(12, 39, 1, 2, 1, 17),
(12, 51, 1, 2, 1, 17),
(13, 25, 1, 2, 1, 17),
(13, 31, 1, 2, 1, 17),
(13, 39, 1, 2, 1, 17),
(13, 51, 1, 2, 1, 17),
(31, 25, 1, 2, 1, 17),
(31, 31, 1, 2, 1, 17),
(31, 39, 1, 2, 1, 17),
(31, 51, 1, 2, 1, 17),
(42, 25, 1, 2, 1, 17),
(42, 31, 1, 2, 1, 17),
(42, 39, 1, 2, 1, 17),
(42, 51, 1, 2, 1, 17),
(49, 25, 1, 2, 1, 17),
(49, 31, 1, 2, 1, 17),
(49, 39, 1, 2, 1, 17),
(49, 51, 1, 2, 1, 17),
(12, 3, 1, 1, 1, 23),
(13, 3, 1, 1, 1, 23),
(13, 18, 1, 1, 1, 24),
(36, 3, 1, 1, 1, 31),
(51, 7, 1, 1, 1, 1),
(51, 18, 1, 1, 1, 14),
(69, 82, 1, 1, 1, 6),
(52, 18, 1, 1, 1, 9),
(52, 18, 1, 2, 1, 9),
(53, 24, 1, 1, 1, 8),
(53, 28, 1, 1, 1, 8),
(53, 57, 1, 1, 1, 8),
(54, 76, 3, 1, 1, 1),
(54, 76, 3, 1, 2, 17),
(54, 24, 1, 1, 1, 6),
(54, 55, 1, 1, 1, 6),
(55, 76, 7, 1, 1, 1),
(55, 76, 7, 1, 2, 17),
(55, 28, 1, 1, 1, 6),
(55, 57, 1, 1, 1, 6),
(56, 18, 1, 1, 1, 9),
(78, 28, 1, 1, 1, 28),
(78, 21, 1, 1, 1, 28),
(56, 28, 1, 1, 1, 6),
(56, 57, 1, 1, 1, 14),
(57, 66, 2, 1, 1, 1),
(57, 66, 2, 1, 2, 17),
(57, 57, 1, 1, 1, 6),
(58, 18, 1, 1, 1, 6),
(58, 76, 5, 1, 1, 1),
(58, 76, 5, 1, 2, 17),
(58, 57, 1, 1, 1, 6),
(59, 28, 1, 1, 1, 33),
(59, 59, 1, 1, 1, 33),
(60, 55, 1, 1, 1, 17),
(62, 18, 1, 1, 1, 14),
(62, 84, 1, 1, 1, 6),
(63, 57, 1, 1, 1, 6),
(64, 28, 1, 1, 1, 28),
(64, 57, 1, 1, 1, 28),
(65, 28, 1, 1, 1, 6),
(65, 57, 1, 1, 1, 6),
(66, 28, 1, 1, 1, 6),
(66, 57, 1, 1, 1, 6),
(67, 28, 1, 1, 1, 6),
(68, 18, 1, 1, 1, 9),
(68, 28, 1, 1, 1, 6),
(68, 57, 1, 1, 1, 6),
(57, 28, 1, 1, 1, 6),
(54, 28, 1, 1, 1, 6),
(54, 57, 1, 1, 1, 6),
(69, 28, 1, 1, 1, 6),
(70, 18, 1, 1, 1, 9),
(70, 28, 1, 1, 1, 6),
(70, 57, 1, 1, 1, 6),
(71, 28, 1, 1, 1, 6),
(71, 57, 1, 1, 1, 6),
(72, 7, 1, 1, 1, 1),
(72, 28, 1, 1, 1, 6),
(72, 57, 1, 1, 1, 6),
(73, 7, 1, 1, 1, 1),
(73, 28, 1, 1, 1, 6),
(73, 57, 1, 1, 1, 6),
(74, 28, 1, 1, 1, 6),
(75, 7, 1, 1, 1, 1),
(75, 28, 1, 1, 1, 14),
(75, 62, 1, 1, 1, 14),
(77, 7, 1, 1, 1, 1),
(77, 18, 1, 1, 1, 14),
(77, 28, 1, 1, 1, 14),
(77, 62, 1, 1, 1, 14),
(79, 7, 1, 1, 1, 1),
(79, 18, 1, 1, 1, 14),
(79, 24, 1, 1, 1, 14),
(79, 28, 1, 1, 1, 14),
(79, 62, 1, 1, 1, 14),
(80, 18, 1, 1, 1, 14),
(80, 24, 1, 1, 1, 14),
(80, 27, 1, 1, 1, 14),
(80, 55, 1, 1, 1, 14),
(75, 24, 1, 1, 1, 14),
(74, 7, 1, 1, 1, 1),
(77, 24, 1, 1, 1, 14),
(72, 21, 1, 1, 1, 6),
(71, 21, 1, 1, 1, 6),
(71, 7, 1, 1, 1, 31),
(61, 21, 1, 1, 1, 6),
(61, 28, 1, 1, 1, 6),
(61, 57, 1, 1, 1, 6),
(68, 7, 1, 1, 1, 1),
(66, 7, 1, 1, 1, 1),
(66, 21, 1, 1, 1, 6),
(67, 7, 1, 1, 1, 1),
(65, 7, 1, 1, 1, 1),
(65, 21, 1, 1, 1, 6),
(64, 21, 1, 1, 1, 28),
(56, 7, 1, 1, 1, 1),
(56, 7, 1, 1, 2, 6),
(78, 59, 1, 1, 1, 28),
(76, 7, 1, 1, 1, 1),
(76, 18, 1, 1, 1, 14),
(76, 28, 1, 1, 1, 14),
(76, 55, 1, 1, 1, 14),
(67, 57, 1, 1, 1, 6),
(74, 84, 1, 1, 1, 6),
(56, 84, 1, 1, 1, 6);

INSERT INTO `Madeira_Nome_Cientifico` (`Cod_Madeira`, `Cod_Nome_Cientifico`, `Cod_Familia`, `Cod_Genero`, `Cod_Especie`, `Cod_Determinador`) VALUES
(1, 1, 2, 2, 2, 2),
(2, 1, 3, 3, 3, 3),
(3, 1, 4, 4, 4, NULL),
(4, 1, 5, 5, 4, NULL),
(5, 1, 1, 1, 1, 1),
(6, 1, 6, 6, 4, NULL),
(6, 2, 6, 7, 4, NULL),
(7, 1, 7, 8, 5, 4),
(8, 1, 6, 9, 6, 3),
(9, 1, 8, 10, 7, 5),
(10, 1, 6, 11, 8, 6),
(11, 1, 10, 12, 9, 7),
(12, 1, 9, 77, 10, 50),
(13, 1, 9, 13, 11, 9),
(14, 1, 6, 14, 4, NULL),
(15, 1, 8, 15, 12, 10),
(16, 1, 4, 16, 13, 11),
(17, 1, 8, 49, 4, NULL),
(18, 1, 21, 48, 39, 30),
(19, 1, 16, 36, 4, NULL),
(20, 1, 6, 22, 18, 14),
(21, 1, 16, 37, 28, 7),
(22, 1, 3, 17, 14, 12),
(23, 1, 6, 19, 13, 3),
(24, 1, 3, 43, 35, 27),
(25, 1, 20, 47, 38, 29),
(26, 1, 11, 18, 15, 7),
(27, 1, 6, 20, 16, 13),
(28, 1, 12, 21, 17, 1),
(29, 1, 11, 23, 4, NULL),
(30, 1, 6, 24, 19, 15),
(31, 1, 6, 25, 4, NULL),
(32, 1, 5, 26, 20, 16),
(33, 1, 6, 27, 21, 17),
(34, 1, 13, 28, 22, 18),
(35, 1, 6, 29, 23, 19),
(36, 1, 5, 30, 24, 20),
(36, 2, 5, 31, 24, 20),
(37, 1, 14, 32, 25, 21),
(38, 1, 15, 33, 4, NULL),
(39, 1, 14, 34, 26, 22),
(40, 1, 12, 35, 27, 23),
(41, 1, 14, 38, 29, 24),
(42, 1, 6, 39, 30, 25),
(43, 1, 17, 40, 31, 7),
(44, 1, 11, 41, 32, 26),
(45, 1, 18, 42, 33, 3),
(46, 1, 3, 3, 34, 18),
(47, 1, 15, 44, 36, 28),
(48, 1, 19, 45, 37, 18),
(49, 1, 6, 46, 4, NULL),
(50, 1, 3, 50, 15, 7),
(51, 1, 6, 51, 48, NULL),
(52, 1, 6, 52, 40, 13),
(53, 1, 20, 47, 41, 31),
(54, 1, 6, 53, 42, 32),
(55, 1, 6, 54, 48, NULL),
(56, 1, 18, 55, 44, 34),
(57, 1, 22, 56, 4, NULL),
(58, 1, 6, 57, 45, 35),
(59, 1, 11, 58, 46, 2),
(60, 1, 9, 13, 47, 36),
(61, 1, 23, 65, 54, 41),
(62, 1, 6, 59, 4, NULL),
(63, 1, 3, 60, 48, NULL),
(64, 1, 16, 61, 49, 37),
(65, 1, 6, 62, 50, 38),
(66, 1, 6, 63, 51, 32),
(67, 1, 4, 64, 52, 39),
(68, 1, 13, 28, 53, 40),
(69, 1, 6, 66, 55, 3),
(70, 1, 19, 67, 56, 42),
(71, 1, 15, 68, 57, 43),
(72, 1, 23, 65, 58, 41),
(73, 1, 4, 64, 4, NULL),
(75, 1, 6, 27, 60, 3),
(74, 2, 24, 69, 59, 44),
(77, 1, 6, 71, 61, 15),
(76, 1, 25, 70, 66, 3),
(78, 1, 26, 72, 11, 45),
(79, 1, 6, 73, 62, 46),
(79, 2, 6, 75, 64, 48),
(80, 2, 27, 74, 63, 47),
(65, 2, 6, 62, 65, 32),
(76, 2, 25, 76, 67, 49),
(12, 2, 9, 13, 10, 8);

INSERT INTO `Madeira_Nome_Internacional` (`Cod_Madeira`, `Cod_Nome_Internacional`, `Nome_Internacional`) VALUES
(1, 1, 'assacú'),
(1, 2, 'hura'),
(1, 3, 'assacu'),
(1, 4, 'hura-wood'),
(1, 5, 'possun-wood'),
(1, 6, 'sandbox'),
(1, 7, 'possuntree'),
(1, 8, 'sablier-branc'),
(1, 9, 'yellow-sand-box'),
(1, 10, 'white-sand-box'),
(2, 1, 'doekali'),
(3, 1, 'couratari'),
(3, 2, 'tauari'),
(3, 3, 'mahot cigar'),
(3, 4, 'inguipipa'),
(3, 5, 'wadara'),
(3, 6, 'wandara'),
(3, 7, 'ingipipa'),
(4, 1, 'maçaranduba'),
(4, 2, 'sapodilla'),
(4, 3, 'massaranduba'),
(4, 4, 'bullet wood'),
(4, 5, 'balata'),
(6, 1, 'sucupira'),
(6, 2, 'coeur de hors'),
(6, 3, 'sapupira'),
(6, 4, 'tatabu'),
(6, 5, 'zwarte-kabbes'),
(7, 1, 'southern pine'),
(7, 2, 'slash pine'),
(7, 3, 'southern yellow pine'),
(8, 1, 'sapupira amarela'),
(8, 2, 'erejoerde'),
(8, 3, 'lialiadan koleroe'),
(8, 4, 'saandoe'),
(8, 5, 'angelim-pedra'),
(8, 6, 'St. Martin Gris'),
(9, 1, 'jaboty'),
(9, 2, 'kwanie'),
(10, 1, 'cumaru'),
(10, 2, 'tonka'),
(10, 3, 'gaiac de cayenne'),
(10, 4, 'faux gaiax'),
(10, 5, 'koemaroe'),
(10, 6, 'charapilla'),
(10, 7, 'sarrapia'),
(10, 8, 'ebo'),
(11, 1, 'goupi'),
(11, 2, 'cabacalli'),
(11, 3, 'copie'),
(11, 4, 'couepi'),
(11, 5, 'goupil'),
(11, 6, 'kabukalli'),
(11, 7, 'kaboekallii'),
(11, 8, 'koepi'),
(11, 9, 'koepie'),
(11, 10, 'kopi'),
(11, 11, 'kabikalli'),
(11, 12, 'pilon'),
(12, 1, 'lemon-scented gum'),
(13, 1, 'toobur'),
(13, 2, 'flooded gum'),
(13, 3, 'rose gum'),
(13, 4, 'eucalipto grandis'),
(14, 1, 'courbaril'),
(14, 2, 'rode locus'),
(14, 3, 'loksi'),
(14, 4, 'lokus'),
(14, 5, 'algarrobo'),
(15, 1, 'gronfolo gris'),
(15, 2, 'mandio'),
(16, 1, 'castanheiro'),
(16, 2, 'brazilnut'),
(16, 3, 'taica'),
(16, 4, 'Brazilnoot'),
(16, 5, 'Brasilian-she noot'),
(16, 6, 'ingie noto'),
(16, 7, 'inginoto'),
(16, 8, 'kokelero'),
(16, 9, 'Pará noot'),
(16, 10, 'teteka'),
(16, 11, 'toka'),
(16, 12, 'totoka'),
(16, 13, 'iubia'),
(16, 14, 'iuvia'),
(16, 15, 'juvia'),
(16, 16, 'tucá'),
(16, 17, 'turury'),
(16, 18, 'ya'),
(16, 19, 'yubia'),
(16, 20, 'almendro'),
(16, 21, 'castanha del Maranõn'),
(16, 22, 'olla de mico'),
(16, 23, 'castaño de madre de dios'),
(16, 24, 'almendra del beni'),
(16, 25, 'nuez del Brasil'),
(16, 26, 'noix du Bresil'),
(16, 27, 'Brasil nuts'),
(16, 28, 'Pará nuts'),
(16, 29, 'Brazil nut tree'),
(16, 30, 'noce del Brasil'),
(16, 31, 'Paranuss'),
(17, 1, 'quaruba'),
(17, 2, 'kwarie'),
(17, 3, 'wanekwalie'),
(17, 4, 'barba chele'),
(17, 5, 'yemeri'),
(17, 6, 'iteballi'),
(17, 7, 'kouali'),
(18, 1, 'pin parana'),
(18, 2, 'parana pine'),
(20, 1, 'balsamo'),
(20, 2, 'palo de bálsamo'),
(20, 3, 'cedro chino'),
(20, 4, 'nabal'),
(20, 5, 'chirraca'),
(20, 6, 'sándalo'),
(20, 7, 'tache'),
(20, 8, 'tolú'),
(20, 9, 'estoraque'),
(20, 10, 'incienso'),
(20, 11, 'quina'),
(22, 1, 'moral'),
(22, 2, 'fustic'),
(22, 3, 'mora'),
(22, 4, 'mora amarilla'),
(22, 5, 'tatayivá-saiyú'),
(22, 6, 'palo amarillo'),
(23, 1, 'angelim pedra'),
(23, 2, 'faveira preta'),
(23, 3, 'kuraru'),
(23, 4, 'parakwa'),
(24, 1, 'guariuba'),
(24, 2, 'moral babo'),
(24, 3, 'moral comida de mono'),
(24, 4, 'sota'),
(24, 5, 'zota'),
(24, 6, 'capinuri'),
(24, 7, 'tulpay'),
(25, 1, 'peroba rosa'),
(26, 1, 'andiroba'),
(26, 2, 'caraba'),
(26, 3, 'crabwood'),
(26, 4, 'damerara'),
(26, 5, 'karaba'),
(26, 6, 'bois caille'),
(26, 7, 'cachipou'),
(26, 8, 'carapá'),
(26, 9, 'crapo'),
(26, 10, 'karappa'),
(26, 11, 'bateo'),
(26, 12, 'cedro bateo'),
(26, 13, 'cedro-macho'),
(26, 14, 'figueroa'),
(26, 15, 'tangare'),
(27, 1, 'curupay'),
(27, 2, 'cebil colorado'),
(28, 1, 'parcouri'),
(28, 2, 'pakuri'),
(28, 3, 'pakoori'),
(28, 4, 'wild mamme aple'),
(28, 5, 'pakoeli'),
(28, 6, 'geelhart'),
(28, 7, 'bacury'),
(28, 8, 'pakoelie of geelhart'),
(28, 9, 'pakoelie of ger''ati'),
(28, 10, 'parcori'),
(28, 11, 'parcouri jaune'),
(28, 12, 'parcouri soufre'),
(28, 13, 'bacuri manil'),
(28, 14, 'matazona'),
(29, 1, 'cedro'),
(29, 2, 'south american cedar'),
(29, 3, 'redceder'),
(29, 4, 'cedes'),
(29, 5, 'kurana'),
(29, 6, 'acajou femelle'),
(29, 7, 'cedre acajou'),
(29, 8, 'ceder'),
(29, 9, 'cedro-rosa'),
(29, 10, 'cedro colorado'),
(29, 11, 'cedro de castilla'),
(29, 12, 'cedro blaco'),
(29, 13, 'cedro oloroso'),
(29, 14, 'cedro caoba'),
(29, 15, 'cedo clavel'),
(29, 16, 'cedro amargo'),
(29, 17, 'cedro amarillo'),
(29, 18, 'culche'),
(29, 19, 'cóbano'),
(29, 20, 'cedro real'),
(29, 21, 'cedro hembra'),
(29, 22, 'cedro macho'),
(29, 23, 'spanish cedar'),
(29, 24, 'cigarbox'),
(30, 1, 'tornillo'),
(31, 1, 'copaiba'),
(31, 2, 'cupay'),
(32, 1, 'balata blanc'),
(32, 2, 'suikerhout'),
(32, 3, 'morabali'),
(33, 1, 'batibatra'),
(34, 1, 'freijo'),
(34, 2, 'laurel blanco'),
(34, 3, 'salmwood'),
(34, 4, 'pardillo'),
(35, 1, 'grapia'),
(37, 1, 'imbua'),
(37, 2, 'brazilian walnut'),
(38, 1, 'ipé'),
(38, 2, 'ipê'),
(38, 3, 'bethabara'),
(38, 4, 'lapacho'),
(38, 5, 'lapacho ararillo'),
(39, 1, 'itauba'),
(39, 2, 'itaùba'),
(40, 1, 'santa maria'),
(40, 2, 'jacareuba'),
(40, 3, 'aceite maria'),
(40, 4, 'aceite'),
(40, 5, 'ocuje'),
(40, 6, 'maria'),
(40, 7, 'bella maria'),
(40, 8, 'kurahara'),
(40, 9, 'lagarto caspi'),
(40, 10, 'alfaro'),
(40, 11, 'koerli'),
(40, 12, 'palo maria'),
(40, 13, 'lorahara'),
(41, 1, 'louro vermelho'),
(41, 2, 'red louro'),
(41, 3, 'determa'),
(41, 4, 'red wood'),
(41, 5, 'grignon rouge'),
(41, 6, 'grignon franc'),
(41, 7, 'wane'),
(41, 8, 'wana'),
(42, 1, 'trebol'),
(42, 2, 'macacawood'),
(42, 3, 'nambar'),
(42, 4, 'bastado'),
(42, 5, 'vencola'),
(42, 6, 'caoba'),
(42, 7, 'trebol azul'),
(42, 8, 'koenatepie'),
(43, 1, 'marupa'),
(43, 2, 'simaruba'),
(43, 3, 'aceituno'),
(44, 1, 'mahogany'),
(44, 2, 'american mahogany'),
(44, 3, 'acaju'),
(44, 4, 'caoba'),
(44, 5, 'mahagoni'),
(45, 1, 'gonçalo alvez'),
(45, 2, 'gonçalo alves'),
(46, 1, 'muirapiranga'),
(46, 2, 'satiné'),
(47, 1, 'parapara'),
(47, 2, 'futui'),
(47, 3, 'tinto blanco'),
(47, 4, 'chingale'),
(47, 5, 'pavito'),
(47, 6, 'arabisco'),
(47, 7, 'kuiship'),
(47, 8, 'copaya'),
(47, 9, 'bois pian'),
(47, 10, 'faux simarouba'),
(47, 11, 'gualandai'),
(47, 12, 'chicharra caspi'),
(47, 13, 'goebaja'),
(47, 14, 'futi'),
(47, 15, 'foetei'),
(48, 1, 'box wood'),
(48, 2, 'canary wood'),
(48, 3, 'sateen wood'),
(48, 4, 'satin wood'),
(49, 1, 'amarante'),
(49, 2, 'purpleheart'),
(49, 3, 'bois violet'),
(49, 4, 'violet holz'),
(49, 5, 'purper hart'),
(50, 1, 'bagasse'),
(50, 2, 'tatajuba'),
(51, 1, 'araroba'),
(51, 2, 'gelekabbes'),
(51, 3, 'geri habisi'),
(51, 4, 'arisower'),
(51, 5, 'frijollilo'),
(51, 6, 'amargosa'),
(51, 7, 'guacamayo'),
(51, 8, 'amargo'),
(51, 9, 'arasaru'),
(51, 10, 'aksauru'),
(51, 11, 'arisoro'),
(52, 1, 'curupay-ra'),
(52, 2, 'anchico colorado'),
(53, 1, 'araracanga'),
(53, 2, 'bois macaye'),
(53, 3, 'my lady'),
(53, 4, 'kromantie'),
(55, 1, 'ibirá-payo'),
(55, 2, 'incienso'),
(56, 1, 'caracoli'),
(56, 2, 'boskajoe'),
(56, 3, 'cashew'),
(56, 4, 'espave'),
(56, 5, 'espavel'),
(56, 6, 'wild-cashew'),
(57, 1, 'anaura'),
(57, 2, 'gris gris coumate'),
(57, 3, 'gris gris rouge'),
(57, 4, 'iron mary kauta'),
(57, 5, 'marishiballi'),
(57, 6, 'sponshout'),
(58, 1, 'cerejeira'),
(58, 2, 'trebol'),
(58, 3, 'roble'),
(58, 4, 'soriocco'),
(58, 5, 'amburana'),
(59, 1, 'tamaga'),
(59, 2, 'bois rouge'),
(59, 3, 'chinaberrry tree'),
(60, 1, 'sidney blue gum'),
(60, 2, 'blue gum'),
(62, 1, 'faveira'),
(64, 1, 'southern silky-oak'),
(64, 2, 'kawilia'),
(64, 3, 'lacewood'),
(65, 1, 'ibirapitá'),
(65, 2, 'yryrá-pytá'),
(65, 3, 'cañafistula'),
(65, 4, 'palo colorado'),
(66, 1, 'vinhatico'),
(67, 1, 'jarana'),
(68, 1, 'american light cordia'),
(68, 2, 'terebi'),
(68, 3, 'laurel blanco'),
(68, 4, 'pardillo'),
(68, 5, 'laurel de costa'),
(68, 6, 'laurel negro'),
(68, 7, 'laurel'),
(68, 8, 'freijó'),
(69, 1, 'melancieira'),
(70, 1, 'pau-marfim'),
(70, 2, 'guatambu'),
(70, 3, 'guatambu blanco'),
(71, 1, 'peroba-de-campos'),
(71, 2, 'white peroba'),
(72, 1, 'abe a beurre'),
(72, 2, 'pekea'),
(72, 3, 'bats souari'),
(73, 1, 'coco'),
(73, 2, 'coco mono'),
(73, 3, 'coco cristal'),
(73, 4, 'coco de mono'),
(73, 5, 'olla de mono'),
(73, 6, 'monkey pot'),
(73, 7, 'kwattapatoe'),
(73, 8, 'machin mango'),
(74, 1, 'ceiba'),
(74, 2, 'fromager'),
(74, 3, 'fuma'),
(74, 4, 'kapokier'),
(74, 5, 'kankantri'),
(74, 6, 'mapou'),
(75, 1, 'timbó'),
(77, 1, 'black tachi'),
(78, 1, 'teak'),
(78, 2, 'teck'),
(78, 3, 'tiek'),
(78, 4, 'djati'),
(61, 1, 'saouri'),
(61, 2, 'bats souari'),
(61, 3, 'almendro'),
(61, 4, 'sawari'),
(76, 1, 'nargusta'),
(76, 2, 'mountain wild olive'),
(76, 3, 'yellow sanders'),
(76, 4, 'yellow oliver'),
(76, 5, 'jucaro amarillo'),
(76, 6, 'granadillo'),
(76, 7, 'bois margot'),
(76, 8, 'bois gris gris'),
(76, 9, 'amarillo'),
(76, 10, 'almendro');

INSERT INTO `Madeira_Nome_Intern_Fonte` (`Cod_Madeira`, `Cod_Nome_Internacional`, `Num_Ordem_Fonte`, `Cod_Fonte`) VALUES
(1, 1, 1, 2),
(3, 1, 1, 2),
(4, 1, 1, 2),
(6, 1, 1, 2),
(8, 1, 1, 2),
(9, 1, 1, 2),
(10, 1, 1, 2),
(11, 1, 1, 2),
(14, 1, 1, 2),
(15, 1, 1, 2),
(16, 1, 1, 2),
(17, 1, 1, 2),
(18, 1, 1, 2),
(20, 1, 1, 2),
(22, 1, 1, 2),
(23, 1, 1, 2),
(24, 1, 1, 2),
(25, 1, 1, 2),
(26, 1, 1, 2),
(27, 1, 1, 2),
(28, 1, 1, 2),
(29, 1, 1, 2),
(30, 1, 1, 2),
(31, 1, 1, 2),
(32, 1, 1, 2),
(33, 1, 1, 2),
(34, 1, 1, 2),
(35, 1, 1, 2),
(37, 1, 1, 2),
(38, 1, 1, 2),
(39, 2, 1, 2),
(40, 1, 1, 2),
(41, 1, 1, 2),
(42, 1, 1, 2),
(43, 1, 1, 2),
(44, 1, 1, 2),
(45, 1, 1, 2),
(46, 1, 1, 2),
(47, 1, 1, 2),
(49, 1, 1, 2),
(50, 1, 1, 2),
(1, 2, 1, 3),
(3, 2, 1, 3),
(4, 3, 1, 3),
(6, 1, 2, 3),
(7, 1, 1, 3),
(10, 1, 2, 3),
(15, 2, 1, 3),
(16, 2, 1, 3),
(17, 1, 2, 3),
(18, 2, 2, 3),
(22, 2, 2, 3),
(24, 1, 2, 3),
(25, 1, 2, 3),
(26, 1, 2, 3),
(29, 2, 2, 3),
(30, 1, 2, 3),
(34, 1, 2, 3),
(37, 1, 2, 3),
(38, 2, 2, 3),
(39, 1, 3, 3),
(40, 2, 2, 3),
(41, 2, 2, 3),
(42, 1, 2, 3),
(43, 2, 2, 3),
(44, 2, 2, 3),
(45, 2, 2, 3),
(46, 2, 2, 3),
(47, 2, 2, 3),
(49, 2, 2, 3),
(50, 2, 2, 3),
(51, 1, 1, 2),
(51, 1, 2, 3),
(52, 1, 1, 2),
(52, 2, 1, 2),
(53, 1, 1, 2),
(55, 2, 1, 6),
(56, 1, 1, 2),
(56, 6, 1, 17),
(57, 6, 1, 17),
(58, 1, 1, 2),
(62, 1, 1, 17),
(64, 3, 1, 25),
(65, 2, 1, 6),
(66, 1, 1, 2),
(66, 1, 2, 3),
(67, 1, 1, 17),
(68, 1, 1, 3),
(70, 1, 1, 2),
(70, 1, 2, 3),
(71, 1, 1, 2),
(71, 1, 2, 3),
(71, 2, 1, 2),
(71, 2, 2, 3),
(72, 3, 1, 17),
(74, 1, 1, 3),
(75, 1, 1, 17),
(77, 1, 1, 17),
(73, 5, 1, 17),
(61, 4, 1, 17),
(78, 1, 1, 3),
(76, 1, 1, 2);

INSERT INTO `Ocorrencia` (`Cod_Ocorrencia`, `Nome_Ocorrencia`, `Cod_Tipo_Ocorrencia`, `Cod_Origem`) VALUES
(1, 'Acre', 5, 'N'),
(2, 'Amapá', 5, 'N'),
(3, 'Amazonas', 5, 'N'),
(4, 'Pará', 5, 'N'),
(5, 'Rondônia', 5, 'N'),
(6, 'Roraima', 5, 'N'),
(7, 'Tocantins', 5, 'N'),
(8, 'Maranhão', 5, 'N'),
(9, 'Ceará', 5, 'N'),
(10, 'Piauí', 5, 'N'),
(11, 'Paraíba', 5, 'N'),
(12, 'Pernambuco', 5, 'N'),
(13, 'Alagoas', 5, 'N'),
(14, 'Bahia', 5, 'N'),
(15, 'Rio Grande do Norte', 5, 'N'),
(16, 'Sergipe', 5, 'N'),
(17, 'Mato Grosso', 5, 'N'),
(18, 'Mato Grosso do Sul', 5, 'N'),
(19, 'Góias', 5, 'N'),
(20, 'Minas Gerais', 5, 'N'),
(21, 'Espírito Santo', 5, 'N'),
(22, 'Rio de Janeiro', 5, 'N'),
(23, 'São Paulo', 5, 'N'),
(24, 'Paraná', 5, 'N'),
(25, 'Santa Catarina', 5, 'N'),
(26, 'Rio Grande do Sul', 5, 'N'),
(27, 'Amazônia', 3, 'N'),
(28, 'Mata Atlântica', 3, 'N'),
(29, 'África', 1, 'I'),
(30, 'América Central', 1, 'I'),
(31, 'América do Norte', 1, 'I'),
(32, 'América do Sul', 1, 'I'),
(33, 'Ásia', 1, 'I'),
(34, 'Europa', 1, 'I'),
(35, 'Oceania', 1, 'I'),
(36, 'Afeganistão', 2, 'I'),
(37, 'África do Sul', 2, 'I'),
(38, 'Albânia', 2, 'I'),
(39, 'Alemanha', 2, 'I'),
(40, 'Andorra', 2, 'I'),
(41, 'Angola', 2, 'I'),
(42, 'Antigua e Barbuda', 2, 'I'),
(43, 'Arábia Saudita', 2, 'I'),
(44, 'Argélia', 2, 'I'),
(45, 'Argentina', 2, 'I'),
(46, 'Armênia', 2, 'I'),
(47, 'Austrália', 2, 'I'),
(48, 'Áustria', 2, 'I'),
(49, 'Azerbaijão', 2, 'I'),
(50, 'Bahamas', 2, 'I'),
(51, 'Bangladesh', 2, 'I'),
(52, 'Barbados', 2, 'I'),
(53, 'Bahrein', 2, 'I'),
(54, 'Bélgica', 2, 'I'),
(55, 'Belize', 2, 'I'),
(56, 'Benin', 2, 'I'),
(57, 'Bielorrússia (Belarus)', 2, 'I'),
(58, 'Bolívia', 2, 'I'),
(59, 'Bósnia Herzegóvina', 2, 'I'),
(60, 'Botsuana', 2, 'I'),
(61, 'Brasil', 2, 'I'),
(62, 'Brunei', 2, 'I'),
(63, 'Bulgária', 2, 'I'),
(64, 'Burkina-Fasso', 2, 'I'),
(65, 'Burundi', 2, 'I'),
(66, 'Butão', 2, 'I'),
(67, 'Cabo Verde', 2, 'I'),
(68, 'Camarões', 2, 'I'),
(69, 'Camboja', 2, 'I'),
(70, 'Canadá', 2, 'I'),
(71, 'Catar', 2, 'I'),
(72, 'Cazaquistão', 2, 'I'),
(73, 'Chade', 2, 'I'),
(74, 'Chile', 2, 'I'),
(75, 'China', 2, 'I'),
(76, 'Chipre', 2, 'I'),
(77, 'Cingapura', 2, 'I'),
(78, 'Colômbia', 2, 'I'),
(79, 'Congo', 2, 'I'),
(80, 'Comores', 2, 'I'),
(81, 'Coréia do Norte', 2, 'I'),
(82, 'Coréia do Sul', 2, 'I'),
(83, 'Costa do Marfim', 2, 'I'),
(84, 'Costa Rica', 2, 'I'),
(85, 'Croácia', 2, 'I'),
(86, 'Cuba', 2, 'I'),
(87, 'Dinamarca', 2, 'I'),
(88, 'Djibuti', 2, 'I'),
(89, 'Dominica', 2, 'I'),
(90, 'Egito', 2, 'I'),
(91, 'El Salvador', 2, 'I'),
(92, 'Emirados Árabes Unidos', 2, 'I'),
(93, 'Equador', 2, 'I'),
(94, 'Eritréia', 2, 'I'),
(95, 'Escócia', 2, 'I'),
(96, 'Eslováquia', 2, 'I'),
(97, 'Eslovênia', 2, 'I'),
(98, 'Espanha', 2, 'I'),
(99, 'Estados Unidos', 2, 'I'),
(100, 'Estônia', 2, 'I'),
(101, 'Etiópia', 2, 'I'),
(102, 'Federação Russa', 2, 'I'),
(103, 'Fiji', 2, 'I'),
(104, 'Filipinas', 2, 'I'),
(105, 'Finlândia', 2, 'I'),
(106, 'Formosa (Taiwan)', 2, 'I'),
(107, 'França', 2, 'I'),
(108, 'Gabão', 2, 'I'),
(109, 'Gâmbia', 2, 'I'),
(110, 'Gana', 2, 'I'),
(111, 'Geórgia', 2, 'I'),
(112, 'Grã Bretanha', 2, 'I'),
(113, 'Granada', 2, 'I'),
(114, 'Grécia', 2, 'I'),
(115, 'Groenlândia', 2, 'I'),
(116, 'Guatemala', 2, 'I'),
(117, 'Guiana', 2, 'I'),
(118, 'Guiana Francesa', 2, 'I'),
(119, 'Guiné', 2, 'I'),
(120, 'Guiné Bissau', 2, 'I'),
(121, 'Guiné Equatorial', 2, 'I'),
(122, 'Haiti', 2, 'I'),
(123, 'Holanda', 2, 'I'),
(124, 'Honduras', 2, 'I'),
(125, 'Hungria', 2, 'I'),
(126, 'Iêmen', 2, 'I'),
(127, 'Ilhas Marshall', 2, 'I'),
(128, 'Ilhas Salomão', 2, 'I'),
(129, 'Índia', 2, 'I'),
(130, 'Indonésia', 2, 'I'),
(131, 'Irã', 2, 'I'),
(132, 'Iraque', 2, 'I'),
(133, 'Irlanda', 2, 'I'),
(134, 'Irlanda do Norte', 2, 'I'),
(135, 'Islândia', 2, 'I'),
(136, 'Israel', 2, 'I'),
(137, 'Itália', 2, 'I'),
(138, 'Jamaica', 2, 'I'),
(139, 'Japão', 2, 'I'),
(140, 'Jordânia', 2, 'I'),
(141, 'Kiribati', 2, 'I'),
(142, 'Kuweit', 2, 'I'),
(143, 'Laos', 2, 'I'),
(144, 'Lesoto', 2, 'I'),
(145, 'Letônia', 2, 'I'),
(146, 'Líbano', 2, 'I'),
(147, 'Libéria', 2, 'I'),
(148, 'Líbia', 2, 'I'),
(149, 'Liechtenstein', 2, 'I'),
(150, 'Lituânia', 2, 'I'),
(151, 'Luxemburgo', 2, 'I'),
(152, 'Macedônia', 2, 'I'),
(153, 'Madagascar', 2, 'I'),
(154, 'Malásia', 2, 'I'),
(155, 'Malauí', 2, 'I'),
(156, 'Maldivas', 2, 'I'),
(157, 'Mali', 2, 'I'),
(158, 'Malta', 2, 'I'),
(159, 'Marrocos', 2, 'I'),
(160, 'Maurício', 2, 'I'),
(161, 'Mauritânia', 2, 'I'),
(162, 'México', 2, 'I'),
(163, 'Mianmar', 2, 'I'),
(164, 'Micronésia', 2, 'I'),
(165, 'Moçambique', 2, 'I'),
(166, 'Moldávia', 2, 'I'),
(167, 'Mônaco', 2, 'I'),
(168, 'Mongólia', 2, 'I'),
(169, 'Namíbia', 2, 'I'),
(170, 'Naurú', 2, 'I'),
(171, 'Nepal', 2, 'I'),
(172, 'Nicarágua', 2, 'I'),
(173, 'Niger', 2, 'I'),
(174, 'Nigéria', 2, 'I'),
(175, 'Noruega', 2, 'I'),
(176, 'Nova Zelândia', 2, 'I'),
(177, 'Omã', 2, 'I'),
(178, 'Panamá', 2, 'I'),
(179, 'Palau', 2, 'I'),
(180, 'Papua Nova Guiné', 2, 'I'),
(181, 'Paraguai', 2, 'I'),
(182, 'Peru', 2, 'I'),
(183, 'Polônia', 2, 'I'),
(184, 'Porto Rico', 2, 'I'),
(185, 'Portugal', 2, 'I'),
(186, 'Quênia', 2, 'I'),
(187, 'Quirguistão', 2, 'I'),
(188, 'Reino Unido', 2, 'I'),
(189, 'Rep. Centro-Africana', 2, 'I'),
(190, 'Rep. Dominicana', 2, 'I'),
(191, 'República Tcheca', 2, 'I'),
(192, 'Romênia', 2, 'I'),
(193, 'Ruanda', 2, 'I'),
(194, 'Samoa', 2, 'I'),
(195, 'San Marino', 2, 'I'),
(196, 'Santa Lúcia', 2, 'I'),
(197, 'São Cristóvão e Névis', 2, 'I'),
(198, 'São Tomé e Príncipe', 2, 'I'),
(199, 'São Vicente e Granadinas', 2, 'I'),
(200, 'Seicheles', 2, 'I'),
(201, 'Senegal', 2, 'I'),
(202, 'Serra Leoa', 2, 'I'),
(203, 'Sérvia e Montenegro', 2, 'I'),
(204, 'Síria', 2, 'I'),
(205, 'Somália', 2, 'I'),
(206, 'Sri Lanka', 2, 'I'),
(207, 'Suazilândia', 2, 'I'),
(208, 'Sudão', 2, 'I'),
(209, 'Suécia', 2, 'I'),
(210, 'Suíça', 2, 'I'),
(211, 'Suriname', 2, 'I'),
(212, 'Tadjiquistão', 2, 'I'),
(213, 'Tailândia', 2, 'I'),
(214, 'Tanzânia', 2, 'I'),
(215, 'Togo', 2, 'I'),
(216, 'Tonga', 2, 'I'),
(217, 'Trinidad e Tobago', 2, 'I'),
(218, 'Tunísia', 2, 'I'),
(219, 'Turcomenistão', 2, 'I'),
(220, 'Turquia', 2, 'I'),
(221, 'Tuvalu', 2, 'I'),
(222, 'Ucrânia', 2, 'I'),
(223, 'Uganda', 2, 'I'),
(224, 'Uruguai', 2, 'I'),
(225, 'Uzbequistão', 2, 'I'),
(226, 'Vanuatu', 2, 'I'),
(227, 'Vaticano', 2, 'I'),
(228, 'Venezuela', 2, 'I'),
(229, 'Vietnã', 2, 'I'),
(230, 'Zaire', 2, 'I'),
(231, 'Zâmbia', 2, 'I'),
(232, 'Zimbábue', 2, 'I'),
(233, 'Inglaterra', 2, 'I'),
(234, 'Norte', 4, 'N'),
(235, 'Nordeste', 4, 'N'),
(236, 'Centro-Oeste', 4, 'N'),
(237, 'Sudeste', 4, 'N'),
(238, 'Sul', 4, 'N'),
(240, 'Guadalupe', 2, 'I'),
(242, 'Paquistão', 2, 'I');

INSERT INTO `Madeira_Nome_Intern_Ocorr` (`Cod_Madeira`, `Cod_Nome_Internacional`, `Cod_Ocorrencia`) VALUES
(1, 3, 58),
(1, 6, 99),
(1, 6, 233),
(1, 7, 99),
(1, 7, 211),
(1, 7, 233),
(1, 10, 217),
(2, 1, 211),
(3, 4, 118),
(3, 5, 117),
(3, 7, 211),
(8, 4, 211),
(8, 5, 98),
(8, 5, 99),
(8, 5, 107),
(8, 5, 112),
(8, 5, 137),
(8, 6, 118),
(9, 2, 117),
(10, 2, 117),
(10, 4, 118),
(10, 5, 211),
(10, 6, 182),
(10, 7, 78),
(10, 7, 228),
(10, 8, 84),
(10, 8, 124),
(10, 8, 178),
(11, 9, 117),
(11, 9, 118),
(11, 11, 211),
(11, 12, 228),
(12, 1, 47),
(13, 3, 47),
(13, 4, 84),
(14, 1, 86),
(14, 1, 117),
(14, 1, 118),
(14, 1, 182),
(14, 1, 233),
(14, 4, 211),
(14, 5, 78),
(14, 5, 228),
(16, 3, 118),
(16, 12, 211),
(16, 19, 228),
(16, 22, 78),
(16, 23, 182),
(16, 26, 107),
(16, 29, 233),
(16, 30, 137),
(16, 31, 39),
(17, 3, 211),
(17, 5, 172),
(17, 6, 117),
(17, 7, 118),
(20, 1, 182),
(20, 4, 162),
(20, 6, 84),
(20, 8, 78),
(20, 9, 182),
(20, 11, 45),
(22, 3, 58),
(22, 4, 45),
(22, 4, 58),
(22, 4, 181),
(22, 6, 45),
(22, 6, 181),
(23, 4, 117),
(26, 1, 181),
(26, 1, 182),
(26, 5, 117),
(26, 9, 118),
(26, 10, 211),
(26, 13, 178),
(26, 15, 93),
(27, 1, 45),
(27, 1, 181),
(28, 4, 117),
(28, 9, 211),
(28, 13, 118),
(28, 14, 93),
(29, 5, 117),
(29, 7, 118),
(29, 9, 211),
(29, 10, 182),
(29, 11, 93),
(29, 15, 78),
(29, 16, 178),
(29, 17, 228),
(29, 18, 162),
(29, 19, 84),
(29, 20, 91),
(29, 21, 190),
(29, 22, 86),
(29, 23, 99),
(29, 23, 233),
(29, 24, 99),
(31, 1, 182),
(31, 2, 181),
(32, 2, 211),
(32, 3, 117),
(34, 2, 30),
(34, 3, 112),
(34, 4, 228),
(40, 4, 78),
(40, 5, 86),
(40, 6, 93),
(40, 7, 93),
(40, 8, 117),
(40, 9, 182),
(40, 10, 182),
(40, 12, 211),
(40, 12, 228),
(40, 13, 211),
(42, 2, 99),
(42, 3, 84),
(42, 4, 172),
(42, 5, 228),
(42, 6, 93),
(42, 7, 181),
(42, 8, 211),
(43, 1, 39),
(43, 1, 98),
(43, 1, 107),
(43, 2, 78),
(43, 2, 99),
(43, 2, 117),
(43, 2, 137),
(43, 2, 209),
(43, 2, 228),
(43, 2, 233),
(43, 3, 84),
(43, 3, 124),
(43, 3, 172),
(43, 3, 178),
(47, 3, 58),
(47, 5, 78),
(47, 7, 93),
(47, 10, 117),
(47, 11, 178),
(47, 11, 228),
(47, 12, 182),
(47, 15, 211),
(49, 3, 118),
(49, 4, 39),
(49, 5, 211),
(60, 1, 47),
(60, 2, 47),
(61, 1, 118),
(61, 2, 117),
(61, 3, 182),
(61, 4, 228),
(68, 2, 45),
(68, 2, 181),
(68, 3, 30),
(68, 4, 228),
(68, 5, 93),
(68, 6, 112),
(68, 7, 112),
(68, 8, 112),
(70, 2, 45),
(70, 2, 181),
(70, 3, 45),
(70, 3, 181),
(72, 1, 118),
(72, 2, 233),
(72, 3, 233),
(73, 1, 178),
(73, 2, 78),
(73, 3, 78),
(73, 4, 228),
(73, 5, 228),
(73, 6, 117),
(73, 7, 211),
(73, 8, 182),
(74, 1, 98),
(74, 1, 99),
(74, 1, 112),
(74, 2, 118),
(74, 3, 39),
(74, 3, 79),
(74, 3, 123),
(74, 4, 118),
(74, 5, 211),
(74, 6, 122),
(74, 6, 240),
(76, 2, 138),
(76, 3, 138),
(76, 3, 217),
(76, 4, 217),
(76, 5, 86),
(76, 6, 184),
(76, 6, 228),
(76, 7, 122),
(76, 8, 122),
(76, 9, 228),
(76, 10, 78),
(78, 2, 107),
(78, 3, 39),
(78, 4, 123);

INSERT INTO `Madeira_Nome_Popular` (`Cod_Madeira`, `Cod_Nome_Popular`, `Nome_Popular`, `Ind_Nome_Principal`) VALUES
(1, 1, 'açacu', 1),
(1, 2, 'açacu-branco', 0),
(1, 3, 'açacu-preto', 0),
(1, 4, 'açacu-vermelho', 0),
(1, 5, 'areeiro', 0),
(2, 1, 'amapá', 1),
(2, 2, 'amapá-amargo', 0),
(2, 3, 'amapá-doce', 0),
(2, 4, 'amaparana', 0),
(2, 5, 'mururé', 0),
(3, 1, 'tauari', 1),
(3, 2, 'imbirema', 0),
(3, 3, 'tauari-amarelo', 0),
(3, 4, 'tauari-morrão', 0),
(3, 5, 'estopeiro', 0),
(4, 1, 'maçaranduba', 1),
(4, 2, 'aparaiú', 0),
(4, 3, 'balata-verdadeira', 0),
(4, 4, 'maçaranduba-de-leite', 0),
(4, 5, 'maçarandubinha', 0),
(4, 6, 'maçaranduba-verdadeira', 0),
(4, 7, 'maparajuba', 0),
(4, 8, 'marapajuba-da-várzea', 0),
(4, 9, 'paraju', 0),
(5, 1, 'amesclão', 1),
(5, 2, 'amescla', 0),
(5, 3, 'almesclão', 0),
(5, 4, 'breu', 0),
(5, 5, 'breu-preto', 0),
(5, 6, 'breu-sucuruba', 0),
(5, 7, 'breu-sucuuba', 0),
(5, 8, 'mangue', 0),
(5, 9, 'mescla', 0),
(5, 10, 'morcegueira', 0),
(5, 11, 'sucuruba', 0),
(5, 12, 'sucurubeira', 0),
(6, 1, 'sucupira', 1),
(6, 2, 'cutiúba', 0),
(6, 3, 'macanaíba', 0),
(6, 4, 'macanaíba-pele-de-sapo', 0),
(6, 5, 'sapupira', 0),
(6, 6, 'sapupira-da-mata', 0),
(6, 7, 'sapupira-parda', 0),
(6, 8, 'sebepira', 0),
(6, 9, 'sucupira-açu', 0),
(6, 10, 'sucupira-da-terra-firme', 0),
(6, 11, 'sucupira-da-várzea', 0),
(6, 12, 'sucupira-do-igapó', 0),
(6, 13, 'sucupira-marreta', 0),
(6, 14, 'sucupira-parda', 0),
(6, 15, 'sucupira-preta', 0),
(6, 16, 'sucupira-roxa', 0),
(7, 1, 'pinus-eliote', 1),
(7, 2, 'pinus', 0),
(7, 3, 'pinheiro', 0),
(7, 4, 'pinheiro-americano', 0),
(8, 1, 'angelim-pedra', 1),
(8, 2, 'angelim', 0),
(8, 3, 'angelim-amarelo', 0),
(8, 4, 'angelim-da-mata', 0),
(8, 5, 'angelim-do-pará', 0),
(8, 6, 'angelim-macho', 0),
(8, 7, 'mirarema', 0),
(9, 1, 'cedrinho', 1),
(9, 2, 'bruteiro', 0),
(9, 3, 'cambará', 0),
(9, 4, 'cambará-rosa', 0),
(9, 5, 'cachimbo-de-jabuti', 0),
(9, 6, 'cedrilho', 0),
(9, 7, 'jaboti', 0),
(9, 8, 'jaboti-da-terra-firme', 0),
(9, 9, 'quaruba-vermelha', 0),
(9, 10, 'quarubarana', 0),
(9, 11, 'verga-de-jabuti', 0),
(9, 12, 'quarubatinga', 0),
(10, 1, 'cumaru', 1),
(10, 2, 'camaru', 0),
(10, 3, 'camaru-ferro', 0),
(10, 4, 'cambaru', 0),
(10, 5, 'cambaru-ferro', 0),
(10, 6, 'champanha', 0),
(10, 7, 'cumaru-amarelo', 0),
(10, 8, 'cumaru-da-folha-grande', 0),
(10, 9, 'cumaru-escuro', 0),
(10, 10, 'cumaru-ferro', 0),
(10, 11, 'cumaru-rosa', 0),
(10, 12, 'cumaru-roxo', 0),
(10, 13, 'cumaru-verdadeiro', 0),
(10, 14, 'cumbari', 0),
(10, 15, 'cumbaru-ferro', 0),
(10, 16, 'muirapagé', 0),
(11, 1, 'cupiúba', 1),
(11, 2, 'cachaceiro', 0),
(11, 3, 'copiúba', 0),
(11, 4, 'copiúva', 0),
(11, 5, 'cupiúba-rosa', 0),
(11, 6, 'peniqueiro', 0),
(11, 7, 'peroba-do-norte', 0),
(11, 8, 'peroba-fedida', 0),
(11, 9, 'vinagreiro', 0),
(12, 1, 'eucalipto-citriodora', 1),
(12, 2, 'eucalipto', 0),
(13, 1, 'eucalipto-grandis', 1),
(13, 2, 'eucalipto', 0),
(14, 1, 'jatobá', 1),
(14, 2, 'copal', 0),
(14, 3, 'courbaril', 0),
(14, 4, 'jataí', 0),
(14, 5, 'jataíba', 0),
(14, 6, 'jatobá-curuba', 0),
(14, 7, 'jatobazinho', 0),
(14, 8, 'jutaí', 0),
(14, 9, 'jutaí-açu', 0),
(14, 10, 'jutaí-grande', 0),
(14, 11, 'jutaí-do-igapó', 0),
(14, 12, 'jutaí-mirim', 0),
(14, 13, 'jutaí-vermelho', 0),
(14, 14, 'quebra machado', 0),
(15, 1, 'mandioqueira', 1),
(15, 2, 'canela-mandioca', 0),
(15, 3, 'mandioqueira-áspera', 0),
(15, 4, 'mandioqueira-escamosa', 0),
(15, 5, 'mandioqueira-vermelha', 0),
(15, 6, 'mandioqueira-lisa', 0),
(15, 7, 'madioqueiro', 0),
(16, 1, 'castanheira', 1),
(16, 2, 'amendoeira-da-américa', 0),
(16, 3, 'castanha', 0),
(16, 4, 'castanha-do-brasil', 0),
(16, 5, 'castanha-do-maranhão', 0),
(16, 6, 'castanha-do-pará', 0),
(16, 7, 'castanha-verdadeira', 0),
(16, 8, 'castanheira-rosa', 0),
(16, 9, 'castanheiro', 0),
(16, 10, 'noz-do-brasil', 0),
(17, 1, 'quaruba', 1),
(17, 2, 'guaruba', 0),
(17, 3, 'guaruba-cedro', 0),
(17, 4, 'quaruba-cedro', 0),
(17, 5, 'quaruba-goiaba', 0),
(17, 6, 'quaruba-verdadeira', 0),
(17, 7, 'quaruba-vermelha', 0),
(18, 1, 'pinho-do-paraná', 1),
(18, 2, 'pinho', 0),
(18, 3, 'pinho-brasileiro', 0),
(18, 4, 'pinheiro-do-paraná', 0),
(19, 1, 'louro-faia euplassa', 1),
(19, 2, 'carvalho-brasileiro', 0),
(19, 3, 'catucaém', 0),
(19, 4, 'cedro-bordado', 0),
(19, 5, 'cigarreira', 0),
(19, 6, 'faia', 0),
(19, 7, 'faieira', 0),
(19, 8, 'pau-concha', 0),
(20, 1, 'cabriúva-vermelha', 1),
(20, 2, 'bálsamo', 0),
(20, 3, 'cabreúva', 0),
(20, 4, 'cabriúva', 0),
(20, 5, 'óleo-balsa', 0),
(20, 6, 'óleo-de-bálsamo', 0),
(20, 7, 'óleo-pardo', 0),
(20, 8, 'óleo-vermelho', 0),
(20, 9, 'pau-de-bálsamo', 0),
(20, 10, 'quina-quina', 0),
(20, 11, 'sangue-de-gato', 0),
(20, 12, 'balsamo', 0),
(21, 1, 'louro-faia roupala', 1),
(21, 2, 'carne-de-vaca', 0),
(21, 3, 'carvalho-do-brasil', 0),
(21, 4, 'faieira', 0),
(22, 1, 'amoreira', 1),
(22, 2, 'amoreira-branca', 0),
(22, 3, 'amarelinho', 0),
(22, 4, 'amoreira-de-espinho', 0),
(22, 5, 'jataíba', 0),
(22, 6, 'limãorana', 0),
(22, 7, 'limorana', 0),
(22, 8, 'moreira', 0),
(22, 9, 'pau-amarelo', 0),
(22, 10, 'runa', 0),
(22, 11, 'taiuva', 0),
(22, 12, 'tajuba', 0),
(22, 13, 'tatajiba', 0),
(22, 14, 'tatajuba', 0),
(22, 15, 'tatajuba-de-espinho', 0),
(22, 16, 'tatané', 0),
(22, 17, 'taúba', 0),
(23, 1, 'angelim-vermelho', 1),
(23, 2, 'angelim', 0),
(23, 3, 'angelim-falso', 0),
(23, 4, 'angelim-ferro', 0),
(23, 5, 'angelim-pedra', 0),
(23, 6, 'angelim-pedra-verdadeiro', 0),
(23, 7, 'faveira-carvão', 0),
(23, 8, 'faveira-dura', 0),
(23, 9, 'faveira-grande', 0),
(23, 10, 'faveira-ferro', 0),
(24, 1, 'oiticica-amarela', 1),
(24, 2, 'catruz', 0),
(24, 3, 'gameleiro', 0),
(24, 4, 'guariúba', 0),
(24, 5, 'guariúba-amarela', 0),
(24, 6, 'janitá', 0),
(24, 7, 'oiti', 0),
(24, 8, 'oiticica', 0),
(24, 9, 'oiticica-da-mata', 0),
(24, 10, 'quariúba', 0),
(24, 11, 'tatajuba-amarela', 0),
(24, 12, 'ticica', 0),
(25, 1, 'peroba-rosa', 1),
(25, 2, 'amargoso', 0),
(25, 3, 'peroba', 0),
(25, 4, 'peroba-açu', 0),
(25, 5, 'peroba-amarela', 0),
(25, 6, 'peroba-do-sul', 0),
(25, 7, 'peroba-mirim', 0),
(25, 8, 'peroba-rajada', 0),
(26, 1, 'andiroba', 1),
(26, 2, 'aboridã', 0),
(26, 3, 'andiroba-aruba', 0),
(26, 4, 'andiroba-branca', 0),
(26, 5, 'andiroba-do-igapó', 0),
(26, 6, 'andiroba-saruda', 0),
(26, 7, 'andiroba-vermelha', 0),
(26, 8, 'andirobeira', 0),
(26, 9, 'andirova', 0),
(26, 10, 'angirova', 0),
(26, 11, 'carapa', 0),
(26, 12, 'carapinha', 0),
(26, 13, 'caropá', 0),
(26, 14, 'comaçari', 0),
(26, 15, 'iandirova', 0),
(26, 16, 'nandiroba', 0),
(26, 17, 'penaíba', 0),
(27, 1, 'angico-preto', 1),
(27, 2, 'angico', 0),
(27, 3, 'angico-bravo', 0),
(27, 4, 'angico-preto-rajado', 0),
(27, 5, 'angico-rajado', 0),
(27, 6, 'angico-vermelho', 0),
(27, 7, 'cambuí-ferro', 0),
(27, 8, 'guarapiraca', 0),
(28, 1, 'bacuri', 1),
(28, 2, 'bacori', 0),
(28, 3, 'bacuri-aço', 0),
(28, 4, 'bacuri-amarelo', 0),
(28, 5, 'bacuri-grande', 0),
(28, 6, 'bacuriba', 0),
(28, 7, 'bacuriúba', 0),
(28, 8, 'landirana', 0),
(28, 9, 'bulandim', 0),
(28, 10, 'ibacopari', 0),
(28, 11, 'ibacori', 0),
(28, 12, 'pacori', 0),
(28, 13, 'pacoru', 0),
(28, 14, 'pacuri', 0),
(28, 15, 'pacuriuva', 0),
(28, 16, 'pacuru', 0),
(29, 1, 'cedro', 1),
(29, 2, 'cedro-amargo', 0),
(29, 3, 'cedro-amargoso', 0),
(29, 4, 'cedro-batata', 0),
(29, 5, 'cedro-branco', 0),
(29, 6, 'cedro-cheiroso', 0),
(29, 7, 'cedro-do-amazonas', 0),
(29, 8, 'cedro-manso', 0),
(29, 9, 'cedro-rosa', 0),
(29, 10, 'cedro-verdadeiro', 0),
(29, 11, 'cedro-vermelho', 0),
(30, 1, 'cedrorana', 1),
(30, 2, 'cedrarana', 0),
(30, 3, 'cedroarana', 0),
(30, 4, 'cedro-branco', 0),
(30, 5, 'cedromara', 0),
(30, 6, 'cedrorama', 0),
(30, 7, 'taperibá-açu', 0),
(31, 1, 'copaíba', 1),
(31, 2, 'caobi', 0),
(31, 3, 'copai', 0),
(31, 4, 'copaíba-marimari', 0),
(31, 5, 'copaíba-clara', 0),
(31, 6, 'copaíba-preta', 0),
(31, 7, 'coapíba-vermelha', 0),
(31, 8, 'copaúva', 0),
(31, 9, 'cupaúba', 0),
(31, 10, 'óleo', 0),
(31, 11, 'óleo-amarelo', 0),
(31, 12, 'óleo-branco', 0),
(31, 13, 'óleo-copaíba', 0),
(31, 14, 'óleo-de-copaíba', 0),
(31, 15, 'pau-de-óleo', 0),
(31, 16, 'pau-d'' óleo', 0),
(32, 1, 'curupixá', 1),
(32, 2, 'abiorana-mangabinha', 0),
(32, 3, 'abiu-guajará', 0),
(32, 4, 'bacumixá', 0),
(32, 5, 'crubixá', 0),
(32, 6, 'cubixá', 0),
(32, 7, 'curubixá', 0),
(32, 8, 'gogó-de-guariba', 0),
(32, 9, 'guajará', 0),
(32, 10, 'grubixá', 0),
(32, 11, 'grumixá', 0),
(32, 12, 'grumixava', 0),
(32, 13, 'pau-de-remo', 0),
(32, 14, 'rosadinho', 0),
(32, 15, 'salgueiro', 0),
(33, 1, 'fava-orelha-de-negro', 1),
(33, 2, 'cambuí-sucupira', 0),
(33, 3, 'fava-bolota', 0),
(33, 4, 'fava-de-rosca', 0),
(33, 5, 'fava-orelha-de-macaco', 0),
(33, 6, 'fava-uingue', 0),
(33, 7, 'fava-wing', 0),
(33, 8, 'faveira-de-rosca', 0),
(33, 9, 'faveira-dura', 0),
(33, 10, 'faveira-grande', 0),
(33, 11, 'faveca', 0),
(33, 12, 'favela', 0),
(33, 13, 'orelha-de-gato', 0),
(33, 14, 'orelha-de-macaco', 0),
(33, 15, 'paricarana', 0),
(33, 16, 'timbaúba', 0),
(33, 17, 'timbó-da-mata', 0),
(33, 18, 'timborana', 0),
(34, 1, 'freijó', 1),
(34, 2, 'frei-jorge', 0),
(34, 3, 'freijó-branco', 0),
(34, 4, 'freijó-preto', 0),
(34, 5, 'freijó-rajado', 0),
(34, 6, 'freijó-verdadeiro', 0),
(34, 7, 'louro-freijó', 0),
(35, 1, 'garapa', 1),
(35, 2, 'muirajuba', 0),
(35, 3, 'barajuba', 0),
(35, 4, 'muiratuá', 0),
(35, 5, 'amarelinho', 0),
(35, 6, 'garapeira', 0),
(35, 7, 'gema-de-ovo', 0),
(35, 8, 'grápia', 0),
(35, 9, 'grapiapúnha', 0),
(35, 10, 'jataí-amarelo', 0),
(36, 1, 'goiabão', 1),
(36, 2, 'abiu-casca-grossa', 0),
(36, 3, 'abiurana', 0),
(36, 4, 'abiurana-amarela', 0),
(36, 5, 'abiurana-goiaba', 0),
(37, 1, 'imbuia', 1),
(37, 2, 'canela-imbuia', 0),
(37, 3, 'embuia', 0),
(37, 4, 'imbuia-amarela', 0),
(37, 5, 'imbuia-brazina', 0),
(37, 6, 'imbuia-clara', 0),
(37, 7, 'imbuia-parda', 0),
(37, 8, 'imbuia-rajada', 0),
(38, 1, 'ipê', 1),
(38, 2, 'ipê-amarelo', 0),
(38, 3, 'ipê-do-cerrado', 0),
(38, 4, 'ipê-pardo', 0),
(38, 5, 'ipê-preto', 0),
(38, 6, 'ipê-roxo', 0),
(38, 7, 'ipê-una', 0),
(38, 8, 'ipê-tabaco', 0),
(38, 9, 'ipeúva', 0),
(38, 10, 'pau-d''arco', 0),
(38, 11, 'pau-d''arco-amarelo', 0),
(38, 12, 'peúva', 0),
(38, 13, 'piúna', 0),
(38, 14, 'piúna-amarela', 0),
(38, 15, 'piúna-roxa', 0),
(38, 16, 'piúva', 0),
(38, 17, 'piúva-do-serrado', 0),
(39, 1, 'itaúba', 1),
(39, 2, 'itaúba-abacate', 0),
(39, 3, 'itaúba-amarela', 0),
(39, 4, 'itaúba-grande', 0),
(39, 5, 'itaúba-preta', 0),
(39, 6, 'itaúba-verdadeira', 0),
(39, 7, 'itaúba-vermelha', 0),
(39, 8, 'louro-itaúba', 0),
(40, 1, 'jacareúba', 1),
(40, 2, 'cachincamo', 0),
(40, 3, 'cedro-do-pantano', 0),
(40, 4, 'cedro-mangue', 0),
(40, 5, 'guanandi', 0),
(40, 6, 'guanandi-carvalho', 0),
(40, 7, 'guanandi-cedro', 0),
(40, 8, 'guanandi-piolho', 0),
(40, 9, 'guanandi-rosa', 0),
(40, 10, 'landi', 0),
(40, 11, 'landim', 0),
(40, 12, 'mangue', 0),
(40, 13, 'oladim', 0),
(41, 1, 'louro-vermelho', 1),
(41, 2, 'canela-vermelha', 0),
(41, 3, 'gamela', 0),
(41, 4, 'louro', 0),
(41, 5, 'louro-canela', 0),
(41, 6, 'louro-gamela', 0),
(41, 7, 'louro-mogno', 0),
(41, 8, 'louro-rosa', 0),
(42, 1, 'macacaúba', 1),
(42, 2, 'jacarandá-do-brejo', 0),
(42, 3, 'jacarandá-piranga', 0),
(42, 4, 'jandiá', 0),
(42, 5, 'macacaúba-preta', 0),
(42, 6, 'macacaúba-vermelha', 0),
(43, 1, 'marupá', 1),
(43, 2, 'caixeta', 0),
(43, 3, 'caxeta', 0),
(43, 4, 'marupaúba', 0),
(43, 5, 'paraparaíba', 0),
(43, 6, 'pararaúba', 0),
(43, 7, 'parariúba', 0),
(43, 8, 'pau-paraíba', 0),
(43, 9, 'simaruba', 0),
(43, 10, 'tamanqueira', 0),
(44, 1, 'mogno', 1),
(44, 2, 'acaju', 0),
(44, 3, 'aguano', 0),
(44, 4, 'araputanga', 0),
(44, 5, 'cedro-aguano', 0),
(44, 6, 'cedro-mogno', 0),
(44, 7, 'mara', 0),
(44, 8, 'mara-vermelho', 0),
(44, 9, 'mogno-aroeira', 0),
(44, 10, 'mogno-branco', 0),
(44, 11, 'mogno-brasileiro', 0),
(44, 12, 'mogno-cinza', 0),
(44, 13, 'mogno-claro', 0),
(44, 14, 'mogno-escuro', 0),
(44, 16, 'mogno-rosa', 0),
(44, 17, 'mogno-róseo', 0),
(44, 18, 'mogno-vermelho', 0),
(44, 19, 'mogno-peludo', 0),
(45, 1, 'muiracatiara', 1),
(45, 2, 'aderno-preto', 0),
(45, 3, 'aroeira', 0),
(45, 4, 'aroeirão', 0),
(45, 5, 'baracatiara', 0),
(45, 6, 'gonçaleiro', 0),
(45, 7, 'gonçalo-alves', 0),
(45, 8, 'maracatiara', 0),
(45, 9, 'maracatiara-branca', 0),
(45, 10, 'maracatiara-vermelha', 0),
(45, 11, 'muiracatiara-rajada', 0),
(45, 12, 'muiraquatiara', 0),
(45, 13, 'sanguessugueira', 0),
(46, 1, 'muirapiranga', 1),
(46, 2, 'conduru', 0),
(46, 3, 'conduru-de-sangue', 0),
(46, 4, 'conduru-vermelho', 0),
(46, 5, 'falso-pau-brasil', 0),
(46, 6, 'pau-brasil', 0),
(46, 7, 'pau-rainha', 0),
(46, 8, 'pau-vermelho', 0),
(47, 1, 'parapará', 1),
(47, 2, 'caixeta', 0),
(47, 3, 'caroba', 0),
(47, 4, 'caroba-do-mato', 0),
(47, 5, 'caropa-manacá', 0),
(47, 6, 'carova', 0),
(47, 7, 'marupá-falso', 0),
(48, 1, 'pau-amarelo', 1),
(48, 2, 'amarelão', 0),
(48, 3, 'amarelinho', 0),
(48, 4, 'amarelo', 0),
(48, 5, 'amarelo-cetim', 0),
(48, 6, 'cetim', 0),
(48, 7, 'limãorana', 0),
(48, 8, 'muiratana', 0),
(48, 9, 'pau-cetim', 0),
(48, 10, 'piquiá-cetim', 0),
(49, 1, 'pau-roxo', 1),
(49, 2, 'amarante', 0),
(49, 3, 'coataquiçaua', 0),
(49, 4, 'pau-roxo-da-terra-firme', 0),
(49, 5, 'pau-roxo-da-várzea', 0),
(49, 6, 'roxinho', 0),
(49, 7, 'roxinho-pororoca', 0),
(49, 8, 'violeta', 0),
(50, 1, 'tatajuba', 1),
(50, 2, 'amaparirana', 0),
(50, 3, 'amarelo', 0),
(50, 4, 'amarelão', 0),
(50, 5, 'bagaceira', 0),
(50, 6, 'cachaceiro', 0),
(50, 7, 'garrote', 0),
(51, 1, 'angelim-amargoso', 1),
(51, 2, 'amargoso', 0),
(51, 3, 'angelim', 0),
(51, 4, 'fava', 0),
(51, 5, 'fava-amarela', 0),
(51, 6, 'fava-amargosa', 0),
(51, 7, 'faveira', 0),
(51, 8, 'faveira-amarela', 0),
(51, 9, 'faveira-bolacha', 0),
(51, 10, 'faveira-de-impigem', 0),
(51, 11, 'faveira-grande-do-igapó', 0),
(52, 1, 'angico-vermelho', 1),
(52, 2, 'angico-amarelo', 0),
(52, 3, 'angico-cedro', 0),
(52, 4, 'angico-do-banhado', 0),
(52, 5, 'angico-do-curtume', 0),
(52, 6, 'angico-dos-montes', 0),
(52, 7, 'angico-rosa', 0),
(52, 8, 'curupaí', 0),
(53, 1, 'araracanga', 1),
(53, 2, 'araraúba', 0),
(53, 3, 'araraúba-da-terra-firme', 0),
(53, 4, 'pau-de-arara', 0),
(53, 5, 'pequiá-marfim', 0),
(54, 1, 'bracatinga', 1),
(54, 2, 'abracatinga', 0),
(54, 3, 'amendola', 0),
(54, 4, 'aracatinga', 0),
(55, 1, 'cabriúva-parda', 1),
(55, 2, 'bálsamo', 0),
(55, 3, 'cabreúva', 0),
(55, 4, 'cabreúva-amarela', 0),
(55, 5, 'cabriúva', 0),
(55, 6, 'óleo-de-bálsamo', 0),
(55, 7, 'óleo-pardo', 0),
(56, 1, 'cajuaçu', 1),
(56, 2, 'caju', 0),
(56, 3, 'caju-açu', 0),
(56, 4, 'caju-da-mata', 0),
(56, 5, 'cajueiro', 0),
(57, 1, 'caraipé', 1),
(57, 2, 'anuerá', 0),
(57, 3, 'caraiperana', 0),
(57, 4, 'caripé', 0),
(57, 5, 'macucu', 0),
(57, 6, 'pintadinho', 0),
(58, 2, 'amburana', 0),
(58, 1, 'cerejeira', 1),
(58, 3, 'amburana-de-cheiro', 0),
(58, 4, 'cerejeira-rajada', 0),
(58, 5, 'cumaré', 0),
(58, 6, 'cumaru-de-cheiro', 0),
(58, 7, 'emburana', 0),
(58, 8, 'imburana', 0),
(58, 9, 'imburanda-de-cheiro', 0),
(58, 10, 'louro-ingá', 0),
(58, 11, 'umburana', 0),
(59, 1, 'cinamomo', 1),
(59, 2, 'santa-bárbara', 0),
(59, 3, 'árvore-santa', 0),
(60, 1, 'eucalipto-saligna', 1),
(60, 2, 'eucalipto', 0),
(60, 3, 'saligna', 0),
(61, 1, 'piquiarana', 1),
(62, 1, 'faveira', 1),
(62, 2, 'bajão', 0),
(62, 3, 'bandarra', 0),
(62, 4, 'camurim', 0),
(62, 5, 'fava-arara-tucupi', 0),
(62, 6, 'favão', 0),
(62, 7, 'faveira-branca', 0),
(62, 8, 'faveira-vermelha', 0),
(62, 9, 'faveiro', 0),
(62, 10, 'faveirão', 0),
(62, 11, 'paricá', 0),
(62, 12, 'paricarana', 0),
(62, 13, 'visgueiro', 0),
(63, 1, 'figueira', 1),
(63, 2, 'apuí-açu', 0),
(63, 3, 'caxinguba', 0),
(63, 4, 'coajinguba', 0),
(63, 5, 'coaxinguba', 0),
(63, 6, 'figueira-do-brejo', 0),
(63, 7, 'figueira-do-mato', 0),
(63, 8, 'figueria-vermelha', 0),
(63, 9, 'gameleira', 0),
(63, 10, 'gameleira-branca', 0),
(63, 11, 'lombrigueira', 0),
(63, 12, 'mata-pau', 0),
(64, 1, 'grevílea', 1),
(64, 2, 'grevilha', 0),
(65, 1, 'guarucaia', 1),
(65, 2, 'amendoim-falso', 0),
(65, 3, 'angico-bravo', 0),
(65, 4, 'canafístula', 0),
(65, 5, 'ibirapiutá', 0),
(65, 6, 'tamboril-bravo', 0),
(66, 1, 'vinhático', 1),
(66, 2, 'acende-candeia', 0),
(66, 3, 'amarelinho', 0),
(66, 4, 'amarelo', 0),
(66, 5, 'candeia', 0),
(66, 6, 'oiteiro', 0),
(66, 7, 'paricazinho', 0),
(66, 8, 'pau-candeia', 0),
(66, 9, 'pau-de-candeia', 0),
(66, 10, 'vinhático-do-campo', 0),
(67, 1, 'jarana', 1),
(67, 2, 'inhaíba', 0),
(67, 3, 'inahíba-do-rego', 0),
(67, 4, 'inhaíba-vermelha', 0),
(68, 1, 'louro-pardo', 1),
(68, 2, 'louro-amarelo', 0),
(68, 3, 'louro-do-sul', 0),
(68, 4, 'louro-batata', 0),
(68, 5, 'louro-mutamba', 0),
(69, 1, 'melancieira', 1),
(69, 2, 'sucupira-pepino', 0),
(70, 1, 'pau-marfim', 1),
(70, 2, 'farinha-seca', 0),
(70, 3, 'guatambu', 0),
(70, 4, 'marfim', 0),
(70, 5, 'pau-liso', 0),
(71, 1, 'peroba-de-campos', 1),
(71, 2, 'ipê-peroba', 0),
(71, 3, 'ipê-claro', 0),
(71, 4, 'ipê-rajado', 0),
(71, 5, 'peroba-branca', 0),
(71, 6, 'perobinha', 0),
(72, 1, 'piquiá', 1),
(72, 2, 'pequiá', 0),
(72, 3, 'pequi', 0),
(72, 4, 'pequi-roxo', 0),
(72, 5, 'piqui', 0),
(72, 6, 'piqui-rosa', 0),
(72, 7, 'piquiá-bravo', 0),
(72, 8, 'piquiá-verdadeiro', 0),
(73, 1, 'sapucaia', 1),
(73, 2, 'castanha-sapucaia', 0),
(73, 3, 'sapucaia-vermelha', 0),
(74, 1, 'sumaúma', 1),
(74, 2, 'ceiba', 0),
(74, 3, 'paineira', 0),
(74, 4, 'samaúma', 0),
(74, 5, 'samaúma-cabeluda', 0),
(74, 6, 'samaúma-lisa', 0),
(74, 7, 'samaúma-barriguda', 0),
(74, 8, 'sumaúma-branca', 0),
(74, 9, 'sumaúma-da-várzea', 0),
(74, 10, 'sumaúma-rosada', 0),
(75, 1, 'tamboril', 1),
(75, 2, 'cassipá', 0),
(75, 3, 'chimbó', 0),
(75, 4, 'fava-orelha-de-negro', 0),
(75, 5, 'fava-tamboril', 0),
(75, 6, 'faveira-grande', 0),
(75, 7, 'monjolo', 0),
(75, 8, 'tambori', 0),
(75, 9, 'timbaúba', 0),
(75, 10, 'timboriúva', 0),
(75, 11, 'timburi', 0),
(76, 1, 'tanibuca', 1),
(77, 1, 'taxi', 1),
(77, 2, 'taxi-preto', 0),
(77, 3, 'tachizeiro', 0),
(78, 1, 'teca', 1),
(79, 1, 'timborana', 1),
(79, 2, 'angico', 0),
(79, 3, 'angico-vermelho', 0),
(79, 4, 'fava-de-folha-miúda', 0),
(79, 5, 'faveira-folha-fina', 0),
(79, 6, 'paricá-grande-da-terra-firme', 0),
(79, 7, 'timbaúba', 0),
(80, 1, 'uxi', 1),
(80, 2, 'axuá', 0),
(80, 3, 'cumatê', 0),
(80, 4, 'paruru', 0),
(80, 5, 'uxi-liso', 0),
(61, 2, 'pequiarana-da-terra', 0),
(61, 3, 'pequiarana-vermelha', 0),
(76, 2, 'cuiarana', 0),
(76, 3, 'mirindiba', 0),
(76, 4, 'timboritá', 0),
(76, 5, 'jataí-amarelo', 0),
(76, 6, 'guarajuba', 0);

INSERT INTO `Madeira_Ocorrencia` (`Cod_Madeira`, `Cod_Ocorrencia`) VALUES
(1, 1),
(1, 2),
(1, 3),
(1, 4),
(1, 5),
(1, 17),
(1, 27),
(1, 30),
(1, 58),
(1, 78),
(1, 93),
(1, 117),
(1, 118),
(1, 182),
(1, 211),
(2, 1),
(2, 2),
(2, 3),
(2, 4),
(2, 5),
(2, 17),
(2, 27),
(2, 78),
(2, 93),
(2, 117),
(2, 118),
(2, 182),
(2, 211),
(3, 1),
(3, 2),
(3, 3),
(3, 4),
(3, 5),
(3, 8),
(3, 17),
(3, 27),
(3, 117),
(3, 118),
(3, 211),
(4, 1),
(4, 2),
(4, 3),
(4, 4),
(4, 5),
(4, 8),
(4, 14),
(4, 17),
(4, 21),
(4, 22),
(4, 24),
(4, 25),
(4, 30),
(4, 78),
(4, 117),
(4, 182),
(4, 211),
(5, 1),
(5, 2),
(5, 3),
(5, 4),
(5, 5),
(5, 17),
(5, 27),
(5, 93),
(5, 117),
(5, 118),
(5, 211),
(5, 228),
(6, 1),
(6, 2),
(6, 3),
(6, 5),
(6, 8),
(6, 14),
(6, 17),
(6, 20),
(6, 21),
(6, 24),
(6, 27),
(6, 28),
(6, 78),
(6, 117),
(6, 118),
(6, 182),
(6, 211),
(6, 228),
(7, 2),
(7, 4),
(7, 18),
(7, 20),
(7, 21),
(7, 22),
(7, 23),
(7, 24),
(7, 25),
(7, 26),
(7, 99),
(8, 1),
(8, 2),
(8, 3),
(8, 4),
(8, 5),
(8, 17),
(8, 27),
(8, 117),
(8, 118),
(8, 211),
(9, 1),
(9, 2),
(9, 3),
(9, 4),
(9, 5),
(9, 17),
(9, 27),
(9, 117),
(9, 118),
(9, 211),
(9, 228),
(10, 1),
(10, 2),
(10, 3),
(10, 4),
(10, 5),
(10, 17),
(10, 27),
(10, 30),
(10, 58),
(10, 78),
(10, 117),
(10, 118),
(10, 182),
(10, 211),
(10, 228),
(11, 1),
(11, 2),
(11, 3),
(11, 4),
(11, 5),
(11, 17),
(11, 27),
(11, 78),
(11, 117),
(11, 118),
(11, 182),
(11, 211),
(11, 228),
(12, 4),
(12, 8),
(12, 12),
(12, 14),
(12, 18),
(12, 20),
(12, 21),
(12, 23),
(12, 24),
(12, 25),
(12, 26),
(12, 37),
(12, 47),
(12, 75),
(12, 130),
(12, 155),
(12, 185),
(12, 186),
(12, 193),
(12, 213),
(12, 214),
(12, 232),
(13, 2),
(13, 4),
(13, 8),
(13, 14),
(13, 18),
(13, 19),
(13, 20),
(13, 21),
(13, 23),
(13, 24),
(13, 25),
(13, 26),
(13, 37),
(13, 79),
(13, 155),
(13, 174),
(13, 176),
(13, 186),
(13, 230),
(13, 232),
(14, 1),
(14, 2),
(14, 3),
(14, 4),
(14, 5),
(14, 14),
(14, 17),
(14, 18),
(14, 20),
(14, 21),
(14, 23),
(14, 24),
(14, 26),
(14, 27),
(14, 28),
(14, 30),
(14, 45),
(14, 58),
(14, 78),
(14, 117),
(14, 118),
(14, 181),
(14, 182),
(14, 211),
(15, 1),
(15, 3),
(15, 4),
(15, 5),
(15, 17),
(15, 27),
(15, 117),
(15, 118),
(15, 211),
(17, 1),
(17, 2),
(17, 3),
(17, 4),
(17, 5),
(17, 8),
(17, 14),
(17, 17),
(17, 21),
(17, 22),
(17, 23),
(17, 27),
(17, 28),
(17, 30),
(17, 58),
(17, 78),
(17, 93),
(17, 117),
(17, 118),
(17, 182),
(17, 211),
(18, 20),
(18, 23),
(18, 24),
(18, 25),
(18, 26),
(18, 28),
(19, 3),
(19, 4),
(19, 5),
(19, 14),
(19, 17),
(19, 19),
(19, 20),
(19, 23),
(19, 24),
(19, 27),
(19, 28),
(19, 58),
(19, 117),
(19, 182),
(20, 5),
(20, 8),
(20, 17),
(20, 18),
(20, 20),
(20, 23),
(20, 24),
(20, 30),
(20, 45),
(20, 78),
(20, 93),
(20, 162),
(20, 181),
(20, 182),
(20, 228),
(21, 3),
(21, 4),
(21, 5),
(21, 27),
(21, 58),
(21, 117),
(21, 182),
(22, 1),
(22, 2),
(22, 3),
(22, 4),
(22, 5),
(22, 17),
(22, 18),
(22, 19),
(22, 20),
(22, 23),
(22, 24),
(22, 27),
(22, 28),
(22, 30),
(22, 45),
(22, 58),
(22, 78),
(22, 93),
(22, 162),
(22, 181),
(22, 182),
(22, 228),
(23, 1),
(23, 2),
(23, 3),
(23, 4),
(23, 5),
(23, 27),
(23, 117),
(23, 118),
(23, 211),
(24, 1),
(24, 2),
(24, 3),
(24, 4),
(24, 5),
(24, 14),
(24, 17),
(24, 20),
(24, 21),
(24, 27),
(24, 28),
(24, 58),
(24, 78),
(24, 93),
(24, 182),
(25, 5),
(25, 14),
(25, 17),
(25, 18),
(25, 19),
(25, 20),
(25, 21),
(25, 23),
(25, 24),
(25, 25),
(25, 28),
(25, 45),
(25, 181),
(26, 1),
(26, 2),
(26, 3),
(26, 4),
(26, 5),
(26, 17),
(26, 27),
(26, 30),
(26, 78),
(26, 117),
(26, 118),
(26, 182),
(26, 211),
(26, 228),
(27, 8),
(27, 10),
(27, 18),
(27, 23),
(27, 24),
(27, 45),
(27, 181),
(28, 3),
(28, 4),
(28, 8),
(28, 10),
(28, 12),
(28, 14),
(28, 27),
(28, 28),
(28, 78),
(28, 93),
(28, 117),
(28, 118),
(28, 211),
(29, 1),
(29, 2),
(29, 3),
(29, 4),
(29, 5),
(29, 14),
(29, 17),
(29, 20),
(29, 21),
(29, 23),
(29, 25),
(29, 27),
(29, 30),
(29, 45),
(29, 58),
(29, 93),
(29, 117),
(29, 118),
(29, 181),
(29, 182),
(29, 211),
(30, 3),
(30, 4),
(30, 5),
(30, 17),
(30, 27),
(30, 58),
(30, 78),
(30, 93),
(30, 117),
(30, 118),
(30, 182),
(30, 211),
(31, 1),
(31, 2),
(31, 3),
(31, 4),
(31, 5),
(31, 14),
(31, 17),
(31, 18),
(31, 20),
(31, 21),
(31, 23),
(31, 24),
(31, 27),
(31, 28),
(31, 30),
(31, 58),
(31, 78),
(31, 117),
(31, 118),
(31, 181),
(31, 182),
(31, 211),
(31, 228),
(32, 3),
(32, 4),
(32, 5),
(32, 8),
(32, 27),
(33, 1),
(33, 2),
(33, 3),
(33, 4),
(33, 14),
(33, 17),
(33, 21),
(33, 27),
(33, 30),
(33, 58),
(33, 117),
(33, 118),
(33, 182),
(33, 211),
(34, 1),
(34, 2),
(34, 3),
(34, 4),
(34, 5),
(34, 17),
(34, 27),
(35, 1),
(35, 2),
(35, 3),
(35, 4),
(35, 5),
(35, 14),
(35, 17),
(35, 18),
(35, 20),
(35, 21),
(35, 23),
(35, 24),
(35, 26),
(35, 27),
(35, 28),
(35, 45),
(35, 181),
(35, 224),
(36, 1),
(36, 2),
(36, 3),
(36, 4),
(36, 5),
(36, 17),
(36, 27),
(36, 58),
(37, 24),
(37, 25),
(37, 26),
(38, 1),
(38, 2),
(38, 3),
(38, 4),
(38, 5),
(38, 14),
(38, 17),
(38, 18),
(38, 20),
(38, 21),
(38, 23),
(38, 24),
(38, 26),
(38, 27),
(38, 28),
(38, 30),
(38, 45),
(38, 58),
(38, 78),
(38, 117),
(38, 118),
(38, 181),
(38, 182),
(38, 211),
(39, 1),
(39, 2),
(39, 3),
(39, 4),
(39, 5),
(39, 17),
(39, 27),
(39, 117),
(39, 118),
(39, 211),
(40, 1),
(40, 2),
(40, 3),
(40, 4),
(40, 5),
(40, 14),
(40, 17),
(40, 18),
(40, 20),
(40, 21),
(40, 23),
(40, 24),
(40, 26),
(40, 27),
(40, 28),
(40, 30),
(40, 58),
(40, 78),
(40, 93),
(40, 117),
(40, 118),
(40, 182),
(40, 211),
(40, 228),
(41, 2),
(41, 3),
(41, 4),
(41, 5),
(41, 27),
(41, 117),
(41, 118),
(41, 211),
(42, 1),
(42, 2),
(42, 3),
(42, 4),
(42, 8),
(42, 27),
(42, 93),
(42, 117),
(42, 118),
(42, 211),
(43, 1),
(43, 2),
(43, 4),
(43, 5),
(43, 17),
(43, 27),
(43, 30),
(43, 58),
(43, 78),
(43, 93),
(43, 117),
(43, 118),
(43, 182),
(43, 211),
(43, 228),
(44, 1),
(44, 3),
(44, 4),
(44, 5),
(44, 17),
(44, 27),
(44, 30),
(44, 58),
(44, 78),
(44, 182),
(45, 1),
(45, 2),
(45, 4),
(45, 5),
(45, 8),
(45, 17),
(45, 27),
(46, 2),
(46, 3),
(46, 4),
(46, 5),
(46, 17),
(46, 27),
(46, 117),
(46, 118),
(46, 178),
(46, 182),
(46, 211),
(46, 228),
(47, 1),
(47, 2),
(47, 3),
(47, 4),
(47, 5),
(47, 17),
(47, 27),
(47, 58),
(47, 78),
(47, 93),
(47, 117),
(47, 118),
(47, 182),
(47, 211),
(48, 3),
(48, 4),
(48, 5),
(48, 27),
(49, 1),
(49, 2),
(49, 3),
(49, 4),
(49, 5),
(49, 8),
(49, 14),
(49, 17),
(49, 20),
(49, 21),
(49, 27),
(49, 28),
(49, 58),
(49, 78),
(49, 117),
(49, 118),
(49, 211),
(50, 1),
(50, 3),
(50, 4),
(50, 5),
(50, 8),
(50, 17),
(50, 27),
(50, 117),
(50, 118),
(50, 211),
(51, 1),
(51, 2),
(51, 3),
(51, 4),
(51, 5),
(51, 6),
(51, 17),
(51, 55),
(51, 116),
(51, 117),
(51, 124),
(51, 162),
(51, 178),
(51, 211),
(52, 18),
(52, 23),
(52, 24),
(52, 25),
(52, 26),
(52, 45),
(52, 181),
(52, 224),
(53, 3),
(53, 4),
(53, 118),
(53, 211),
(54, 24),
(54, 25),
(55, 14),
(55, 18),
(55, 21),
(55, 22),
(55, 24),
(55, 25),
(55, 45),
(55, 181),
(56, 1),
(56, 2),
(56, 3),
(56, 4),
(56, 5),
(56, 6),
(56, 17),
(56, 27),
(56, 78),
(56, 84),
(56, 93),
(56, 117),
(56, 118),
(56, 122),
(56, 178),
(56, 211),
(56, 228),
(57, 1),
(57, 2),
(57, 3),
(57, 4),
(57, 5),
(57, 6),
(57, 17),
(57, 27),
(57, 117),
(57, 118),
(57, 211),
(58, 1),
(58, 3),
(58, 4),
(58, 5),
(58, 9),
(58, 12),
(58, 14),
(58, 17),
(58, 19),
(58, 20),
(58, 21),
(58, 45),
(59, 23),
(59, 24),
(59, 25),
(59, 26),
(59, 33),
(59, 35),
(60, 14),
(60, 17),
(60, 18),
(60, 19),
(60, 20),
(60, 23),
(60, 24),
(60, 25),
(60, 26),
(60, 37),
(60, 74),
(60, 79),
(60, 155),
(60, 174),
(60, 176),
(60, 186),
(60, 230),
(61, 2),
(61, 3),
(61, 4),
(61, 5),
(61, 8),
(61, 58),
(61, 78),
(61, 117),
(61, 118),
(61, 182),
(61, 211),
(62, 1),
(62, 2),
(62, 3),
(62, 4),
(62, 5),
(62, 6),
(62, 17),
(62, 27),
(63, 234),
(63, 235),
(63, 236),
(63, 237),
(63, 238),
(64, 23),
(64, 24),
(64, 25),
(64, 26),
(64, 29),
(64, 33),
(64, 35),
(64, 47),
(64, 99),
(64, 135),
(64, 153),
(64, 176),
(65, 18),
(65, 23),
(65, 24),
(65, 25),
(65, 26),
(65, 45),
(65, 181),
(65, 224),
(66, 12),
(66, 13),
(66, 14),
(66, 19),
(66, 20),
(66, 21),
(67, 4),
(67, 14),
(67, 17),
(67, 21),
(68, 14),
(68, 21),
(68, 23),
(68, 24),
(68, 25),
(68, 26),
(68, 45),
(68, 181),
(69, 3),
(69, 4),
(69, 5),
(69, 17),
(70, 18),
(70, 23),
(70, 24),
(70, 25),
(70, 26),
(70, 45),
(70, 181),
(71, 14),
(71, 20),
(71, 21),
(71, 22),
(72, 2),
(72, 3),
(72, 4),
(72, 5),
(72, 6),
(72, 8),
(72, 17),
(72, 117),
(72, 118),
(72, 211),
(73, 3),
(73, 4),
(73, 14),
(73, 20),
(73, 21),
(73, 78),
(73, 117),
(73, 182),
(73, 211),
(74, 1),
(74, 2),
(74, 3),
(74, 4),
(74, 17),
(74, 29),
(74, 30),
(74, 78),
(74, 93),
(74, 99),
(74, 118),
(74, 211),
(74, 228),
(75, 1),
(75, 3),
(75, 4),
(75, 5),
(75, 17),
(76, 3),
(76, 4),
(76, 17),
(76, 27),
(76, 58),
(77, 2),
(77, 4),
(77, 17),
(78, 4),
(78, 17),
(78, 69),
(78, 129),
(78, 143),
(78, 163),
(78, 213),
(78, 229),
(78, 242),
(79, 2),
(79, 3),
(79, 4),
(80, 1),
(80, 2),
(80, 3),
(80, 4),
(80, 5),
(80, 6),
(80, 8),
(80, 17);